customer_id,product_category,product,type,price,num_clicks,added_to_cart,purchased,timestamp
CUST0655,Electronics,Mobile,iOS,599.34,3,No,No,2025-02-06 06:50:28.306712
CUST0229,Clothing,Jacket,Leather,472.35,3,Yes,No,2025-04-10 03:07:51.306712
CUST0559,Electronics,Headphones,Wired,406.11,1,No,No,2025-01-16 14:15:39.306712
CUST0031,Electronics,Mobile,Android,608.51,3,No,No,2025-03-03 13:45:54.306712
CUST0617,Electronics,Headphones,Wireless,318.4,3,No,No,2025-03-24 00:38:54.306712
CUST0666,Toys,Doll,Barbie,217.54,0,No,No,2025-02-26 02:56:05.306712
CUST0604,Home,Chair,Office,379.95,2,No,No,2025-03-22 06:59:04.306712
CUST0433,Home,Lamp,LED,689.49,1,Yes,No,2025-02-03 09:55:09.306712
CUST0981,Home,Chair,Office,664.51,3,Yes,Yes,2025-02-17 08:41:04.306712
CUST0868,Home,Table,Study,255.83,5,No,No,2025-04-01 20:56:49.306712
CUST0045,Books,Textbook,Math,476.87,3,No,No,2025-04-13 01:18:21.306712
CUST0388,Electronics,Headphones,Wired,439.78,3,Yes,No,2025-03-14 13:27:26.306712
CUST0907,Home,Table,Coffee,364.62,0,Yes,No,2025-03-22 21:58:23.306712
CUST0072,Electronics,Headphones,Wireless,622.34,3,No,No,2025-03-29 13:34:54.306712
CUST0297,Electronics,Mobile,Android,198.37,1,No,No,2025-02-19 09:57:36.306712
CUST0285,Books,Textbook,Science,719.93,4,Yes,Yes,2025-02-17 00:02:33.306712
CUST0215,Home,Table,Coffee,572.28,4,No,No,2025-03-13 15:34:48.306712
CUST0651,Clothing,Jacket,Leather,807.61,0,No,No,2025-01-29 08:57:26.306712
CUST0474,Books,Biography,Historical,518.35,4,No,No,2025-03-20 23:28:07.306712
CUST0333,Electronics,Mobile,Android,102.49,1,Yes,No,2025-04-01 16:05:40.306712
CUST0324,Books,Biography,Historical,600.29,6,No,No,2025-02-02 23:49:39.306712
CUST0936,Toys,Car,Remote Control,731.64,1,No,No,2025-02-03 03:39:27.306712
CUST0672,Books,Biography,Celebrity,559.22,0,No,No,2025-01-27 09:07:00.306712
CUST0272,Clothing,T-Shirt,V-Neck,552.21,2,No,No,2025-03-27 00:52:13.306712
CUST0599,Books,Textbook,Science,467.74,5,No,No,2025-02-17 15:42:53.306712
CUST0225,Clothing,Jacket,Denim,580.81,2,No,No,2025-01-22 08:02:10.306712
CUST0774,Electronics,Mobile,Android,368.16,3,No,No,2025-03-15 10:15:25.306712
CUST0164,Books,Textbook,Math,500.79,4,Yes,Yes,2025-03-12 08:43:21.306712
CUST0480,Toys,Doll,Barbie,780.56,2,Yes,No,2025-03-20 13:22:37.306712
CUST0739,Electronics,Headphones,Wired,219.63,2,No,No,2025-03-29 03:10:00.306712
CUST0657,Home,Chair,Dining,189.87,3,Yes,Yes,2025-02-26 13:27:17.306712
CUST0004,Home,Table,Coffee,513.71,1,No,No,2025-03-03 19:11:09.306712
CUST0935,Electronics,Headphones,Wired,662.7,4,Yes,No,2025-03-03 19:08:31.306712
CUST0624,Clothing,T-Shirt,V-Neck,253.83,4,Yes,No,2025-03-06 21:02:46.306712
CUST0977,Toys,Puzzle,3D,550.1,2,Yes,No,2025-03-01 22:44:08.306712
CUST0020,Electronics,Laptop,Ultrabook,569.29,1,No,No,2025-02-05 18:09:58.306712
CUST0060,Clothing,Jacket,Leather,534.97,4,No,No,2025-01-21 19:47:20.306712
CUST0750,Books,Novel,Fiction,256.63,5,No,No,2025-01-25 23:22:32.306712
CUST0676,Books,Textbook,Math,322.1,6,No,No,2025-02-08 05:49:43.306712
CUST0541,Toys,Doll,Barbie,336.84,2,No,No,2025-03-06 20:51:10.306712
CUST0774,Clothing,Jacket,Denim,285.82,4,Yes,Yes,2025-03-19 17:20:45.306712
CUST0666,Home,Lamp,Halogen,596.49,5,Yes,Yes,2025-02-04 07:47:04.306712
CUST0066,Home,Chair,Office,314.79,4,No,No,2025-03-11 15:22:00.306712
CUST0226,Electronics,Mobile,Android,397.41,4,No,No,2025-02-04 17:40:29.306712
CUST0070,Electronics,Laptop,Gaming,308.2,6,Yes,No,2025-02-09 13:06:03.306712
CUST0686,Books,Novel,Fiction,776.4,5,No,No,2025-03-24 17:44:08.306712
CUST0958,Toys,Car,Remote Control,402.93,3,No,No,2025-02-06 02:25:35.306712
CUST0804,Books,Biography,Historical,516.37,0,Yes,No,2025-01-22 15:59:49.306712
CUST0100,Books,Biography,Celebrity,321.38,4,No,No,2025-02-22 10:08:22.306712
CUST0479,Electronics,Headphones,Wireless,433.04,6,Yes,Yes,2025-03-25 05:03:45.306712
CUST0348,Electronics,Mobile,Android,411.1,1,Yes,No,2025-01-31 23:25:14.306712
CUST0550,Books,Novel,Mystery,166.17,3,No,No,2025-01-31 07:45:36.306712
CUST0286,Books,Novel,Fiction,563.55,6,No,No,2025-02-25 12:46:17.306712
CUST0828,Toys,Puzzle,Jigsaw,177.55,3,No,No,2025-03-17 19:48:34.306712
CUST0554,Electronics,Mobile,Android,588.76,1,No,No,2025-01-29 15:44:05.306712
CUST0417,Books,Biography,Historical,654.93,2,No,No,2025-04-07 10:59:00.306712
CUST0411,Electronics,Mobile,iOS,808.61,0,No,No,2025-01-13 17:13:27.306712
CUST0400,Home,Lamp,Halogen,764.65,4,No,No,2025-02-23 13:52:50.306712
CUST0714,Toys,Car,Remote Control,459.51,5,No,No,2025-01-28 12:54:16.306712
CUST0195,Home,Chair,Office,512.18,5,No,No,2025-03-10 17:47:23.306712
CUST0754,Toys,Puzzle,3D,402.71,2,Yes,No,2025-01-19 01:24:24.306712
CUST0052,Toys,Doll,Barbie,541.52,1,No,No,2025-01-19 00:44:27.306712
CUST0984,Toys,Puzzle,Jigsaw,679.92,3,Yes,Yes,2025-01-20 02:33:44.306712
CUST0692,Clothing,Jeans,Slim,561.46,5,Yes,No,2025-03-09 19:38:30.306712
CUST0253,Toys,Car,Electric,456.46,4,Yes,No,2025-02-23 05:04:00.306712
CUST0674,Toys,Car,Remote Control,719.76,3,Yes,No,2025-02-02 08:09:37.306712
CUST0686,Home,Chair,Dining,445.79,5,No,No,2025-02-20 22:26:59.306712
CUST0135,Home,Lamp,Halogen,377.38,4,No,No,2025-03-27 12:10:23.306712
CUST0959,Electronics,Mobile,iOS,515.16,3,No,No,2025-03-14 19:36:28.306712
CUST0577,Electronics,Mobile,Android,364.57,2,No,No,2025-03-03 14:59:55.306712
CUST0272,Clothing,Jeans,Slim,413.34,2,No,No,2025-04-08 21:03:00.306712
CUST0251,Home,Lamp,LED,540.76,7,No,No,2025-02-25 01:14:45.306712
CUST0854,Toys,Car,Remote Control,562.18,2,No,No,2025-03-13 21:30:51.306712
CUST0827,Toys,Puzzle,3D,795.07,0,No,No,2025-03-18 22:00:34.306712
CUST0107,Clothing,Jeans,Slim,564.54,4,Yes,No,2025-03-26 14:09:29.306712
CUST0567,Clothing,Jeans,Regular,334.55,2,Yes,No,2025-03-13 05:33:27.306712
CUST0216,Home,Chair,Dining,544.82,1,Yes,No,2025-03-03 13:53:25.306712
CUST0501,Home,Chair,Office,502.52,5,Yes,No,2025-04-04 00:43:23.306712
CUST0284,Electronics,Mobile,iOS,937.96,2,No,No,2025-03-29 09:02:23.306712
CUST0134,Home,Chair,Dining,338.34,1,Yes,No,2025-03-08 01:42:37.306712
CUST0723,Books,Textbook,Math,117.46,6,No,No,2025-01-24 08:53:13.306712
CUST0078,Clothing,Jacket,Leather,572.5,3,No,No,2025-04-04 12:56:57.306712
CUST0379,Toys,Car,Electric,735.89,3,Yes,Yes,2025-01-17 13:40:12.306712
CUST0316,Home,Chair,Dining,406.16,4,No,No,2025-02-02 21:42:56.306712
CUST0699,Clothing,Jacket,Leather,551.88,7,No,No,2025-02-16 20:19:58.306712
CUST0799,Toys,Doll,Barbie,560.47,5,No,No,2025-04-13 09:23:16.306712
CUST0953,Clothing,T-Shirt,Round Neck,548.47,6,No,No,2025-04-09 02:03:02.306712
CUST0423,Electronics,Mobile,iOS,909.48,0,Yes,No,2025-03-30 11:17:40.306712
CUST0954,Books,Textbook,Math,797.81,1,No,No,2025-02-08 09:54:15.306712
CUST0164,Electronics,Laptop,Gaming,675.57,3,Yes,No,2025-02-04 02:30:36.306712
CUST0205,Books,Biography,Celebrity,540.03,5,Yes,No,2025-04-08 02:31:54.306712
CUST0234,Clothing,T-Shirt,Round Neck,65.83,4,No,No,2025-02-21 04:41:41.306712
CUST0337,Home,Chair,Dining,239.11,1,No,No,2025-02-16 14:25:54.306712
CUST0657,Toys,Doll,Action,633.93,1,No,No,2025-01-16 04:30:57.306712
CUST0119,Home,Chair,Dining,397.23,3,No,No,2025-01-17 05:20:51.306712
CUST0112,Toys,Doll,Action,288.16,0,No,No,2025-03-25 05:50:05.306712
CUST0806,Home,Lamp,LED,336.9,1,No,No,2025-02-19 21:46:20.306712
CUST0922,Toys,Puzzle,3D,388.19,2,No,No,2025-01-17 19:37:48.306712
CUST0726,Books,Novel,Fiction,360.05,2,No,No,2025-02-17 20:53:58.306712
CUST0442,Electronics,Headphones,Wired,542.8,3,No,No,2025-03-15 00:15:33.306712
CUST0322,Electronics,Headphones,Wired,974.83,3,No,No,2025-03-03 17:52:58.306712
CUST0317,Books,Biography,Celebrity,437.86,4,No,No,2025-03-22 04:48:55.306712
CUST0303,Toys,Puzzle,Jigsaw,178.71,2,No,No,2025-02-23 07:54:46.306712
CUST0681,Books,Textbook,Math,540.69,2,Yes,No,2025-03-14 06:27:20.306712
CUST0583,Home,Lamp,LED,837.43,2,No,No,2025-02-12 00:16:54.306712
CUST0294,Clothing,Jeans,Regular,676.33,3,No,No,2025-02-27 15:42:10.306712
CUST0453,Books,Textbook,Math,779.15,4,No,No,2025-03-04 03:19:25.306712
CUST0485,Clothing,Jacket,Leather,238.07,1,No,No,2025-02-10 01:28:19.306712
CUST0528,Toys,Doll,Barbie,381.52,2,No,No,2025-04-02 23:16:00.306712
CUST0975,Clothing,Jacket,Denim,327.2,2,No,No,2025-02-04 07:39:09.306712
CUST0826,Clothing,T-Shirt,Round Neck,384.65,4,No,No,2025-01-17 23:53:15.306712
CUST0251,Books,Textbook,Math,651.08,2,No,No,2025-02-26 17:23:54.306712
CUST0425,Toys,Puzzle,3D,174.49,2,No,No,2025-03-02 12:11:03.306712
CUST0410,Clothing,T-Shirt,Round Neck,509.62,2,No,No,2025-04-10 04:15:00.306712
CUST0769,Electronics,Laptop,Gaming,327.92,2,Yes,No,2025-01-30 14:02:51.306712
CUST0824,Toys,Doll,Barbie,423.09,4,No,No,2025-03-08 15:03:05.306712
CUST0256,Electronics,Laptop,Gaming,615.41,5,No,No,2025-04-01 07:38:16.306712
CUST0476,Toys,Car,Remote Control,459.39,4,No,No,2025-03-27 20:03:43.306712
CUST0913,Books,Textbook,Science,436.3,5,Yes,No,2025-03-07 16:50:10.306712
CUST0457,Clothing,Jacket,Denim,436.19,3,Yes,Yes,2025-03-27 11:58:07.306712
CUST0254,Home,Table,Study,183.95,5,Yes,No,2025-02-09 04:03:37.306712
CUST0451,Electronics,Headphones,Wired,503.21,2,Yes,No,2025-02-05 06:36:41.306712
CUST0279,Home,Lamp,LED,626.56,3,No,No,2025-01-26 22:38:12.306712
CUST0155,Clothing,Jeans,Slim,954.14,1,No,No,2025-03-23 02:16:40.306712
CUST0220,Electronics,Laptop,Ultrabook,595.8,2,Yes,No,2025-02-14 15:12:41.306712
CUST0556,Books,Biography,Historical,566.73,2,No,No,2025-02-02 14:09:39.306712
CUST0853,Books,Biography,Historical,651.4,4,No,No,2025-04-06 16:31:56.306712
CUST0902,Toys,Doll,Action,315.57,3,No,No,2025-01-14 01:56:26.306712
CUST0966,Home,Lamp,Halogen,536.11,1,Yes,No,2025-04-06 08:52:47.306712
CUST0914,Books,Textbook,Math,1028.71,5,No,No,2025-03-01 21:51:32.306712
CUST0225,Home,Lamp,Halogen,231.71,4,Yes,Yes,2025-02-15 03:26:25.306712
CUST0685,Books,Textbook,Math,877.37,4,No,No,2025-04-05 02:43:19.306712
CUST0479,Clothing,Jacket,Leather,382.38,2,No,No,2025-04-11 13:29:57.306712
CUST0404,Toys,Car,Electric,473.32,4,Yes,Yes,2025-02-24 02:56:31.306712
CUST0139,Books,Novel,Fiction,199.45,2,No,No,2025-02-07 18:24:36.306712
CUST0389,Home,Chair,Dining,447.85,5,No,No,2025-02-14 05:48:28.306712
CUST0346,Books,Biography,Celebrity,446.22,2,No,No,2025-02-07 00:02:13.306712
CUST0855,Electronics,Laptop,Gaming,278.69,2,Yes,No,2025-03-27 05:33:17.306712
CUST0553,Electronics,Laptop,Gaming,385.27,0,No,No,2025-03-17 15:08:50.306712
CUST0071,Electronics,Mobile,Android,390.63,1,Yes,No,2025-02-01 20:44:45.306712
CUST0860,Electronics,Headphones,Wireless,777.72,3,No,No,2025-02-05 16:03:07.306712
CUST0130,Books,Textbook,Math,50.0,5,No,No,2025-03-09 06:20:46.306712
CUST0971,Clothing,Jeans,Regular,597.06,1,No,No,2025-03-28 23:12:14.306712
CUST0378,Clothing,Jacket,Leather,345.47,2,No,No,2025-03-30 00:35:18.306712
CUST0839,Clothing,Jeans,Slim,395.1,2,No,No,2025-03-10 16:38:06.306712
CUST0027,Home,Table,Study,597.87,5,No,No,2025-02-21 00:28:25.306712
CUST0965,Clothing,T-Shirt,Round Neck,166.04,4,No,No,2025-01-23 09:38:57.306712
CUST0714,Home,Table,Coffee,852.94,3,No,No,2025-03-31 19:32:44.306712
CUST0580,Electronics,Laptop,Ultrabook,542.2,3,Yes,No,2025-01-20 04:52:58.306712
CUST0519,Home,Chair,Dining,480.66,2,No,No,2025-04-03 08:22:18.306712
CUST0502,Electronics,Laptop,Ultrabook,931.05,1,Yes,No,2025-03-16 05:13:21.306712
CUST0913,Books,Textbook,Math,634.45,3,No,No,2025-02-24 18:57:37.306712
CUST0181,Toys,Car,Remote Control,174.08,4,No,No,2025-03-14 07:22:54.306712
CUST0828,Toys,Doll,Action,610.37,5,Yes,Yes,2025-03-25 11:36:59.306712
CUST0607,Home,Lamp,LED,131.83,1,No,No,2025-04-04 03:56:43.306712
CUST0958,Electronics,Laptop,Ultrabook,244.08,2,No,No,2025-02-06 04:26:41.306712
CUST0769,Books,Textbook,Science,195.2,3,No,No,2025-02-15 04:03:46.306712
CUST0030,Books,Biography,Historical,340.31,4,No,No,2025-03-01 20:16:32.306712
CUST0218,Home,Lamp,Halogen,384.87,4,No,No,2025-02-09 15:51:12.306712
CUST0902,Toys,Car,Remote Control,524.4,4,Yes,No,2025-03-04 16:01:50.306712
CUST0971,Clothing,T-Shirt,Round Neck,626.48,3,Yes,No,2025-03-01 22:40:15.306712
CUST0569,Clothing,Jacket,Denim,694.51,3,No,No,2025-03-17 05:15:53.306712
CUST0729,Books,Biography,Historical,576.04,5,No,No,2025-01-22 13:01:55.306712
CUST0302,Clothing,Jeans,Slim,622.12,2,Yes,No,2025-02-12 05:42:49.306712
CUST0680,Toys,Doll,Action,663.7,0,No,No,2025-03-08 05:53:14.306712
CUST0544,Home,Lamp,Halogen,526.77,7,Yes,Yes,2025-02-26 13:30:18.306712
CUST0278,Home,Lamp,LED,519.22,1,No,No,2025-01-25 05:21:01.306712
CUST0739,Clothing,Jeans,Slim,407.54,3,No,No,2025-03-26 15:14:25.306712
CUST0549,Clothing,T-Shirt,Round Neck,789.4,4,No,No,2025-03-26 05:16:31.306712
CUST0496,Home,Table,Study,539.31,1,Yes,No,2025-01-23 06:26:41.306712
CUST0853,Clothing,Jeans,Slim,642.68,5,No,No,2025-02-17 13:06:56.306712
CUST0184,Home,Chair,Office,509.4,6,No,No,2025-02-09 03:23:37.306712
CUST0047,Electronics,Headphones,Wired,231.11,2,No,No,2025-03-22 05:18:08.306712
CUST0967,Clothing,Jacket,Denim,316.27,4,Yes,Yes,2025-01-14 16:46:56.306712
CUST0588,Home,Lamp,Halogen,696.86,3,Yes,Yes,2025-01-31 09:48:01.306712
CUST0989,Electronics,Laptop,Ultrabook,457.2,4,No,No,2025-01-24 14:02:39.306712
CUST0842,Electronics,Laptop,Ultrabook,396.49,3,Yes,Yes,2025-03-15 14:55:00.306712
CUST0703,Electronics,Mobile,Android,380.22,5,No,No,2025-04-02 06:17:59.306712
CUST0577,Home,Chair,Office,568.72,2,No,No,2025-01-25 00:12:50.306712
CUST0572,Books,Textbook,Math,424.69,2,No,No,2025-03-29 19:41:56.306712
CUST0536,Books,Biography,Celebrity,608.7,1,No,No,2025-02-11 09:05:05.306712
CUST0881,Toys,Doll,Action,716.72,3,No,No,2025-03-09 17:12:16.306712
CUST0636,Electronics,Headphones,Wireless,638.95,2,No,No,2025-03-28 13:30:29.306712
CUST0213,Clothing,Jeans,Slim,287.83,5,Yes,Yes,2025-01-30 09:13:00.306712
CUST0566,Electronics,Mobile,Android,618.13,8,Yes,Yes,2025-03-21 10:33:11.306712
CUST0609,Books,Biography,Historical,721.74,1,Yes,No,2025-02-04 23:34:50.306712
CUST0296,Home,Table,Study,425.94,4,No,No,2025-01-20 10:03:46.306712
CUST0704,Clothing,Jeans,Slim,333.29,4,No,No,2025-02-23 18:50:51.306712
CUST0118,Toys,Puzzle,Jigsaw,799.03,2,Yes,No,2025-04-11 16:57:14.306712
CUST0273,Clothing,T-Shirt,Round Neck,542.73,3,Yes,Yes,2025-02-12 08:59:21.306712
CUST0610,Toys,Doll,Action,410.71,2,No,No,2025-01-25 13:58:01.306712
CUST0480,Home,Table,Study,538.82,2,Yes,No,2025-02-08 22:34:53.306712
CUST0513,Toys,Doll,Action,388.22,1,No,No,2025-01-21 07:38:42.306712
CUST0613,Electronics,Laptop,Ultrabook,575.44,4,No,No,2025-03-13 02:57:24.306712
CUST0257,Electronics,Mobile,Android,254.03,3,No,No,2025-03-19 23:25:51.306712
CUST0857,Toys,Car,Electric,464.45,3,No,No,2025-03-28 18:13:22.306712
CUST0689,Home,Table,Coffee,477.08,4,Yes,No,2025-01-30 12:25:33.306712
CUST0482,Toys,Car,Remote Control,626.65,1,No,No,2025-04-12 10:48:22.306712
CUST0285,Clothing,Jacket,Denim,249.69,5,Yes,No,2025-03-02 06:00:21.306712
CUST0993,Electronics,Laptop,Ultrabook,788.75,4,Yes,Yes,2025-02-13 16:19:18.306712
CUST0687,Electronics,Mobile,iOS,749.84,2,No,No,2025-02-22 11:24:16.306712
CUST0711,Books,Biography,Celebrity,598.28,2,No,No,2025-04-02 11:56:53.306712
CUST0779,Toys,Puzzle,3D,181.72,3,No,No,2025-01-22 01:23:46.306712
CUST0323,Home,Lamp,LED,612.94,3,No,No,2025-03-29 12:22:08.306712
CUST0414,Toys,Puzzle,3D,574.43,0,No,No,2025-02-22 15:08:18.306712
CUST0056,Clothing,Jacket,Denim,595.77,1,Yes,No,2025-03-14 23:02:38.306712
CUST0775,Books,Textbook,Science,499.28,3,No,No,2025-03-28 07:06:29.306712
CUST0053,Clothing,Jeans,Slim,268.33,1,No,No,2025-02-10 11:21:30.306712
CUST0449,Books,Novel,Fiction,299.68,4,No,No,2025-03-15 16:15:36.306712
CUST0624,Clothing,Jacket,Leather,443.78,2,Yes,No,2025-02-12 16:18:08.306712
CUST0565,Electronics,Headphones,Wired,511.93,6,Yes,Yes,2025-04-05 04:49:09.306712
CUST0935,Electronics,Laptop,Gaming,370.61,6,No,No,2025-03-17 09:28:29.306712
CUST0853,Clothing,Jeans,Regular,369.72,4,Yes,No,2025-02-09 01:19:41.306712
CUST0426,Books,Biography,Historical,403.22,4,Yes,Yes,2025-01-27 13:14:31.306712
CUST0393,Clothing,Jacket,Leather,507.6,2,No,No,2025-04-07 09:31:50.306712
CUST0072,Home,Lamp,Halogen,524.01,5,No,No,2025-03-30 23:42:59.306712
CUST0520,Home,Chair,Dining,187.64,5,No,No,2025-03-25 00:01:24.306712
CUST0306,Toys,Car,Remote Control,900.35,5,Yes,No,2025-02-25 20:43:58.306712
CUST0552,Books,Biography,Celebrity,564.76,3,No,No,2025-03-08 02:15:45.306712
CUST0782,Toys,Doll,Action,441.7,2,No,No,2025-02-13 17:59:51.306712
CUST0891,Clothing,Jacket,Leather,241.06,3,No,No,2025-03-10 00:35:13.306712
CUST0393,Clothing,Jeans,Slim,732.17,1,No,No,2025-02-13 09:36:23.306712
CUST0763,Books,Textbook,Science,699.25,3,No,No,2025-02-19 23:49:50.306712
CUST0680,Clothing,Jeans,Slim,401.25,1,Yes,No,2025-01-25 18:22:37.306712
CUST0515,Toys,Doll,Barbie,435.67,5,No,No,2025-04-08 09:12:47.306712
CUST0866,Books,Novel,Mystery,915.35,1,Yes,No,2025-01-14 23:57:51.306712
CUST0740,Clothing,Jeans,Slim,646.53,2,No,No,2025-01-20 18:33:51.306712
CUST0481,Home,Lamp,Halogen,483.86,2,Yes,No,2025-03-17 14:25:51.306712
CUST0083,Home,Table,Study,683.27,4,No,No,2025-02-13 06:04:33.306712
CUST0642,Books,Textbook,Math,569.3,2,No,No,2025-03-14 10:59:12.306712
CUST0071,Clothing,Jacket,Denim,375.25,6,No,No,2025-02-04 14:17:00.306712
CUST0765,Electronics,Laptop,Gaming,882.81,2,Yes,No,2025-03-28 07:59:30.306712
CUST0649,Electronics,Laptop,Gaming,721.11,3,No,No,2025-03-21 21:20:30.306712
CUST0307,Electronics,Mobile,iOS,737.41,2,Yes,No,2025-03-31 19:21:02.306712
CUST0058,Home,Lamp,Halogen,701.03,5,No,No,2025-02-24 07:46:29.306712
CUST0150,Clothing,Jacket,Denim,449.52,5,No,No,2025-03-09 10:54:35.306712
CUST0699,Clothing,T-Shirt,Round Neck,244.4,3,No,No,2025-01-21 04:12:41.306712
CUST0625,Books,Textbook,Math,171.25,1,No,No,2025-03-02 19:51:02.306712
CUST0935,Toys,Puzzle,Jigsaw,717.93,4,No,No,2025-02-27 06:45:32.306712
CUST0654,Home,Lamp,Halogen,806.8,3,No,No,2025-03-19 06:03:12.306712
CUST0010,Books,Biography,Historical,776.85,3,No,No,2025-01-20 16:18:45.306712
CUST0453,Home,Table,Study,612.78,0,No,No,2025-03-16 13:02:13.306712
CUST0986,Books,Textbook,Science,449.46,3,No,No,2025-02-26 20:42:23.306712
CUST0866,Home,Chair,Dining,578.42,2,No,No,2025-04-06 08:37:03.306712
CUST0495,Electronics,Mobile,iOS,535.98,3,No,No,2025-03-10 00:52:42.306712
CUST0368,Toys,Doll,Action,778.4,1,No,No,2025-01-15 15:19:29.306712
CUST0850,Books,Biography,Historical,521.08,2,No,No,2025-03-09 10:54:43.306712
CUST0886,Electronics,Headphones,Wired,233.19,4,No,No,2025-04-04 08:51:26.306712
CUST0926,Home,Chair,Dining,524.46,3,No,No,2025-02-03 18:31:10.306712
CUST0652,Clothing,Jacket,Denim,608.66,4,Yes,No,2025-03-24 12:05:12.306712
CUST0786,Clothing,Jacket,Leather,660.58,2,No,No,2025-04-11 05:17:06.306712
CUST0643,Electronics,Laptop,Ultrabook,387.91,2,Yes,No,2025-01-16 17:56:48.306712
CUST0594,Home,Table,Coffee,429.18,1,No,No,2025-01-22 06:13:40.306712
CUST0932,Home,Lamp,Halogen,590.71,3,No,No,2025-01-30 13:28:22.306712
CUST0206,Clothing,Jacket,Denim,562.88,2,No,No,2025-03-06 01:10:39.306712
CUST0514,Home,Chair,Dining,499.58,4,Yes,No,2025-03-01 06:59:19.306712
CUST0991,Home,Table,Study,175.39,1,Yes,No,2025-04-01 14:11:58.306712
CUST0118,Books,Novel,Fiction,612.67,2,No,No,2025-03-27 17:30:08.306712
CUST0990,Clothing,Jacket,Denim,506.82,2,No,No,2025-04-05 14:55:45.306712
CUST0824,Toys,Doll,Barbie,346.01,4,No,No,2025-03-31 06:37:28.306712
CUST0405,Electronics,Laptop,Gaming,834.51,1,No,No,2025-02-26 15:55:48.306712
CUST0378,Home,Table,Study,583.8,3,No,No,2025-04-03 08:34:23.306712
CUST0654,Home,Chair,Office,477.75,5,No,No,2025-02-28 06:49:21.306712
CUST0026,Toys,Car,Remote Control,319.22,5,No,No,2025-04-12 08:54:10.306712
CUST0625,Clothing,Jacket,Leather,538.41,4,No,No,2025-03-16 04:48:01.306712
CUST0844,Books,Textbook,Science,438.18,2,Yes,No,2025-03-17 13:02:22.306712
CUST0419,Electronics,Mobile,Android,132.76,5,Yes,No,2025-02-12 01:25:22.306712
CUST0505,Electronics,Mobile,Android,601.6,3,Yes,No,2025-01-26 16:19:19.306712
CUST0398,Books,Biography,Celebrity,683.82,4,No,No,2025-03-11 12:48:14.306712
CUST0761,Clothing,Jeans,Slim,441.95,2,Yes,No,2025-04-04 10:50:51.306712
CUST0502,Toys,Doll,Action,717.18,4,Yes,Yes,2025-02-18 11:35:57.306712
CUST0223,Books,Biography,Historical,594.94,2,No,No,2025-04-06 13:32:43.306712
CUST0372,Electronics,Headphones,Wired,378.1,0,No,No,2025-03-07 08:53:57.306712
CUST0924,Home,Chair,Dining,462.61,5,No,No,2025-02-09 07:03:08.306712
CUST0195,Electronics,Laptop,Gaming,556.66,3,No,No,2025-03-18 20:33:54.306712
CUST0218,Toys,Puzzle,Jigsaw,341.34,2,Yes,No,2025-03-30 21:33:58.306712
CUST0342,Clothing,T-Shirt,Round Neck,529.73,2,No,No,2025-01-20 04:04:30.306712
CUST0850,Toys,Puzzle,Jigsaw,432.58,1,No,No,2025-04-02 10:45:09.306712
CUST0891,Clothing,Jeans,Slim,503.14,6,No,No,2025-03-31 01:52:30.306712
CUST0923,Toys,Puzzle,3D,354.25,3,No,No,2025-04-06 20:25:59.306712
CUST0149,Clothing,Jacket,Denim,608.29,1,No,No,2025-04-01 00:52:26.306712
CUST0179,Electronics,Headphones,Wireless,651.83,1,No,No,2025-01-26 07:19:32.306712
CUST0016,Home,Chair,Dining,390.75,2,No,No,2025-01-15 00:58:28.306712
CUST0179,Home,Chair,Office,578.36,4,No,No,2025-03-26 12:31:49.306712
CUST0432,Toys,Puzzle,Jigsaw,739.31,1,No,No,2025-02-28 17:56:07.306712
CUST0460,Home,Table,Coffee,468.29,3,No,No,2025-02-26 09:27:03.306712
CUST0516,Clothing,Jacket,Leather,794.23,6,Yes,No,2025-04-11 17:44:48.306712
CUST0888,Toys,Doll,Action,458.14,0,Yes,No,2025-03-16 23:17:39.306712
CUST0988,Electronics,Mobile,iOS,931.46,4,No,No,2025-04-05 18:33:02.306712
CUST0412,Books,Textbook,Math,378.86,3,No,No,2025-03-02 02:36:40.306712
CUST0730,Books,Novel,Fiction,547.39,1,No,No,2025-02-13 18:46:36.306712
CUST0623,Clothing,T-Shirt,Round Neck,409.04,4,Yes,Yes,2025-03-15 23:22:39.306712
CUST0600,Toys,Car,Remote Control,290.62,1,No,No,2025-02-19 11:46:24.306712
CUST0612,Toys,Doll,Action,607.33,2,No,No,2025-03-03 14:13:16.306712
CUST0620,Books,Novel,Fiction,621.43,2,No,No,2025-04-06 07:21:10.306712
CUST0671,Toys,Car,Electric,762.23,3,Yes,Yes,2025-04-09 17:36:14.306712
CUST0234,Books,Biography,Celebrity,371.3,6,No,No,2025-02-21 05:18:38.306712
CUST0426,Electronics,Laptop,Ultrabook,685.57,3,No,No,2025-02-12 20:26:04.306712
CUST0682,Home,Lamp,LED,615.89,1,No,No,2025-03-21 04:36:39.306712
CUST0946,Books,Novel,Fiction,529.54,7,Yes,No,2025-01-22 13:26:37.306712
CUST0443,Electronics,Headphones,Wired,742.75,4,Yes,No,2025-03-08 12:38:23.306712
CUST0062,Toys,Car,Remote Control,471.99,1,No,No,2025-03-19 13:26:45.306712
CUST0126,Books,Biography,Celebrity,579.94,5,No,No,2025-04-07 19:00:11.306712
CUST0938,Electronics,Laptop,Ultrabook,369.73,5,Yes,Yes,2025-03-10 14:50:58.306712
CUST0520,Clothing,T-Shirt,V-Neck,472.31,0,No,No,2025-02-04 06:43:49.306712
CUST0868,Electronics,Laptop,Ultrabook,255.14,3,Yes,Yes,2025-02-09 13:18:46.306712
CUST0588,Clothing,Jeans,Slim,552.13,3,Yes,No,2025-03-18 09:03:35.306712
CUST0850,Home,Chair,Office,219.9,1,Yes,No,2025-02-09 00:58:05.306712
CUST0720,Home,Lamp,Halogen,210.03,1,Yes,No,2025-01-14 02:25:46.306712
CUST0186,Clothing,Jacket,Denim,278.74,6,No,No,2025-01-20 06:20:51.306712
CUST0146,Electronics,Mobile,Android,194.87,2,No,No,2025-02-19 00:47:54.306712
CUST0430,Books,Biography,Historical,752.52,1,No,No,2025-02-18 10:29:17.306712
CUST0320,Home,Table,Coffee,872.26,5,No,No,2025-04-09 06:32:18.306712
CUST0054,Clothing,T-Shirt,Round Neck,877.32,1,Yes,No,2025-03-19 22:39:46.306712
CUST0084,Home,Lamp,Halogen,689.57,2,No,No,2025-03-01 15:52:32.306712
CUST0622,Books,Biography,Celebrity,636.41,1,No,No,2025-02-03 10:30:50.306712
CUST0774,Toys,Puzzle,3D,802.69,6,No,No,2025-02-24 05:58:23.306712
CUST0114,Home,Table,Study,626.16,4,No,No,2025-03-05 16:02:50.306712
CUST0684,Home,Chair,Office,528.18,3,Yes,Yes,2025-03-12 16:43:49.306712
CUST0057,Electronics,Mobile,iOS,146.31,4,No,No,2025-02-03 00:24:46.306712
CUST0786,Clothing,Jeans,Regular,541.14,4,No,No,2025-02-14 08:46:56.306712
CUST0123,Electronics,Laptop,Ultrabook,424.31,4,No,No,2025-01-30 13:36:01.306712
CUST0133,Books,Textbook,Math,304.72,3,Yes,No,2025-04-04 10:03:28.306712
CUST0685,Home,Chair,Dining,321.51,2,No,No,2025-04-07 04:15:30.306712
CUST0760,Electronics,Laptop,Gaming,50.0,2,No,No,2025-02-27 03:30:25.306712
CUST0944,Electronics,Laptop,Ultrabook,676.81,3,No,No,2025-03-10 04:19:12.306712
CUST0415,Books,Biography,Historical,676.92,3,No,No,2025-02-21 19:59:44.306712
CUST0022,Home,Chair,Dining,316.16,4,No,No,2025-04-04 06:57:46.306712
CUST0707,Home,Chair,Dining,353.08,3,Yes,No,2025-02-06 03:10:13.306712
CUST0447,Toys,Doll,Barbie,337.95,1,Yes,No,2025-02-20 22:24:18.306712
CUST0892,Home,Table,Study,334.48,2,Yes,No,2025-02-04 00:30:08.306712
CUST0342,Clothing,T-Shirt,Round Neck,517.23,5,No,No,2025-03-06 00:36:02.306712
CUST0523,Clothing,Jeans,Regular,779.45,1,Yes,No,2025-03-25 03:07:05.306712
CUST0982,Clothing,T-Shirt,Round Neck,511.4,2,No,No,2025-01-27 17:26:30.306712
CUST0263,Clothing,T-Shirt,Round Neck,524.53,4,No,No,2025-03-28 07:37:55.306712
CUST0778,Electronics,Mobile,iOS,824.94,2,No,No,2025-02-27 13:17:27.306712
CUST0773,Toys,Car,Remote Control,676.62,2,No,No,2025-03-20 15:21:28.306712
CUST0947,Toys,Car,Remote Control,484.43,4,No,No,2025-04-07 10:02:35.306712
CUST0995,Home,Chair,Dining,683.85,6,No,No,2025-01-20 03:19:13.306712
CUST0481,Books,Textbook,Science,366.37,6,No,No,2025-03-31 19:47:04.306712
CUST0282,Toys,Puzzle,3D,308.98,2,Yes,No,2025-03-03 18:22:57.306712
CUST0076,Home,Lamp,Halogen,584.72,7,Yes,Yes,2025-02-18 07:25:22.306712
CUST0852,Home,Chair,Office,262.2,0,No,No,2025-03-14 05:16:31.306712
CUST0609,Toys,Doll,Action,448.95,3,Yes,No,2025-03-31 09:16:16.306712
CUST0757,Electronics,Laptop,Gaming,567.7,4,Yes,Yes,2025-02-28 16:29:52.306712
CUST0514,Clothing,T-Shirt,V-Neck,440.92,4,No,No,2025-01-23 13:22:43.306712
CUST0831,Home,Table,Coffee,668.12,1,No,No,2025-03-03 11:53:10.306712
CUST0662,Clothing,T-Shirt,Round Neck,609.35,4,No,No,2025-03-23 05:04:48.306712
CUST0449,Books,Textbook,Math,479.4,4,No,No,2025-02-17 20:08:44.306712
CUST0382,Home,Lamp,Halogen,745.03,1,Yes,No,2025-03-29 16:50:08.306712
CUST0347,Toys,Puzzle,3D,617.34,4,No,No,2025-01-19 21:47:15.306712
CUST0338,Electronics,Headphones,Wired,405.02,0,No,No,2025-02-10 02:18:44.306712
CUST0259,Toys,Puzzle,3D,602.78,7,No,No,2025-01-21 10:06:55.306712
CUST0597,Clothing,Jeans,Regular,535.92,4,Yes,No,2025-03-22 07:46:41.306712
CUST0679,Books,Novel,Fiction,462.49,0,Yes,No,2025-02-12 13:34:48.306712
CUST0573,Books,Textbook,Science,311.49,5,Yes,No,2025-03-19 13:41:10.306712
CUST0720,Toys,Puzzle,3D,312.91,3,Yes,No,2025-01-15 06:40:55.306712
CUST0372,Home,Chair,Office,717.2,2,No,No,2025-02-15 16:29:45.306712
CUST0971,Books,Novel,Fiction,122.96,3,No,No,2025-01-26 20:45:08.306712
CUST0159,Electronics,Laptop,Gaming,440.75,6,No,No,2025-03-03 19:12:16.306712
CUST0790,Toys,Car,Electric,514.01,2,No,No,2025-03-18 18:36:31.306712
CUST0345,Toys,Puzzle,3D,732.38,3,Yes,Yes,2025-01-31 01:36:12.306712
CUST0852,Toys,Puzzle,3D,630.66,3,No,No,2025-01-17 18:00:45.306712
CUST0421,Home,Table,Coffee,1037.51,6,No,No,2025-02-25 15:15:35.306712
CUST0626,Home,Table,Study,450.79,6,No,No,2025-02-05 05:28:05.306712
CUST0547,Clothing,Jeans,Regular,331.35,2,No,No,2025-04-11 06:36:53.306712
CUST0856,Clothing,Jeans,Regular,414.14,3,No,No,2025-02-27 07:59:39.306712
CUST0788,Home,Lamp,Halogen,361.52,2,No,No,2025-01-29 05:49:29.306712
CUST0837,Clothing,Jacket,Leather,716.9,4,No,No,2025-04-08 06:26:37.306712
CUST0257,Electronics,Headphones,Wired,384.49,2,No,No,2025-04-08 09:02:31.306712
CUST0381,Toys,Puzzle,Jigsaw,496.29,3,No,No,2025-02-10 04:26:48.306712
CUST0086,Clothing,Jeans,Regular,715.23,5,Yes,No,2025-01-27 19:32:57.306712
CUST0851,Books,Novel,Fiction,528.97,2,No,No,2025-04-02 19:15:30.306712
CUST0462,Home,Chair,Dining,377.05,1,No,No,2025-01-18 16:17:58.306712
CUST0406,Toys,Doll,Barbie,473.75,1,Yes,No,2025-02-20 00:02:03.306712
CUST0084,Home,Chair,Office,515.37,4,No,No,2025-02-13 10:47:29.306712
CUST0954,Electronics,Headphones,Wired,541.34,4,No,No,2025-03-31 08:15:08.306712
CUST0150,Clothing,T-Shirt,V-Neck,651.79,1,No,No,2025-04-12 13:53:23.306712
CUST0850,Books,Textbook,Math,474.29,1,No,No,2025-03-28 04:25:47.306712
CUST0723,Books,Biography,Historical,123.63,6,No,No,2025-04-11 11:00:10.306712
CUST0082,Electronics,Laptop,Gaming,311.23,7,No,No,2025-04-04 13:48:25.306712
CUST0154,Toys,Car,Remote Control,281.08,4,No,No,2025-01-24 07:17:09.306712
CUST0795,Home,Chair,Dining,278.86,2,No,No,2025-01-25 08:07:45.306712
CUST0049,Clothing,Jeans,Regular,457.02,3,No,No,2025-01-19 14:33:11.306712
CUST0114,Books,Textbook,Math,722.06,2,Yes,No,2025-03-15 20:45:49.306712
CUST0528,Toys,Puzzle,Jigsaw,263.32,2,No,No,2025-02-10 18:54:53.306712
CUST0440,Electronics,Headphones,Wired,501.1,2,No,No,2025-02-05 20:45:26.306712
CUST0585,Books,Novel,Fiction,404.86,2,Yes,No,2025-03-05 08:00:33.306712
CUST0999,Home,Chair,Office,139.24,3,Yes,Yes,2025-02-28 03:41:45.306712
CUST0045,Books,Biography,Celebrity,429.0,6,No,No,2025-03-27 01:34:32.306712
CUST0017,Home,Chair,Dining,261.21,5,No,No,2025-02-05 22:03:57.306712
CUST0751,Electronics,Headphones,Wired,528.59,1,No,No,2025-01-26 11:04:07.306712
CUST0046,Home,Table,Study,104.14,2,No,No,2025-04-02 11:48:53.306712
CUST0659,Clothing,Jacket,Denim,649.58,6,No,No,2025-03-22 00:34:34.306712
CUST0491,Clothing,T-Shirt,Round Neck,406.94,5,No,No,2025-03-24 00:42:28.306712
CUST0795,Books,Novel,Mystery,478.81,3,Yes,Yes,2025-03-31 07:37:12.306712
CUST0205,Electronics,Laptop,Ultrabook,624.31,4,Yes,No,2025-04-02 16:14:08.306712
CUST0557,Books,Biography,Historical,426.08,3,Yes,No,2025-02-01 01:30:18.306712
CUST0293,Home,Chair,Dining,548.09,7,Yes,Yes,2025-04-01 02:48:17.306712
CUST0377,Books,Biography,Celebrity,50.0,1,Yes,No,2025-04-10 08:51:30.306712
CUST0980,Books,Biography,Historical,733.16,2,No,No,2025-03-02 16:26:21.306712
CUST0709,Books,Biography,Celebrity,459.11,3,No,No,2025-04-01 07:00:44.306712
CUST0085,Books,Novel,Mystery,724.82,2,No,No,2025-03-13 00:01:11.306712
CUST0843,Clothing,Jacket,Denim,689.51,2,Yes,No,2025-02-13 16:40:43.306712
CUST0106,Electronics,Laptop,Ultrabook,690.63,1,Yes,No,2025-02-12 06:23:20.306712
CUST0457,Toys,Car,Remote Control,602.62,5,Yes,Yes,2025-02-25 14:35:00.306712
CUST0360,Books,Novel,Mystery,570.29,1,No,No,2025-03-14 04:54:35.306712
CUST0446,Home,Table,Coffee,714.03,2,No,No,2025-01-20 19:03:37.306712
CUST0688,Books,Biography,Historical,521.36,3,No,No,2025-01-16 12:45:53.306712
CUST0147,Toys,Car,Remote Control,473.05,1,Yes,No,2025-01-16 21:17:21.306712
CUST0130,Electronics,Mobile,iOS,464.16,1,No,No,2025-02-17 16:04:26.306712
CUST0393,Toys,Puzzle,Jigsaw,516.5,3,No,No,2025-03-20 10:31:52.306712
CUST0461,Home,Lamp,Halogen,444.32,4,No,No,2025-03-28 14:19:03.306712
CUST0079,Toys,Puzzle,3D,626.67,3,No,No,2025-02-21 03:41:18.306712
CUST0322,Home,Chair,Office,860.1,1,No,No,2025-01-16 00:35:03.306712
CUST0754,Clothing,Jeans,Regular,747.79,5,Yes,No,2025-01-24 22:36:17.306712
CUST0269,Home,Table,Study,494.89,1,No,No,2025-02-03 08:11:14.306712
CUST0627,Home,Table,Study,146.18,1,No,No,2025-02-01 22:39:04.306712
CUST0126,Clothing,T-Shirt,V-Neck,500.04,0,No,No,2025-01-30 06:31:13.306712
CUST0921,Books,Novel,Mystery,498.14,1,Yes,No,2025-03-19 08:22:53.306712
CUST0356,Electronics,Headphones,Wired,328.31,1,No,No,2025-04-10 01:09:19.306712
CUST0308,Clothing,Jacket,Leather,725.12,6,Yes,No,2025-03-03 21:41:19.306712
CUST0230,Electronics,Mobile,Android,553.07,4,No,No,2025-02-05 11:50:14.306712
CUST0810,Books,Novel,Mystery,383.45,7,Yes,No,2025-02-18 07:49:38.306712
CUST0479,Toys,Puzzle,Jigsaw,412.38,4,No,No,2025-01-19 21:24:22.306712
CUST0317,Books,Textbook,Science,527.96,2,Yes,No,2025-03-05 13:09:41.306712
CUST0421,Books,Textbook,Math,747.02,4,No,No,2025-01-25 16:14:04.306712
CUST0996,Home,Table,Coffee,435.98,3,No,No,2025-02-26 04:43:06.306712
CUST0478,Toys,Doll,Barbie,326.07,3,Yes,No,2025-03-30 06:20:46.306712
CUST0565,Toys,Puzzle,Jigsaw,725.09,2,No,No,2025-02-24 12:16:32.306712
CUST0515,Electronics,Mobile,Android,151.23,1,No,No,2025-02-12 00:51:48.306712
CUST0169,Clothing,Jeans,Slim,523.8,1,No,No,2025-02-16 02:29:38.306712
CUST0971,Toys,Doll,Barbie,456.39,3,No,No,2025-02-06 20:09:16.306712
CUST0202,Toys,Doll,Barbie,50.0,6,Yes,No,2025-03-14 03:55:24.306712
CUST0547,Electronics,Headphones,Wireless,634.57,1,No,No,2025-03-11 23:12:56.306712
CUST0965,Toys,Puzzle,Jigsaw,618.36,3,No,No,2025-03-18 11:09:38.306712
CUST0640,Toys,Doll,Barbie,532.95,1,Yes,No,2025-04-03 15:08:30.306712
CUST0885,Electronics,Mobile,Android,510.18,4,No,No,2025-03-16 18:53:50.306712
CUST0790,Toys,Doll,Barbie,351.37,3,Yes,No,2025-02-22 22:55:10.306712
CUST0633,Electronics,Laptop,Ultrabook,340.6,5,No,No,2025-03-16 19:57:15.306712
CUST0980,Home,Lamp,LED,367.57,3,No,No,2025-04-01 15:15:40.306712
CUST0827,Books,Biography,Celebrity,380.44,4,No,No,2025-01-20 14:14:29.306712
CUST0706,Electronics,Mobile,iOS,453.2,3,No,No,2025-02-22 20:40:14.306712
CUST0496,Books,Novel,Mystery,593.27,0,No,No,2025-03-13 09:49:22.306712
CUST0148,Home,Table,Study,282.18,4,No,No,2025-03-25 19:00:40.306712
CUST0882,Home,Lamp,LED,468.84,4,No,No,2025-03-28 08:40:47.306712
CUST0380,Toys,Car,Electric,459.85,1,Yes,No,2025-02-13 11:47:45.306712
CUST0248,Books,Novel,Mystery,253.57,5,Yes,Yes,2025-01-27 04:28:14.306712
CUST0100,Electronics,Laptop,Ultrabook,509.59,3,No,No,2025-04-07 09:50:58.306712
CUST0631,Books,Novel,Fiction,566.37,8,No,No,2025-04-02 11:44:33.306712
CUST0336,Toys,Car,Remote Control,860.87,3,No,No,2025-01-31 22:32:50.306712
CUST0782,Clothing,Jeans,Regular,461.82,2,No,No,2025-03-02 22:23:46.306712
CUST0901,Home,Lamp,LED,623.7,2,No,No,2025-01-22 06:01:53.306712
CUST0968,Books,Textbook,Science,458.5,3,No,No,2025-02-05 21:08:25.306712
CUST0221,Toys,Doll,Barbie,919.94,1,No,No,2025-01-18 09:58:10.306712
CUST0289,Books,Textbook,Science,450.59,2,Yes,No,2025-02-10 06:02:38.306712
CUST0550,Electronics,Mobile,iOS,231.18,6,No,No,2025-01-26 12:17:34.306712
CUST0904,Home,Table,Study,179.35,3,Yes,No,2025-02-18 00:53:52.306712
CUST0047,Books,Novel,Fiction,502.85,1,No,No,2025-02-17 16:56:36.306712
CUST0567,Home,Chair,Dining,309.21,2,Yes,No,2025-03-03 11:12:08.306712
CUST0462,Toys,Doll,Barbie,191.95,4,Yes,Yes,2025-01-22 21:29:10.306712
CUST0404,Home,Lamp,Halogen,896.68,6,No,No,2025-03-27 19:23:53.306712
CUST0148,Clothing,Jacket,Denim,389.86,2,No,No,2025-03-03 01:28:04.306712
CUST0042,Electronics,Mobile,Android,294.76,5,No,No,2025-03-23 18:59:29.306712
CUST0342,Books,Textbook,Science,636.04,3,No,No,2025-01-27 23:15:31.306712
CUST0621,Toys,Puzzle,3D,738.5,0,No,No,2025-03-14 00:45:15.306712
CUST0327,Clothing,Jeans,Regular,638.05,2,No,No,2025-03-12 03:40:50.306712
CUST0345,Toys,Car,Remote Control,50.0,2,Yes,No,2025-03-23 07:41:07.306712
CUST0577,Home,Lamp,LED,743.47,3,Yes,Yes,2025-03-19 22:17:04.306712
CUST0113,Books,Textbook,Science,664.11,3,Yes,No,2025-03-24 22:19:47.306712
CUST0894,Electronics,Headphones,Wired,791.95,2,Yes,No,2025-02-08 06:55:57.306712
CUST0991,Toys,Car,Electric,155.98,4,No,No,2025-03-24 13:11:09.306712
CUST0053,Toys,Doll,Barbie,182.31,3,No,No,2025-03-05 09:45:06.306712
CUST0645,Toys,Doll,Barbie,658.59,7,Yes,No,2025-02-06 00:33:39.306712
CUST0033,Toys,Car,Electric,415.47,3,Yes,Yes,2025-02-25 07:53:46.306712
CUST0322,Books,Novel,Mystery,635.32,6,No,No,2025-03-21 13:11:03.306712
CUST0209,Books,Textbook,Science,639.11,1,Yes,No,2025-04-08 06:00:52.306712
CUST0869,Electronics,Headphones,Wireless,669.82,0,Yes,No,2025-03-04 20:49:17.306712
CUST0213,Toys,Doll,Action,487.94,5,No,No,2025-03-05 12:39:08.306712
CUST0386,Home,Chair,Dining,590.96,4,No,No,2025-04-12 01:36:19.306712
CUST0546,Home,Table,Study,404.23,4,No,No,2025-03-20 03:05:23.306712
CUST0791,Home,Table,Study,327.44,3,No,No,2025-02-01 04:12:35.306712
CUST0981,Clothing,Jeans,Regular,513.95,2,No,No,2025-02-04 08:10:48.306712
CUST0965,Home,Lamp,LED,372.05,3,Yes,No,2025-03-01 23:39:42.306712
CUST0325,Books,Biography,Celebrity,392.84,2,No,No,2025-02-10 10:47:59.306712
CUST0125,Toys,Car,Remote Control,158.53,5,Yes,No,2025-02-20 19:31:45.306712
CUST0839,Home,Chair,Dining,441.15,3,No,No,2025-01-17 14:13:26.306712
CUST0295,Electronics,Laptop,Ultrabook,394.39,2,No,No,2025-03-18 04:43:39.306712
CUST0263,Books,Novel,Fiction,678.04,3,No,No,2025-04-03 21:28:09.306712
CUST0552,Home,Table,Study,707.05,2,No,No,2025-01-26 20:04:16.306712
CUST0112,Toys,Car,Electric,517.52,1,Yes,No,2025-02-06 01:10:12.306712
CUST0052,Toys,Puzzle,Jigsaw,579.19,1,No,No,2025-01-18 14:30:54.306712
CUST0103,Books,Biography,Celebrity,799.72,1,Yes,No,2025-01-23 06:29:18.306712
CUST0698,Clothing,T-Shirt,Round Neck,749.55,4,No,No,2025-02-22 00:21:54.306712
CUST0669,Books,Biography,Historical,703.53,2,Yes,No,2025-03-27 21:36:08.306712
CUST0988,Home,Lamp,Halogen,554.3,5,No,No,2025-03-17 05:15:11.306712
CUST0061,Electronics,Headphones,Wireless,508.76,3,Yes,No,2025-03-24 17:11:17.306712
CUST0871,Electronics,Mobile,iOS,448.83,3,No,No,2025-04-09 03:58:54.306712
CUST0858,Clothing,T-Shirt,V-Neck,327.12,4,Yes,No,2025-01-31 14:20:22.306712
CUST0960,Home,Chair,Office,471.81,0,No,No,2025-02-11 11:30:22.306712
CUST0582,Toys,Puzzle,3D,813.65,2,No,No,2025-02-10 03:16:43.306712
CUST0466,Toys,Car,Remote Control,758.07,2,No,No,2025-04-09 20:19:40.306712
CUST0962,Clothing,Jacket,Denim,360.28,1,No,No,2025-02-08 23:57:30.306712
CUST0198,Electronics,Laptop,Gaming,325.9,3,Yes,No,2025-03-17 10:48:58.306712
CUST0264,Clothing,T-Shirt,V-Neck,581.58,5,Yes,No,2025-03-09 15:13:41.306712
CUST0691,Clothing,T-Shirt,V-Neck,590.51,1,No,No,2025-04-03 19:13:40.306712
CUST0438,Toys,Doll,Barbie,530.77,3,No,No,2025-02-21 10:12:39.306712
CUST0686,Electronics,Mobile,Android,653.29,4,No,No,2025-02-28 20:45:02.306712
CUST0332,Clothing,T-Shirt,V-Neck,898.5,2,No,No,2025-02-19 17:59:42.306712
CUST0242,Books,Biography,Celebrity,346.67,1,No,No,2025-02-11 19:47:12.306712
CUST0597,Toys,Puzzle,3D,361.92,2,Yes,No,2025-03-17 23:23:40.306712
CUST0369,Clothing,T-Shirt,Round Neck,500.82,3,No,No,2025-02-27 16:39:03.306712
CUST0315,Clothing,Jeans,Regular,658.07,3,No,No,2025-03-21 12:41:42.306712
CUST0121,Home,Lamp,LED,568.01,3,No,No,2025-02-03 18:48:30.306712
CUST0981,Clothing,Jeans,Slim,596.37,4,No,No,2025-02-26 16:22:44.306712
CUST0766,Toys,Doll,Action,609.45,3,No,No,2025-03-22 15:50:32.306712
CUST0563,Books,Textbook,Math,219.87,7,No,No,2025-03-28 11:27:48.306712
CUST0254,Toys,Puzzle,3D,502.87,2,No,No,2025-03-05 18:56:04.306712
CUST0721,Home,Chair,Office,695.16,2,No,No,2025-01-19 12:06:31.306712
CUST0849,Toys,Car,Electric,683.69,2,No,No,2025-03-10 02:41:36.306712
CUST0550,Clothing,T-Shirt,V-Neck,456.6,3,No,No,2025-04-06 11:17:55.306712
CUST0533,Books,Novel,Fiction,438.3,2,No,No,2025-03-24 02:44:30.306712
CUST0598,Books,Novel,Mystery,81.58,4,No,No,2025-04-02 00:35:27.306712
CUST0057,Books,Novel,Mystery,782.57,4,No,No,2025-02-26 20:37:10.306712
CUST0578,Electronics,Headphones,Wired,432.85,2,No,No,2025-03-19 19:51:51.306712
CUST0827,Home,Table,Coffee,342.11,3,No,No,2025-02-20 22:49:45.306712
CUST0261,Electronics,Headphones,Wireless,1024.16,3,Yes,No,2025-01-17 21:44:05.306712
CUST0434,Home,Table,Coffee,277.61,6,No,No,2025-03-07 01:12:15.306712
CUST0062,Electronics,Laptop,Gaming,566.75,2,No,No,2025-02-10 09:10:18.306712
CUST0419,Clothing,T-Shirt,V-Neck,440.48,3,Yes,Yes,2025-04-10 01:09:35.306712
CUST0392,Books,Biography,Celebrity,669.69,2,No,No,2025-01-21 07:11:52.306712
CUST0700,Toys,Puzzle,3D,50.62,5,No,No,2025-01-25 00:38:14.306712
CUST0183,Toys,Doll,Barbie,249.14,1,No,No,2025-03-25 04:14:03.306712
CUST0229,Electronics,Mobile,iOS,205.82,3,No,No,2025-02-27 11:04:45.306712
CUST0690,Toys,Doll,Action,458.21,0,Yes,No,2025-04-03 10:46:14.306712
CUST0236,Clothing,Jeans,Regular,922.03,2,Yes,No,2025-01-28 13:39:39.306712
CUST0283,Clothing,Jacket,Leather,779.32,3,No,No,2025-01-16 15:16:25.306712
CUST0829,Books,Textbook,Math,582.93,3,Yes,Yes,2025-01-20 01:00:04.306712
CUST0104,Toys,Puzzle,3D,571.2,6,No,No,2025-03-12 13:08:30.306712
CUST0689,Electronics,Mobile,Android,543.6,2,No,No,2025-02-21 13:32:53.306712
CUST0450,Clothing,Jacket,Leather,348.38,3,No,No,2025-03-27 18:02:52.306712
CUST0885,Electronics,Mobile,iOS,362.52,5,No,No,2025-02-05 05:50:16.306712
CUST0836,Toys,Doll,Action,519.66,3,No,No,2025-02-05 12:13:42.306712
CUST0310,Clothing,Jacket,Leather,489.43,2,No,No,2025-02-22 15:52:01.306712
CUST0308,Home,Chair,Office,610.46,2,No,No,2025-03-15 06:52:18.306712
CUST0696,Books,Textbook,Science,625.13,2,No,No,2025-01-18 01:26:59.306712
CUST0996,Home,Table,Study,569.93,0,No,No,2025-03-30 19:15:33.306712
CUST0538,Home,Table,Study,187.04,8,No,No,2025-02-22 03:30:53.306712
CUST0153,Home,Lamp,LED,651.36,3,No,No,2025-03-27 18:07:07.306712
CUST0551,Books,Novel,Fiction,622.49,1,No,No,2025-02-11 16:58:06.306712
CUST0879,Clothing,Jeans,Slim,566.77,2,No,No,2025-03-09 02:39:22.306712
CUST0423,Books,Textbook,Math,786.27,3,Yes,Yes,2025-02-07 06:23:05.306712
CUST0209,Home,Table,Coffee,714.28,7,No,No,2025-04-13 01:08:40.306712
CUST0461,Home,Chair,Office,904.01,4,No,No,2025-01-18 12:17:27.306712
CUST0275,Books,Textbook,Math,625.1,1,No,No,2025-04-08 07:53:06.306712
CUST0075,Clothing,Jacket,Leather,677.05,4,No,No,2025-03-01 01:16:17.306712
CUST0214,Home,Lamp,LED,722.59,2,No,No,2025-02-03 01:44:59.306712
CUST0960,Clothing,Jacket,Leather,715.53,3,No,No,2025-03-27 00:33:24.306712
CUST0773,Books,Novel,Fiction,432.97,0,Yes,No,2025-02-21 00:25:17.306712
CUST0938,Clothing,Jacket,Denim,568.47,7,No,No,2025-03-29 19:16:48.306712
CUST0290,Books,Biography,Celebrity,169.05,4,No,No,2025-02-12 10:52:40.306712
CUST0268,Home,Table,Study,607.76,1,No,No,2025-02-27 18:04:12.306712
CUST0101,Books,Biography,Historical,273.88,4,Yes,Yes,2025-02-22 16:43:44.306712
CUST0047,Toys,Puzzle,Jigsaw,624.54,1,Yes,No,2025-01-15 01:59:49.306712
CUST0268,Toys,Car,Remote Control,557.73,2,No,No,2025-02-11 04:02:59.306712
CUST0157,Clothing,Jeans,Slim,514.96,3,Yes,Yes,2025-04-04 10:04:40.306712
CUST0252,Books,Textbook,Science,458.83,1,No,No,2025-02-07 11:49:00.306712
CUST0782,Books,Textbook,Science,350.68,2,No,No,2025-02-27 06:00:40.306712
CUST0173,Home,Chair,Office,159.56,3,No,No,2025-03-24 10:39:14.306712
CUST0560,Books,Novel,Fiction,407.44,3,No,No,2025-03-05 09:04:51.306712
CUST0035,Electronics,Headphones,Wireless,424.12,2,No,No,2025-03-28 17:14:25.306712
CUST0007,Books,Novel,Fiction,566.41,4,No,No,2025-01-20 02:34:43.306712
CUST0725,Clothing,T-Shirt,Round Neck,266.87,3,No,No,2025-03-03 14:38:42.306712
CUST0467,Home,Chair,Dining,503.61,2,No,No,2025-03-18 12:26:44.306712
CUST0500,Electronics,Mobile,iOS,847.77,5,Yes,Yes,2025-03-05 21:50:04.306712
CUST0740,Home,Table,Study,435.75,4,Yes,Yes,2025-04-02 10:59:44.306712
CUST0715,Books,Novel,Fiction,50.0,4,No,No,2025-04-12 15:24:38.306712
CUST0099,Toys,Puzzle,Jigsaw,206.22,2,Yes,No,2025-02-01 03:26:09.306712
CUST0635,Toys,Doll,Action,552.39,3,No,No,2025-02-08 11:06:49.306712
CUST0815,Books,Novel,Mystery,248.98,2,No,No,2025-02-21 22:18:51.306712
CUST0471,Toys,Puzzle,Jigsaw,382.23,1,Yes,No,2025-02-11 15:11:36.306712
CUST0701,Electronics,Headphones,Wireless,332.55,4,No,No,2025-01-22 14:04:26.306712
CUST0416,Books,Biography,Celebrity,393.54,1,Yes,No,2025-01-18 22:57:33.306712
CUST0653,Electronics,Headphones,Wireless,739.03,3,No,No,2025-01-21 12:52:28.306712
CUST0512,Books,Textbook,Science,427.87,1,Yes,No,2025-03-09 10:44:36.306712
CUST0879,Electronics,Headphones,Wireless,607.78,4,No,No,2025-02-04 19:35:48.306712
CUST0217,Toys,Doll,Action,493.79,1,No,No,2025-01-18 00:41:57.306712
CUST0947,Electronics,Headphones,Wired,318.06,1,Yes,No,2025-04-10 19:44:59.306712
CUST0557,Toys,Car,Electric,52.35,3,No,No,2025-01-30 22:07:41.306712
CUST0952,Home,Chair,Office,75.86,4,No,No,2025-03-11 12:05:42.306712
CUST0148,Books,Novel,Mystery,380.13,5,No,No,2025-01-29 06:44:18.306712
CUST0578,Clothing,Jacket,Denim,278.0,3,No,No,2025-03-20 05:48:27.306712
CUST0919,Toys,Doll,Action,189.37,0,Yes,No,2025-03-27 20:53:56.306712
CUST0758,Clothing,Jacket,Leather,439.7,2,No,No,2025-03-03 03:08:01.306712
CUST0764,Home,Chair,Office,744.25,2,Yes,No,2025-02-24 22:41:29.306712
CUST0238,Electronics,Laptop,Ultrabook,402.57,4,No,No,2025-03-29 14:42:55.306712
CUST0335,Electronics,Headphones,Wired,806.77,2,Yes,No,2025-03-30 14:00:05.306712
CUST0462,Books,Novel,Mystery,527.57,5,Yes,No,2025-02-18 23:00:36.306712
CUST0443,Clothing,Jacket,Denim,322.15,2,Yes,No,2025-01-21 19:53:01.306712
CUST0791,Toys,Doll,Barbie,691.06,4,No,No,2025-03-23 17:51:54.306712
CUST0076,Electronics,Laptop,Gaming,172.1,4,Yes,Yes,2025-03-30 14:47:55.306712
CUST0650,Clothing,Jacket,Denim,421.51,1,No,No,2025-02-13 06:06:56.306712
CUST0370,Electronics,Mobile,Android,280.92,4,No,No,2025-02-12 10:31:01.306712
CUST0456,Home,Lamp,LED,559.68,6,No,No,2025-01-26 08:57:56.306712
CUST0090,Clothing,Jeans,Regular,627.09,5,No,No,2025-03-08 14:04:16.306712
CUST0569,Toys,Doll,Barbie,276.52,2,No,No,2025-01-16 01:23:47.306712
CUST0092,Home,Table,Coffee,744.62,2,No,No,2025-03-12 11:08:13.306712
CUST0613,Home,Lamp,LED,448.23,3,No,No,2025-02-10 20:15:20.306712
CUST0424,Books,Novel,Fiction,524.57,7,Yes,No,2025-01-29 23:21:31.306712
CUST0702,Books,Novel,Fiction,298.27,2,Yes,No,2025-02-08 14:49:42.306712
CUST0309,Home,Lamp,LED,475.46,2,Yes,No,2025-01-19 15:37:30.306712
CUST0172,Books,Biography,Celebrity,518.67,1,No,No,2025-02-11 14:40:31.306712
CUST0496,Electronics,Laptop,Ultrabook,584.67,1,No,No,2025-02-06 10:47:54.306712
CUST0739,Books,Textbook,Math,916.15,6,No,No,2025-02-26 23:05:48.306712
CUST0110,Clothing,Jeans,Slim,417.28,2,No,No,2025-02-20 22:13:51.306712
CUST0341,Toys,Doll,Action,877.54,4,No,No,2025-02-25 05:59:44.306712
CUST0343,Books,Textbook,Math,383.28,1,No,No,2025-02-11 16:16:00.306712
CUST0329,Toys,Car,Electric,707.68,3,Yes,Yes,2025-01-30 18:07:36.306712
CUST0988,Books,Biography,Celebrity,417.71,3,Yes,No,2025-03-15 22:58:17.306712
CUST0503,Toys,Puzzle,3D,730.78,2,No,No,2025-02-19 00:28:27.306712
CUST0288,Books,Biography,Historical,270.54,4,No,No,2025-03-09 06:04:07.306712
CUST0205,Toys,Car,Electric,437.52,3,No,No,2025-03-20 16:42:27.306712
CUST0787,Toys,Puzzle,3D,642.92,5,No,No,2025-03-23 06:49:00.306712
CUST0215,Books,Biography,Historical,90.01,4,No,No,2025-04-03 00:31:48.306712
CUST0869,Books,Textbook,Science,424.59,1,No,No,2025-01-27 00:30:46.306712
CUST0649,Home,Chair,Dining,430.08,3,No,No,2025-03-18 10:59:52.306712
CUST0158,Books,Biography,Historical,570.71,7,No,No,2025-02-26 02:36:11.306712
CUST0613,Books,Textbook,Science,448.81,4,Yes,No,2025-04-13 04:06:10.306712
CUST0943,Books,Textbook,Math,106.59,4,No,No,2025-03-31 06:42:54.306712
CUST0992,Home,Table,Coffee,276.56,2,No,No,2025-01-24 03:03:04.306712
CUST0788,Clothing,Jacket,Denim,481.11,6,No,No,2025-01-29 15:47:55.306712
CUST0663,Toys,Puzzle,3D,583.92,1,No,No,2025-03-27 14:04:47.306712
CUST0340,Books,Novel,Fiction,756.47,2,No,No,2025-01-23 01:58:18.306712
CUST0265,Clothing,Jacket,Leather,717.55,2,No,No,2025-02-25 18:56:28.306712
CUST0384,Books,Biography,Historical,434.44,3,No,No,2025-02-16 00:02:03.306712
CUST0026,Books,Novel,Mystery,432.3,1,No,No,2025-02-22 21:29:41.306712
CUST0943,Electronics,Mobile,Android,273.47,1,Yes,No,2025-02-16 07:51:59.306712
CUST0320,Home,Lamp,LED,568.87,2,Yes,No,2025-03-05 02:29:15.306712
CUST0495,Home,Lamp,LED,472.12,1,No,No,2025-02-25 01:12:09.306712
CUST0740,Books,Biography,Historical,647.93,1,No,No,2025-02-11 15:52:04.306712
CUST0046,Electronics,Mobile,iOS,482.15,4,Yes,No,2025-03-20 06:03:03.306712
CUST0820,Clothing,Jacket,Leather,492.49,4,No,No,2025-03-04 14:33:17.306712
CUST0179,Toys,Puzzle,3D,586.45,2,Yes,No,2025-03-08 20:44:40.306712
CUST0437,Books,Novel,Mystery,594.01,1,No,No,2025-03-15 15:38:59.306712
CUST0189,Clothing,Jacket,Denim,635.47,1,No,No,2025-02-20 21:58:32.306712
CUST0030,Toys,Puzzle,3D,344.99,3,No,No,2025-03-12 00:08:07.306712
CUST0440,Books,Novel,Fiction,621.69,1,No,No,2025-02-02 11:42:52.306712
CUST0286,Electronics,Headphones,Wireless,642.86,3,No,No,2025-04-01 03:10:38.306712
CUST0893,Toys,Puzzle,3D,813.56,2,Yes,No,2025-02-14 03:48:06.306712
CUST0202,Books,Novel,Mystery,328.1,3,No,No,2025-03-19 15:02:58.306712
CUST0884,Books,Textbook,Science,695.06,3,Yes,No,2025-03-13 20:39:13.306712
CUST0402,Toys,Puzzle,3D,603.13,3,Yes,Yes,2025-02-26 23:05:39.306712
CUST0633,Clothing,Jacket,Denim,678.59,4,No,No,2025-04-12 16:53:15.306712
CUST0630,Toys,Puzzle,Jigsaw,865.92,3,Yes,Yes,2025-02-05 16:07:00.306712
CUST0313,Electronics,Mobile,iOS,685.61,2,Yes,No,2025-03-21 20:01:34.306712
CUST0145,Toys,Doll,Action,608.57,0,Yes,No,2025-03-12 09:58:29.306712
CUST0142,Toys,Doll,Action,632.69,2,No,No,2025-01-31 13:02:21.306712
CUST0499,Toys,Car,Electric,355.15,6,No,No,2025-03-08 09:14:31.306712
CUST0171,Books,Biography,Historical,155.91,2,No,No,2025-01-31 16:10:23.306712
CUST0323,Books,Textbook,Math,865.54,3,No,No,2025-04-07 13:00:53.306712
CUST0368,Electronics,Laptop,Gaming,556.75,1,Yes,No,2025-02-01 10:53:03.306712
CUST0835,Books,Textbook,Science,302.43,4,No,No,2025-02-22 05:33:14.306712
CUST0702,Books,Biography,Celebrity,462.88,0,No,No,2025-03-01 22:57:15.306712
CUST0172,Electronics,Headphones,Wireless,435.66,2,No,No,2025-03-31 18:44:19.306712
CUST0780,Clothing,Jeans,Slim,543.82,1,No,No,2025-02-09 04:39:20.306712
CUST0231,Toys,Doll,Barbie,515.43,2,No,No,2025-03-30 07:27:30.306712
CUST0469,Toys,Car,Remote Control,166.28,3,No,No,2025-03-07 21:09:24.306712
CUST0524,Electronics,Headphones,Wireless,711.75,7,No,No,2025-02-08 12:25:42.306712
CUST0794,Toys,Doll,Barbie,323.79,3,Yes,No,2025-02-25 08:39:38.306712
CUST0560,Clothing,Jeans,Slim,357.56,3,No,No,2025-03-25 23:10:47.306712
CUST0850,Clothing,Jeans,Slim,546.29,1,Yes,No,2025-02-26 04:09:15.306712
CUST0270,Home,Chair,Dining,629.3,2,Yes,No,2025-04-07 12:28:29.306712
CUST0121,Clothing,T-Shirt,V-Neck,240.5,0,No,No,2025-04-07 02:35:26.306712
CUST0728,Toys,Car,Remote Control,348.43,4,No,No,2025-01-29 14:58:01.306712
CUST0631,Clothing,T-Shirt,Round Neck,783.65,2,No,No,2025-04-01 17:00:51.306712
CUST0061,Toys,Doll,Action,182.24,1,Yes,No,2025-03-12 10:58:52.306712
CUST0552,Clothing,Jeans,Regular,783.71,5,No,No,2025-02-10 14:23:50.306712
CUST0587,Home,Table,Coffee,50.0,3,No,No,2025-01-26 16:08:49.306712
CUST0986,Books,Novel,Mystery,543.32,7,No,No,2025-04-07 16:34:09.306712
CUST0672,Clothing,Jacket,Leather,294.85,4,No,No,2025-02-06 17:59:31.306712
CUST0150,Home,Chair,Dining,1010.94,1,No,No,2025-03-02 00:43:24.306712
CUST0146,Toys,Car,Remote Control,371.56,2,No,No,2025-03-15 11:06:42.306712
CUST0425,Books,Biography,Historical,720.78,0,No,No,2025-03-16 00:39:41.306712
CUST0814,Electronics,Laptop,Ultrabook,595.03,3,Yes,No,2025-04-08 16:29:58.306712
CUST0378,Books,Biography,Celebrity,569.02,4,Yes,No,2025-04-07 20:54:13.306712
CUST0793,Electronics,Headphones,Wired,757.3,3,No,No,2025-03-16 03:29:15.306712
CUST0681,Home,Chair,Dining,294.73,4,Yes,Yes,2025-02-24 05:20:34.306712
CUST0845,Clothing,Jeans,Regular,746.0,1,No,No,2025-02-13 20:31:56.306712
CUST0849,Home,Lamp,LED,482.39,1,No,No,2025-03-09 11:24:31.306712
CUST0873,Books,Biography,Historical,567.65,3,No,No,2025-01-17 23:15:24.306712
CUST0102,Books,Novel,Fiction,314.44,4,No,No,2025-04-06 18:40:30.306712
CUST0162,Books,Biography,Historical,452.12,2,No,No,2025-02-24 01:02:47.306712
CUST0208,Clothing,Jacket,Denim,988.92,3,No,No,2025-01-28 22:38:46.306712
CUST0896,Home,Chair,Dining,391.54,2,No,No,2025-02-06 19:39:04.306712
CUST0085,Home,Table,Coffee,933.01,5,No,No,2025-01-18 12:52:30.306712
CUST0406,Home,Table,Coffee,738.11,3,No,No,2025-02-24 04:22:57.306712
CUST0672,Electronics,Headphones,Wireless,894.51,3,Yes,Yes,2025-02-28 19:14:31.306712
CUST0080,Clothing,Jacket,Leather,222.8,1,No,No,2025-03-04 22:35:41.306712
CUST0697,Books,Novel,Fiction,598.29,2,Yes,No,2025-03-22 01:03:38.306712
CUST0352,Electronics,Laptop,Gaming,613.95,3,No,No,2025-02-28 21:19:27.306712
CUST0073,Clothing,Jeans,Slim,1026.71,5,Yes,No,2025-01-23 10:52:28.306712
CUST0106,Home,Lamp,Halogen,606.35,2,No,No,2025-01-26 19:44:10.306712
CUST0392,Clothing,Jacket,Leather,898.31,1,No,No,2025-01-20 03:36:45.306712
CUST0544,Toys,Puzzle,Jigsaw,333.59,3,No,No,2025-02-25 05:42:28.306712
CUST0360,Clothing,Jacket,Leather,585.17,5,Yes,No,2025-03-14 07:45:47.306712
CUST0704,Books,Novel,Fiction,583.64,5,No,No,2025-04-10 13:24:53.306712
CUST0103,Clothing,T-Shirt,V-Neck,242.34,1,Yes,No,2025-02-16 15:20:21.306712
CUST0987,Books,Biography,Historical,558.54,3,No,No,2025-02-06 13:35:09.306712
CUST0284,Electronics,Mobile,iOS,422.46,2,No,No,2025-03-30 03:19:58.306712
CUST0964,Electronics,Headphones,Wired,417.28,4,No,No,2025-02-02 10:55:30.306712
CUST0531,Toys,Car,Electric,839.14,3,No,No,2025-03-27 02:48:14.306712
CUST0402,Home,Table,Coffee,879.46,0,No,No,2025-03-30 14:35:31.306712
CUST0920,Clothing,Jeans,Regular,920.73,0,Yes,No,2025-01-24 10:54:49.306712
CUST0247,Books,Textbook,Math,619.28,2,No,No,2025-03-05 19:11:55.306712
CUST0911,Electronics,Laptop,Ultrabook,172.48,4,No,No,2025-01-26 07:44:39.306712
CUST0397,Toys,Doll,Action,523.92,1,No,No,2025-03-07 13:18:15.306712
CUST0700,Clothing,Jeans,Slim,730.72,3,No,No,2025-01-15 03:05:27.306712
CUST0602,Electronics,Mobile,iOS,777.27,1,Yes,No,2025-02-03 10:55:09.306712
CUST0041,Electronics,Laptop,Ultrabook,806.04,2,No,No,2025-03-15 12:52:40.306712
CUST0730,Toys,Doll,Action,632.99,4,Yes,No,2025-01-21 12:16:21.306712
CUST0656,Toys,Car,Electric,463.37,5,No,No,2025-02-09 10:44:55.306712
CUST0086,Home,Chair,Office,428.67,3,Yes,No,2025-01-28 14:15:24.306712
CUST0550,Home,Lamp,LED,744.16,5,No,No,2025-02-12 14:56:57.306712
CUST0716,Books,Textbook,Math,324.65,2,No,No,2025-01-19 03:07:57.306712
CUST0251,Electronics,Laptop,Gaming,531.45,2,No,No,2025-02-26 12:38:05.306712
CUST0627,Toys,Puzzle,3D,501.24,5,No,No,2025-03-19 04:16:47.306712
CUST0760,Clothing,T-Shirt,Round Neck,460.41,4,No,No,2025-03-23 05:43:47.306712
CUST0141,Electronics,Mobile,iOS,913.58,3,No,No,2025-02-16 04:05:00.306712
CUST0536,Toys,Car,Remote Control,740.93,4,Yes,Yes,2025-01-25 19:58:18.306712
CUST0768,Home,Table,Coffee,375.18,2,No,No,2025-03-29 09:45:53.306712
CUST0922,Electronics,Laptop,Ultrabook,861.9,2,No,No,2025-02-08 21:57:45.306712
CUST0537,Electronics,Laptop,Gaming,205.15,2,No,No,2025-03-02 16:18:34.306712
CUST0467,Toys,Doll,Barbie,321.76,5,No,No,2025-03-03 00:22:39.306712
CUST0880,Toys,Puzzle,3D,487.63,8,No,No,2025-01-28 18:45:38.306712
CUST0262,Electronics,Headphones,Wireless,333.61,2,No,No,2025-02-04 16:25:22.306712
CUST0759,Toys,Puzzle,Jigsaw,372.34,2,No,No,2025-04-06 21:05:32.306712
CUST0884,Electronics,Mobile,Android,514.25,2,Yes,No,2025-02-28 07:29:35.306712
CUST0373,Books,Novel,Fiction,241.3,0,No,No,2025-04-06 18:17:14.306712
CUST0037,Toys,Car,Remote Control,713.68,1,No,No,2025-02-04 07:21:37.306712
CUST0330,Clothing,Jeans,Regular,620.82,8,Yes,Yes,2025-01-21 01:41:31.306712
CUST0586,Home,Chair,Office,444.67,1,Yes,No,2025-01-30 22:06:16.306712
CUST0229,Toys,Puzzle,3D,590.18,4,No,No,2025-01-20 04:48:43.306712
CUST0899,Books,Biography,Celebrity,230.08,8,No,No,2025-02-14 06:52:06.306712
CUST0089,Toys,Doll,Barbie,416.96,4,No,No,2025-02-18 07:50:46.306712
CUST0206,Home,Table,Study,879.55,3,No,No,2025-03-26 07:32:20.306712
CUST0638,Clothing,Jeans,Regular,310.42,6,Yes,No,2025-03-02 09:48:56.306712
CUST0792,Clothing,Jacket,Leather,198.36,1,No,No,2025-01-28 03:02:49.306712
CUST0007,Books,Novel,Fiction,268.6,4,Yes,No,2025-03-16 06:03:13.306712
CUST0860,Electronics,Laptop,Gaming,581.61,4,No,No,2025-03-28 04:38:06.306712
CUST0674,Books,Textbook,Science,610.16,2,No,No,2025-01-23 14:25:14.306712
CUST0211,Toys,Puzzle,3D,574.67,2,No,No,2025-03-02 06:42:44.306712
CUST0985,Electronics,Mobile,iOS,562.48,5,Yes,Yes,2025-04-12 22:55:36.306712
CUST0238,Toys,Doll,Action,669.11,2,No,No,2025-02-27 00:29:11.306712
CUST0998,Electronics,Headphones,Wireless,730.24,4,Yes,No,2025-03-16 09:01:19.306712
CUST0840,Books,Novel,Fiction,231.07,7,Yes,Yes,2025-01-26 04:46:27.306712
CUST0243,Home,Lamp,Halogen,542.32,5,No,No,2025-04-13 10:02:09.306712
CUST0821,Books,Textbook,Science,514.54,2,Yes,No,2025-02-13 09:19:48.306712
CUST0464,Home,Chair,Office,537.46,3,No,No,2025-02-02 04:33:23.306712
CUST0140,Toys,Puzzle,Jigsaw,584.81,2,No,No,2025-01-23 18:24:08.306712
CUST0169,Books,Biography,Celebrity,507.89,4,Yes,Yes,2025-03-06 12:59:47.306712
CUST0367,Clothing,Jeans,Regular,463.71,5,Yes,Yes,2025-04-06 06:37:45.306712
CUST0123,Electronics,Mobile,iOS,478.73,3,Yes,No,2025-03-22 04:02:43.306712
CUST0618,Electronics,Mobile,iOS,96.3,5,No,No,2025-01-27 21:49:17.306712
CUST0094,Clothing,Jeans,Regular,529.01,2,Yes,No,2025-03-04 08:38:58.306712
CUST0051,Home,Lamp,LED,595.76,1,No,No,2025-01-16 12:37:42.306712
CUST0975,Books,Biography,Historical,635.92,3,No,No,2025-01-22 16:55:40.306712
CUST0474,Electronics,Mobile,Android,253.3,2,No,No,2025-01-14 16:03:48.306712
CUST0064,Clothing,T-Shirt,Round Neck,202.07,2,No,No,2025-04-03 11:30:00.306712
CUST0411,Home,Table,Coffee,478.7,4,Yes,No,2025-02-07 15:17:51.306712
CUST0940,Electronics,Mobile,Android,409.24,1,Yes,No,2025-02-01 16:59:37.306712
CUST0925,Books,Novel,Fiction,555.47,4,Yes,No,2025-04-04 00:44:30.306712
CUST0829,Home,Chair,Office,495.54,3,No,No,2025-02-27 06:23:52.306712
CUST0052,Clothing,Jacket,Denim,215.77,3,No,No,2025-04-03 06:52:03.306712
CUST0742,Books,Biography,Historical,396.57,2,No,No,2025-02-19 16:01:34.306712
CUST0700,Books,Novel,Mystery,145.79,5,No,No,2025-02-03 08:31:36.306712
CUST0931,Clothing,Jeans,Regular,594.31,2,No,No,2025-02-25 19:29:02.306712
CUST0905,Clothing,T-Shirt,Round Neck,315.88,3,No,No,2025-03-17 08:28:11.306712
CUST0303,Books,Biography,Celebrity,401.5,4,Yes,Yes,2025-02-09 16:07:38.306712
CUST0393,Clothing,Jeans,Slim,617.23,2,No,No,2025-03-16 21:41:27.306712
CUST0906,Toys,Puzzle,Jigsaw,417.52,6,No,No,2025-02-19 15:29:13.306712
CUST0801,Home,Lamp,Halogen,222.29,3,No,No,2025-02-15 21:51:34.306712
CUST0935,Toys,Car,Remote Control,179.95,4,No,No,2025-02-20 05:11:45.306712
CUST0277,Clothing,T-Shirt,V-Neck,455.87,1,No,No,2025-03-12 11:35:02.306712
CUST0225,Electronics,Laptop,Gaming,351.55,3,No,No,2025-04-02 00:30:07.306712
CUST0484,Toys,Doll,Barbie,611.46,2,Yes,No,2025-01-29 00:09:16.306712
CUST0103,Clothing,Jacket,Leather,473.17,4,No,No,2025-02-08 09:15:17.306712
CUST0547,Electronics,Mobile,iOS,555.8,2,No,No,2025-02-16 22:57:23.306712
CUST0958,Clothing,T-Shirt,Round Neck,672.36,2,No,No,2025-03-12 00:52:20.306712
CUST0326,Home,Table,Coffee,411.38,1,No,No,2025-03-22 19:21:57.306712
CUST0718,Home,Table,Coffee,736.35,4,Yes,No,2025-01-31 18:49:05.306712
CUST0857,Books,Textbook,Science,470.01,2,Yes,No,2025-01-30 13:16:43.306712
CUST0503,Electronics,Mobile,Android,213.37,2,No,No,2025-02-05 02:15:13.306712
CUST0617,Clothing,T-Shirt,V-Neck,426.9,3,No,No,2025-01-13 13:47:40.306712
CUST0340,Toys,Puzzle,Jigsaw,469.74,1,Yes,No,2025-02-15 14:13:41.306712
CUST0735,Clothing,Jeans,Slim,498.59,1,Yes,No,2025-01-15 15:15:45.306712
CUST0152,Toys,Car,Electric,456.88,2,Yes,No,2025-03-29 16:36:24.306712
CUST0114,Toys,Doll,Barbie,700.68,3,Yes,Yes,2025-03-18 19:05:56.306712
CUST0406,Toys,Puzzle,3D,524.36,3,Yes,Yes,2025-01-26 18:09:26.306712
CUST1000,Clothing,Jacket,Denim,623.62,1,No,No,2025-03-31 09:19:43.306712
CUST0655,Books,Textbook,Science,801.89,4,No,No,2025-01-30 10:07:24.306712
CUST0725,Toys,Car,Remote Control,487.18,6,No,No,2025-02-04 04:22:56.306712
CUST0682,Toys,Puzzle,3D,607.26,8,No,No,2025-02-12 07:09:06.306712
CUST0752,Home,Chair,Office,833.81,4,Yes,No,2025-03-22 16:00:00.306712
CUST0972,Toys,Doll,Barbie,311.49,2,Yes,No,2025-01-31 04:28:59.306712
CUST0617,Home,Table,Coffee,200.2,7,No,No,2025-03-16 14:41:13.306712
CUST0580,Electronics,Laptop,Gaming,481.63,2,No,No,2025-02-14 15:52:49.306712
CUST0764,Electronics,Mobile,iOS,650.54,4,Yes,No,2025-01-29 19:24:28.306712
CUST0652,Electronics,Headphones,Wired,262.51,5,Yes,Yes,2025-02-08 06:11:30.306712
CUST0215,Clothing,Jacket,Leather,430.11,5,Yes,Yes,2025-03-30 22:05:29.306712
CUST0111,Electronics,Mobile,iOS,345.49,3,No,No,2025-02-25 01:19:43.306712
CUST0751,Books,Novel,Mystery,603.06,3,No,No,2025-03-02 09:09:58.306712
CUST0903,Books,Biography,Celebrity,333.14,4,Yes,Yes,2025-03-01 01:29:34.306712
CUST0808,Toys,Car,Electric,566.65,2,Yes,No,2025-01-29 07:13:08.306712
CUST0463,Electronics,Mobile,iOS,533.97,1,No,No,2025-01-15 10:59:13.306712
CUST0327,Home,Chair,Office,903.06,2,Yes,No,2025-02-15 16:40:22.306712
CUST0175,Books,Novel,Fiction,758.13,5,No,No,2025-03-07 14:54:43.306712
CUST0965,Electronics,Laptop,Ultrabook,450.13,3,Yes,No,2025-02-24 09:15:29.306712
CUST0966,Clothing,Jacket,Denim,1000.33,1,No,No,2025-01-28 18:16:49.306712
CUST0055,Electronics,Laptop,Gaming,347.94,4,No,No,2025-01-31 22:53:50.306712
CUST0420,Toys,Car,Remote Control,886.49,2,No,No,2025-03-18 15:30:23.306712
CUST0289,Home,Chair,Office,619.37,0,No,No,2025-01-18 07:51:39.306712
CUST0403,Toys,Car,Remote Control,453.54,2,Yes,No,2025-01-28 10:05:32.306712
CUST0056,Home,Chair,Dining,978.15,2,No,No,2025-01-22 00:23:26.306712
CUST0302,Toys,Doll,Barbie,575.42,2,No,No,2025-01-22 22:11:52.306712
CUST0027,Clothing,T-Shirt,V-Neck,815.08,1,No,No,2025-01-21 11:07:36.306712
CUST0485,Electronics,Laptop,Ultrabook,505.76,0,No,No,2025-02-28 05:34:55.306712
CUST0501,Home,Chair,Dining,484.19,3,No,No,2025-01-31 11:00:23.306712
CUST0380,Books,Biography,Historical,384.18,3,No,No,2025-02-25 18:56:01.306712
CUST0046,Home,Lamp,Halogen,343.77,7,No,No,2025-02-08 01:58:13.306712
CUST0232,Home,Table,Coffee,448.04,3,Yes,Yes,2025-03-22 03:05:48.306712
CUST0684,Electronics,Mobile,iOS,495.54,4,Yes,No,2025-02-22 16:51:38.306712
CUST0995,Toys,Puzzle,Jigsaw,362.22,2,No,No,2025-04-05 03:24:04.306712
CUST0397,Toys,Doll,Action,479.13,1,No,No,2025-03-10 02:43:22.306712
CUST0903,Clothing,Jeans,Regular,578.66,3,Yes,Yes,2025-04-11 03:49:31.306712
CUST0875,Electronics,Headphones,Wireless,692.4,3,No,No,2025-01-25 04:28:44.306712
CUST0973,Books,Novel,Fiction,452.6,4,No,No,2025-02-03 01:56:30.306712
CUST0828,Clothing,T-Shirt,Round Neck,467.35,2,No,No,2025-02-23 14:44:13.306712
CUST0081,Books,Novel,Fiction,823.96,3,No,No,2025-04-04 11:48:53.306712
CUST0610,Home,Lamp,LED,626.73,2,No,No,2025-01-21 22:59:26.306712
CUST0398,Toys,Doll,Action,360.36,3,No,No,2025-04-06 16:16:51.306712
CUST0283,Toys,Doll,Barbie,458.78,5,No,No,2025-03-30 20:59:51.306712
CUST0718,Toys,Car,Remote Control,652.06,4,Yes,Yes,2025-01-28 00:53:37.306712
CUST0152,Toys,Car,Electric,619.1,1,No,No,2025-04-13 07:26:26.306712
CUST0109,Toys,Puzzle,3D,382.02,4,Yes,No,2025-04-08 23:04:01.306712
CUST0353,Books,Biography,Celebrity,742.43,4,No,No,2025-03-18 01:58:04.306712
CUST0498,Toys,Car,Remote Control,401.37,5,No,No,2025-01-17 03:30:11.306712
CUST0177,Home,Lamp,LED,451.46,2,No,No,2025-03-14 12:48:57.306712
CUST0624,Books,Novel,Mystery,122.0,3,No,No,2025-04-09 21:03:36.306712
CUST0901,Home,Table,Coffee,839.49,2,No,No,2025-01-18 07:03:29.306712
CUST0764,Books,Biography,Celebrity,363.82,1,No,No,2025-01-15 11:20:52.306712
CUST0346,Home,Lamp,Halogen,488.82,7,No,No,2025-04-05 08:10:36.306712
CUST0504,Electronics,Mobile,Android,567.59,3,No,No,2025-02-11 16:22:19.306712
CUST0998,Books,Biography,Celebrity,517.22,4,No,No,2025-03-25 06:25:39.306712
CUST0427,Toys,Car,Electric,350.62,5,No,No,2025-01-31 18:07:25.306712
CUST0453,Clothing,Jeans,Regular,421.41,3,No,No,2025-03-28 05:56:58.306712
CUST0529,Home,Chair,Office,355.79,4,Yes,Yes,2025-03-23 09:37:06.306712
CUST0519,Books,Novel,Fiction,862.68,1,No,No,2025-01-30 09:02:21.306712
CUST0198,Clothing,T-Shirt,Round Neck,431.42,2,No,No,2025-01-16 17:15:47.306712
CUST0468,Electronics,Laptop,Gaming,480.43,2,Yes,No,2025-02-09 02:36:56.306712
CUST0378,Books,Textbook,Science,278.41,0,Yes,No,2025-03-16 04:48:50.306712
CUST0946,Electronics,Headphones,Wireless,468.02,5,No,No,2025-02-05 23:57:30.306712
CUST0382,Books,Textbook,Science,687.3,6,No,No,2025-01-30 18:00:06.306712
CUST0984,Books,Textbook,Science,302.89,2,No,No,2025-02-15 22:21:36.306712
CUST0168,Home,Table,Coffee,306.05,1,No,No,2025-02-10 04:27:42.306712
CUST0029,Books,Novel,Fiction,159.03,1,No,No,2025-04-06 09:44:59.306712
CUST0586,Clothing,T-Shirt,Round Neck,514.79,5,Yes,No,2025-02-08 15:12:43.306712
CUST0668,Books,Textbook,Math,435.91,5,No,No,2025-04-07 10:56:08.306712
CUST0800,Electronics,Laptop,Gaming,504.95,2,Yes,No,2025-03-17 08:41:13.306712
CUST0178,Toys,Puzzle,Jigsaw,498.89,4,Yes,Yes,2025-04-01 16:11:14.306712
CUST0966,Home,Table,Study,735.7,3,No,No,2025-02-23 15:44:36.306712
CUST0917,Books,Biography,Celebrity,329.77,5,No,No,2025-02-06 23:24:05.306712
CUST0224,Books,Biography,Celebrity,117.96,2,No,No,2025-03-11 06:09:20.306712
CUST0105,Electronics,Headphones,Wired,532.86,4,No,No,2025-03-09 00:29:30.306712
CUST0663,Toys,Car,Remote Control,939.24,4,No,No,2025-02-11 11:42:04.306712
CUST0701,Electronics,Laptop,Gaming,699.53,4,Yes,Yes,2025-02-09 08:27:16.306712
CUST0656,Home,Lamp,Halogen,442.64,4,No,No,2025-03-18 05:04:17.306712
CUST0729,Home,Chair,Office,473.57,3,No,No,2025-03-04 17:35:00.306712
CUST0784,Clothing,T-Shirt,V-Neck,395.25,4,Yes,No,2025-03-20 14:28:40.306712
CUST0144,Electronics,Headphones,Wired,655.81,2,No,No,2025-02-11 05:00:38.306712
CUST0266,Books,Biography,Celebrity,277.91,1,Yes,No,2025-03-26 00:54:43.306712
CUST0037,Toys,Car,Electric,601.72,0,Yes,No,2025-02-15 19:50:20.306712
CUST0744,Clothing,Jacket,Denim,413.94,2,Yes,No,2025-04-11 12:33:42.306712
CUST0964,Home,Table,Study,741.32,2,No,No,2025-04-05 14:10:17.306712
CUST0175,Toys,Puzzle,3D,194.57,3,No,No,2025-01-22 23:38:00.306712
CUST0483,Clothing,Jacket,Denim,558.73,3,No,No,2025-03-24 22:00:33.306712
CUST0828,Toys,Puzzle,3D,486.55,5,No,No,2025-03-18 01:08:42.306712
CUST0092,Clothing,Jeans,Slim,420.72,1,No,No,2025-03-26 18:20:12.306712
CUST0893,Home,Lamp,Halogen,466.21,4,No,No,2025-02-18 14:17:05.306712
CUST0267,Toys,Doll,Action,839.89,6,Yes,No,2025-02-28 04:37:53.306712
CUST0055,Toys,Car,Electric,419.64,3,No,No,2025-02-28 08:33:12.306712
CUST0911,Clothing,Jacket,Leather,534.04,2,No,No,2025-04-07 17:37:05.306712
CUST0698,Books,Textbook,Science,691.06,2,No,No,2025-02-22 14:48:41.306712
CUST0056,Clothing,T-Shirt,Round Neck,269.25,3,Yes,Yes,2025-03-09 19:00:30.306712
CUST0915,Books,Novel,Mystery,330.97,4,No,No,2025-04-07 05:43:31.306712
CUST0733,Clothing,T-Shirt,V-Neck,555.32,3,No,No,2025-02-14 19:17:05.306712
CUST0647,Clothing,Jeans,Slim,739.1,1,No,No,2025-01-13 23:11:06.306712
CUST0463,Home,Chair,Office,281.58,3,No,No,2025-03-10 11:01:44.306712
CUST0783,Clothing,Jeans,Slim,527.07,3,No,No,2025-01-26 01:44:22.306712
CUST0630,Books,Textbook,Science,531.43,1,No,No,2025-02-21 16:10:36.306712
CUST0440,Books,Biography,Historical,535.24,0,No,No,2025-01-17 04:06:29.306712
CUST0547,Clothing,Jacket,Denim,418.75,5,Yes,No,2025-04-10 02:43:38.306712
CUST0330,Toys,Puzzle,Jigsaw,376.63,4,No,No,2025-03-20 05:08:21.306712
CUST0005,Clothing,T-Shirt,V-Neck,716.01,4,No,No,2025-02-12 19:25:46.306712
CUST0133,Electronics,Laptop,Ultrabook,688.56,4,No,No,2025-01-29 17:23:13.306712
CUST0067,Electronics,Laptop,Ultrabook,476.96,3,No,No,2025-02-26 18:35:14.306712
CUST0746,Toys,Car,Remote Control,423.01,4,No,No,2025-02-24 14:42:54.306712
CUST0910,Clothing,Jeans,Regular,486.37,5,No,No,2025-02-17 09:19:01.306712
CUST0769,Clothing,T-Shirt,V-Neck,546.02,2,No,No,2025-01-15 08:45:56.306712
CUST0234,Clothing,Jacket,Leather,143.77,2,No,No,2025-02-03 00:18:39.306712
CUST0752,Electronics,Headphones,Wireless,53.91,4,No,No,2025-01-25 11:11:24.306712
CUST0376,Electronics,Laptop,Ultrabook,610.38,0,Yes,No,2025-03-29 09:20:38.306712
CUST0548,Toys,Puzzle,Jigsaw,636.05,3,Yes,No,2025-03-17 23:07:29.306712
CUST0857,Electronics,Mobile,Android,245.26,1,No,No,2025-02-22 23:21:33.306712
CUST0455,Books,Novel,Mystery,567.0,2,No,No,2025-02-28 13:37:31.306712
CUST0719,Clothing,T-Shirt,Round Neck,753.53,3,No,No,2025-02-11 17:51:14.306712
CUST0431,Electronics,Headphones,Wired,557.75,5,No,No,2025-03-14 23:25:33.306712
CUST0621,Clothing,Jeans,Slim,670.02,3,Yes,No,2025-03-14 11:32:33.306712
CUST0121,Home,Chair,Office,583.54,5,Yes,Yes,2025-03-13 15:16:44.306712
CUST0205,Home,Table,Coffee,407.77,3,No,No,2025-02-17 06:13:12.306712
CUST0721,Books,Biography,Historical,651.31,2,No,No,2025-01-17 08:01:26.306712
CUST0562,Books,Novel,Mystery,672.79,1,Yes,No,2025-02-14 14:33:51.306712
CUST0241,Electronics,Mobile,Android,497.66,3,No,No,2025-04-11 13:23:08.306712
CUST0114,Toys,Car,Remote Control,594.37,4,Yes,Yes,2025-01-22 06:06:35.306712
CUST0799,Toys,Puzzle,Jigsaw,323.41,2,No,No,2025-04-11 08:29:26.306712
CUST0263,Clothing,Jeans,Regular,562.86,2,No,No,2025-02-08 03:39:28.306712
CUST0476,Electronics,Mobile,Android,462.51,5,No,No,2025-04-08 09:05:48.306712
CUST0041,Home,Lamp,Halogen,382.18,1,No,No,2025-02-23 20:50:33.306712
CUST0757,Electronics,Mobile,Android,312.88,2,No,No,2025-01-14 10:44:24.306712
CUST0873,Clothing,Jacket,Leather,271.29,1,Yes,No,2025-02-14 10:02:13.306712
CUST0367,Books,Textbook,Science,608.33,5,No,No,2025-04-08 19:11:53.306712
CUST0751,Electronics,Laptop,Ultrabook,694.52,5,Yes,Yes,2025-02-21 10:04:52.306712
CUST0410,Books,Biography,Celebrity,477.89,4,Yes,No,2025-02-28 22:35:36.306712
CUST0820,Books,Textbook,Math,456.23,3,Yes,Yes,2025-03-22 02:23:43.306712
CUST0744,Electronics,Mobile,Android,653.25,5,No,No,2025-02-22 21:37:00.306712
CUST0934,Toys,Doll,Action,582.11,4,No,No,2025-01-31 02:34:10.306712
CUST0626,Books,Biography,Historical,453.79,3,No,No,2025-04-07 06:08:57.306712
CUST0701,Clothing,Jeans,Regular,825.79,1,Yes,No,2025-01-24 11:21:55.306712
CUST0909,Books,Biography,Historical,178.42,3,No,No,2025-01-19 15:47:08.306712
CUST0268,Home,Chair,Office,544.45,3,Yes,No,2025-03-19 13:03:08.306712
CUST0895,Home,Table,Coffee,515.55,2,No,No,2025-02-24 12:48:38.306712
CUST0678,Clothing,Jeans,Regular,661.78,1,No,No,2025-03-18 22:45:35.306712
CUST0693,Books,Novel,Fiction,383.11,3,Yes,Yes,2025-01-28 17:52:09.306712
CUST0518,Books,Biography,Historical,386.72,1,No,No,2025-01-20 18:39:02.306712
CUST0770,Books,Biography,Historical,666.32,7,No,No,2025-02-14 15:14:34.306712
CUST0994,Home,Chair,Office,377.28,5,Yes,No,2025-02-19 06:29:29.306712
CUST0413,Clothing,T-Shirt,V-Neck,539.25,5,No,No,2025-02-25 15:14:13.306712
CUST0821,Toys,Doll,Barbie,430.97,3,No,No,2025-04-06 16:11:58.306712
CUST0511,Books,Biography,Historical,597.85,5,No,No,2025-03-02 19:09:57.306712
CUST0764,Electronics,Mobile,iOS,511.17,2,No,No,2025-02-22 13:01:13.306712
CUST0037,Toys,Car,Electric,438.07,4,No,No,2025-04-03 16:42:31.306712
CUST0094,Toys,Car,Remote Control,366.56,4,No,No,2025-04-09 22:18:38.306712
CUST0521,Toys,Puzzle,3D,353.41,2,No,No,2025-02-15 14:26:59.306712
CUST0373,Electronics,Mobile,iOS,96.53,6,No,No,2025-02-14 17:45:15.306712
CUST0574,Toys,Car,Remote Control,50.0,3,Yes,No,2025-02-17 18:44:22.306712
CUST0734,Books,Novel,Fiction,943.11,2,No,No,2025-03-28 05:32:44.306712
CUST0675,Clothing,T-Shirt,V-Neck,611.35,3,No,No,2025-02-16 23:44:08.306712
CUST0850,Home,Table,Study,643.68,3,Yes,No,2025-01-17 22:52:21.306712
CUST0919,Clothing,Jeans,Slim,468.45,3,Yes,No,2025-03-26 14:22:39.306712
CUST0739,Books,Novel,Mystery,596.05,6,No,No,2025-03-13 19:35:23.306712
CUST0201,Clothing,T-Shirt,V-Neck,288.98,4,No,No,2025-02-03 10:33:42.306712
CUST0469,Clothing,Jacket,Denim,340.77,2,Yes,No,2025-01-23 23:18:51.306712
CUST0776,Books,Novel,Fiction,309.99,3,No,No,2025-03-29 11:25:50.306712
CUST0914,Books,Biography,Historical,441.18,3,No,No,2025-03-02 22:33:24.306712
CUST0005,Toys,Car,Electric,554.17,4,Yes,No,2025-02-24 12:43:23.306712
CUST0859,Toys,Doll,Barbie,781.39,3,Yes,No,2025-01-30 08:50:11.306712
CUST0749,Clothing,T-Shirt,V-Neck,403.18,5,Yes,No,2025-03-13 08:39:32.306712
CUST0904,Home,Table,Study,977.67,1,Yes,No,2025-02-23 03:45:41.306712
CUST0624,Clothing,Jeans,Regular,736.85,0,No,No,2025-02-15 19:07:15.306712
CUST0994,Home,Lamp,LED,507.53,3,No,No,2025-01-26 22:11:04.306712
CUST0423,Toys,Car,Remote Control,445.3,2,No,No,2025-04-05 08:42:27.306712
CUST0719,Toys,Doll,Barbie,818.53,2,No,No,2025-02-02 00:18:26.306712
CUST0215,Toys,Car,Remote Control,503.87,4,No,No,2025-03-21 04:07:20.306712
CUST0354,Clothing,Jacket,Leather,227.0,6,No,No,2025-03-03 10:21:31.306712
CUST0556,Home,Table,Coffee,640.3,1,No,No,2025-03-28 08:56:10.306712
CUST0361,Toys,Doll,Action,616.94,2,No,No,2025-03-19 23:18:11.306712
CUST0766,Toys,Doll,Action,425.95,3,No,No,2025-04-01 23:41:18.306712
CUST0014,Toys,Puzzle,Jigsaw,634.39,3,No,No,2025-02-19 11:41:38.306712
CUST0149,Electronics,Headphones,Wireless,576.84,3,No,No,2025-02-01 22:00:30.306712
CUST0274,Clothing,Jeans,Regular,629.12,4,No,No,2025-01-27 17:24:17.306712
CUST0860,Electronics,Headphones,Wired,503.88,4,No,No,2025-02-02 07:33:30.306712
CUST0772,Toys,Puzzle,3D,646.19,2,No,No,2025-04-02 13:01:13.306712
CUST0464,Electronics,Headphones,Wireless,369.87,2,No,No,2025-03-26 14:08:56.306712
CUST0663,Toys,Doll,Barbie,597.24,4,No,No,2025-03-04 02:44:13.306712
CUST0804,Home,Table,Coffee,110.13,3,Yes,No,2025-02-20 03:16:11.306712
CUST0427,Home,Table,Coffee,488.61,3,Yes,Yes,2025-02-06 21:52:09.306712
CUST0208,Toys,Doll,Barbie,432.73,1,No,No,2025-04-12 00:07:08.306712
CUST0649,Home,Table,Coffee,431.68,3,No,No,2025-03-29 20:45:17.306712
CUST0743,Clothing,Jeans,Regular,673.44,1,No,No,2025-01-30 17:38:03.306712
CUST0700,Electronics,Mobile,Android,636.04,5,No,No,2025-03-25 21:03:40.306712
CUST0527,Electronics,Laptop,Gaming,460.23,1,No,No,2025-02-24 02:41:51.306712
CUST0286,Toys,Doll,Barbie,510.11,1,No,No,2025-01-29 03:11:36.306712
CUST0599,Home,Chair,Dining,797.96,3,No,No,2025-02-27 18:49:57.306712
CUST0727,Clothing,T-Shirt,Round Neck,460.3,5,Yes,No,2025-03-12 11:02:02.306712
CUST0053,Toys,Car,Remote Control,323.62,3,No,No,2025-03-02 03:16:06.306712
CUST0809,Toys,Car,Remote Control,522.05,1,No,No,2025-01-20 14:01:35.306712
CUST0803,Home,Table,Coffee,623.35,1,Yes,No,2025-01-31 08:38:52.306712
CUST0534,Electronics,Headphones,Wireless,364.56,2,No,No,2025-02-22 21:23:31.306712
CUST0557,Toys,Doll,Barbie,583.11,2,No,No,2025-02-16 10:22:11.306712
CUST0227,Clothing,Jacket,Denim,393.15,4,No,No,2025-02-14 15:38:34.306712
CUST0370,Home,Chair,Dining,530.18,2,No,No,2025-03-09 00:12:23.306712
CUST0844,Electronics,Mobile,iOS,616.83,1,No,No,2025-02-25 18:40:54.306712
CUST0247,Toys,Car,Electric,622.77,5,No,No,2025-01-17 09:07:21.306712
CUST0699,Home,Lamp,LED,415.06,2,Yes,No,2025-02-19 23:21:28.306712
CUST0263,Toys,Car,Remote Control,599.99,3,No,No,2025-01-15 21:46:13.306712
CUST0934,Toys,Doll,Action,386.11,2,No,No,2025-03-01 18:32:20.306712
CUST0045,Home,Table,Coffee,475.2,3,No,No,2025-02-13 14:35:05.306712
CUST0527,Electronics,Mobile,Android,576.19,2,No,No,2025-03-29 14:09:52.306712
CUST0551,Toys,Puzzle,Jigsaw,411.01,4,No,No,2025-02-02 23:21:30.306712
CUST0687,Clothing,Jacket,Denim,522.53,3,No,No,2025-04-04 15:26:33.306712
CUST0107,Clothing,Jacket,Denim,671.32,4,Yes,No,2025-01-20 12:15:17.306712
CUST0765,Clothing,T-Shirt,V-Neck,617.48,3,No,No,2025-03-24 02:37:34.306712
CUST0340,Electronics,Mobile,Android,782.84,2,No,No,2025-01-18 18:39:20.306712
CUST0183,Home,Table,Coffee,929.01,3,Yes,No,2025-02-04 14:39:16.306712
CUST0933,Home,Lamp,Halogen,678.94,5,No,No,2025-02-26 07:24:03.306712
CUST0646,Books,Biography,Celebrity,221.47,2,No,No,2025-01-15 03:33:38.306712
CUST0399,Electronics,Headphones,Wireless,756.68,4,Yes,No,2025-03-14 13:03:37.306712
CUST0065,Toys,Puzzle,Jigsaw,805.79,4,Yes,Yes,2025-03-03 07:53:49.306712
CUST0109,Home,Table,Study,573.07,2,Yes,No,2025-03-13 09:36:10.306712
CUST0089,Home,Lamp,Halogen,660.15,2,Yes,No,2025-02-20 20:52:57.306712
CUST0842,Electronics,Laptop,Gaming,421.56,4,No,No,2025-03-06 07:16:18.306712
CUST0226,Clothing,Jacket,Denim,85.54,4,No,No,2025-03-31 20:48:41.306712
CUST0817,Toys,Doll,Barbie,309.62,4,No,No,2025-02-11 10:43:26.306712
CUST0694,Home,Chair,Office,516.82,3,No,No,2025-01-25 11:21:38.306712
CUST0043,Electronics,Headphones,Wired,432.96,3,No,No,2025-03-06 15:51:24.306712
CUST0561,Electronics,Laptop,Gaming,562.53,3,No,No,2025-03-27 03:51:33.306712
CUST0760,Home,Chair,Dining,856.49,2,No,No,2025-04-11 10:28:05.306712
CUST0662,Toys,Puzzle,Jigsaw,709.7,1,No,No,2025-01-31 08:56:09.306712
CUST0227,Toys,Doll,Barbie,597.55,3,No,No,2025-01-24 15:17:30.306712
CUST0186,Toys,Puzzle,3D,515.32,6,No,No,2025-03-17 02:24:08.306712
CUST0563,Electronics,Laptop,Gaming,397.65,3,No,No,2025-02-06 20:20:47.306712
CUST0101,Clothing,Jacket,Denim,502.8,5,No,No,2025-02-14 15:08:25.306712
CUST0366,Clothing,Jacket,Leather,247.59,6,No,No,2025-01-23 05:19:25.306712
CUST0292,Toys,Puzzle,Jigsaw,937.02,4,No,No,2025-02-13 08:41:48.306712
CUST0498,Books,Biography,Celebrity,362.66,5,No,No,2025-03-21 20:04:35.306712
CUST0599,Clothing,Jacket,Denim,585.84,3,Yes,No,2025-02-24 02:13:49.306712
CUST0173,Electronics,Laptop,Gaming,666.33,4,No,No,2025-03-30 18:55:21.306712
CUST0227,Books,Biography,Celebrity,438.96,2,Yes,No,2025-01-26 13:09:25.306712
CUST0696,Home,Lamp,Halogen,709.38,4,No,No,2025-02-25 17:57:40.306712
CUST0368,Home,Lamp,LED,264.22,7,Yes,Yes,2025-03-13 09:44:48.306712
CUST0084,Home,Chair,Office,456.07,2,No,No,2025-02-08 01:34:59.306712
CUST0752,Electronics,Headphones,Wireless,153.31,0,Yes,No,2025-04-10 02:57:27.306712
CUST0020,Toys,Car,Electric,544.3,0,No,No,2025-04-02 09:47:45.306712
CUST0596,Toys,Doll,Barbie,598.38,1,No,No,2025-04-11 12:02:32.306712
CUST0038,Toys,Doll,Action,508.23,5,No,No,2025-03-17 23:55:06.306712
CUST0794,Clothing,Jeans,Regular,400.06,4,Yes,Yes,2025-03-29 11:25:47.306712
CUST0604,Home,Chair,Dining,479.47,1,No,No,2025-03-03 03:54:12.306712
CUST0523,Electronics,Laptop,Ultrabook,705.75,5,No,No,2025-03-03 06:20:11.306712
CUST0011,Clothing,Jacket,Leather,600.34,2,No,No,2025-03-28 00:37:11.306712
CUST0527,Clothing,Jeans,Slim,629.01,4,No,No,2025-01-30 21:38:25.306712
CUST0580,Toys,Car,Electric,497.52,2,No,No,2025-03-25 23:01:09.306712
CUST0750,Books,Biography,Historical,369.94,1,No,No,2025-02-03 18:05:14.306712
CUST0780,Books,Novel,Fiction,622.07,3,Yes,Yes,2025-02-05 05:30:17.306712
CUST0044,Clothing,Jacket,Denim,432.59,6,Yes,Yes,2025-04-12 15:04:06.306712
CUST0466,Electronics,Mobile,iOS,527.58,1,No,No,2025-01-23 12:44:01.306712
CUST0721,Toys,Car,Remote Control,385.18,2,Yes,No,2025-04-04 13:35:43.306712
CUST0760,Home,Table,Coffee,607.28,5,No,No,2025-02-19 01:52:56.306712
CUST0670,Books,Biography,Historical,659.61,3,Yes,No,2025-02-19 01:06:41.306712
CUST0997,Clothing,Jacket,Denim,264.67,3,No,No,2025-02-16 18:30:50.306712
CUST0837,Home,Lamp,Halogen,266.47,3,No,No,2025-04-09 15:27:44.306712
CUST0619,Electronics,Headphones,Wireless,501.83,3,Yes,Yes,2025-02-04 20:07:09.306712
CUST0079,Toys,Car,Remote Control,301.59,2,No,No,2025-02-03 01:04:21.306712
CUST0154,Clothing,T-Shirt,V-Neck,389.26,4,No,No,2025-03-12 23:00:39.306712
CUST0735,Electronics,Headphones,Wireless,592.01,4,Yes,Yes,2025-02-14 13:40:53.306712
CUST0738,Electronics,Laptop,Ultrabook,545.3,2,No,No,2025-03-01 00:24:07.306712
CUST0216,Toys,Puzzle,3D,454.39,4,No,No,2025-01-15 16:30:18.306712
CUST0250,Electronics,Mobile,Android,787.77,4,No,No,2025-01-26 14:07:54.306712
CUST0645,Toys,Puzzle,Jigsaw,521.05,1,No,No,2025-01-18 22:29:10.306712
CUST0171,Home,Chair,Dining,777.64,4,No,No,2025-03-12 16:48:22.306712
CUST0993,Toys,Car,Electric,558.19,2,Yes,No,2025-04-08 19:16:34.306712
CUST0737,Home,Chair,Office,398.6,1,No,No,2025-02-26 02:55:17.306712
CUST0622,Books,Biography,Historical,764.15,4,No,No,2025-02-03 19:21:24.306712
CUST0851,Books,Textbook,Math,533.88,2,No,No,2025-03-31 15:47:29.306712
CUST0597,Clothing,Jacket,Denim,635.3,2,Yes,No,2025-01-29 19:01:18.306712
CUST0742,Home,Lamp,LED,446.13,4,Yes,Yes,2025-02-19 22:23:35.306712
CUST0136,Electronics,Mobile,Android,561.97,3,No,No,2025-03-05 06:12:27.306712
CUST0881,Toys,Car,Remote Control,632.22,2,No,No,2025-04-03 18:07:10.306712
CUST0154,Toys,Puzzle,Jigsaw,417.5,5,No,No,2025-02-28 17:03:27.306712
CUST0924,Toys,Car,Electric,352.26,2,No,No,2025-04-08 17:30:49.306712
CUST0803,Toys,Car,Electric,378.99,1,Yes,No,2025-01-22 13:21:01.306712
CUST0494,Clothing,Jacket,Leather,646.8,3,No,No,2025-04-10 14:17:27.306712
CUST0961,Books,Textbook,Science,602.93,2,No,No,2025-02-18 11:14:38.306712
CUST0896,Electronics,Headphones,Wired,424.63,2,Yes,No,2025-02-04 18:56:37.306712
CUST0961,Books,Biography,Celebrity,635.44,6,No,No,2025-03-11 16:47:00.306712
CUST0824,Toys,Puzzle,3D,284.09,3,Yes,Yes,2025-02-28 20:01:17.306712
CUST0785,Clothing,T-Shirt,V-Neck,515.91,3,Yes,No,2025-03-07 07:11:13.306712
CUST0419,Home,Chair,Office,651.76,3,No,No,2025-03-23 08:38:18.306712
CUST0762,Electronics,Headphones,Wireless,348.21,2,No,No,2025-03-04 23:20:05.306712
CUST0008,Books,Textbook,Math,304.25,2,No,No,2025-03-21 06:48:52.306712
CUST0824,Home,Lamp,Halogen,197.99,3,Yes,Yes,2025-02-23 21:01:14.306712
CUST0668,Toys,Doll,Action,455.89,0,No,No,2025-04-06 12:26:33.306712
CUST0549,Books,Textbook,Science,535.03,4,Yes,No,2025-03-20 14:07:41.306712
CUST0407,Clothing,Jeans,Regular,306.94,3,No,No,2025-01-30 20:38:55.306712
CUST0380,Toys,Car,Remote Control,551.23,3,No,No,2025-02-07 03:32:48.306712
CUST0315,Toys,Doll,Action,738.66,4,Yes,No,2025-04-06 12:29:37.306712
CUST0885,Electronics,Headphones,Wireless,351.05,3,No,No,2025-02-25 20:50:36.306712
CUST0802,Clothing,T-Shirt,Round Neck,433.92,3,No,No,2025-03-03 20:43:41.306712
CUST0411,Home,Table,Coffee,624.03,8,No,No,2025-01-29 02:44:55.306712
CUST0399,Electronics,Mobile,Android,50.0,2,Yes,No,2025-02-28 07:16:10.306712
CUST0949,Toys,Doll,Barbie,374.3,1,No,No,2025-01-19 17:31:12.306712
CUST0270,Clothing,Jeans,Slim,441.47,2,Yes,No,2025-03-13 15:20:31.306712
CUST0039,Books,Biography,Celebrity,402.22,3,No,No,2025-03-23 14:21:49.306712
CUST0987,Toys,Puzzle,Jigsaw,817.79,2,No,No,2025-03-16 16:11:19.306712
CUST0507,Books,Novel,Fiction,468.59,5,No,No,2025-04-06 02:10:05.306712
CUST0673,Toys,Doll,Barbie,870.68,3,No,No,2025-01-16 18:31:02.306712
CUST0803,Toys,Car,Electric,420.0,4,No,No,2025-03-14 05:41:54.306712
CUST0174,Electronics,Laptop,Gaming,293.97,2,No,No,2025-03-18 02:30:25.306712
CUST0001,Clothing,T-Shirt,V-Neck,935.41,1,Yes,No,2025-03-30 04:58:17.306712
CUST0410,Home,Table,Study,275.07,2,No,No,2025-02-21 20:58:16.306712
CUST0601,Clothing,Jacket,Leather,217.79,2,Yes,No,2025-03-26 01:21:46.306712
CUST0721,Electronics,Mobile,iOS,660.63,2,No,No,2025-03-25 00:13:39.306712
CUST0850,Toys,Car,Remote Control,262.45,3,No,No,2025-02-16 05:52:39.306712
CUST0987,Home,Chair,Office,420.54,3,No,No,2025-02-26 15:52:02.306712
CUST0953,Books,Textbook,Math,347.16,3,Yes,Yes,2025-02-22 00:53:39.306712
CUST0519,Electronics,Headphones,Wireless,675.23,3,No,No,2025-03-03 08:40:15.306712
CUST0302,Home,Chair,Dining,685.2,5,No,No,2025-04-08 13:41:35.306712
CUST0551,Toys,Doll,Action,481.78,2,No,No,2025-02-19 02:51:45.306712
CUST0577,Books,Novel,Mystery,237.17,1,Yes,No,2025-03-29 19:28:41.306712
CUST0470,Books,Textbook,Math,658.67,4,No,No,2025-03-01 07:16:25.306712
CUST0120,Home,Chair,Dining,329.88,5,No,No,2025-03-16 00:44:27.306712
CUST0808,Clothing,Jacket,Leather,391.8,2,No,No,2025-04-01 04:42:47.306712
CUST0324,Books,Biography,Historical,767.61,2,No,No,2025-03-22 13:13:39.306712
CUST0853,Home,Chair,Dining,701.52,3,Yes,Yes,2025-03-19 22:01:54.306712
CUST0767,Home,Chair,Office,106.53,3,No,No,2025-02-28 18:39:23.306712
CUST0322,Home,Chair,Dining,495.75,2,Yes,No,2025-01-31 06:07:14.306712
CUST0970,Clothing,Jeans,Slim,50.0,0,Yes,No,2025-02-05 07:28:06.306712
CUST0754,Clothing,Jeans,Slim,241.9,5,No,No,2025-02-04 18:17:39.306712
CUST0208,Clothing,Jacket,Denim,526.83,1,Yes,No,2025-01-28 15:41:52.306712
CUST0798,Electronics,Mobile,Android,585.67,3,No,No,2025-03-20 02:57:29.306712
CUST0979,Books,Textbook,Math,474.29,5,No,No,2025-03-28 17:01:12.306712
CUST0878,Toys,Puzzle,3D,369.66,5,No,No,2025-02-18 13:09:09.306712
CUST0636,Home,Lamp,Halogen,454.58,6,No,No,2025-03-02 03:51:40.306712
CUST0188,Toys,Doll,Action,471.65,4,No,No,2025-02-04 01:42:56.306712
CUST0769,Toys,Puzzle,Jigsaw,350.81,3,No,No,2025-03-05 13:15:15.306712
CUST0819,Books,Biography,Historical,367.69,2,No,No,2025-03-03 07:03:14.306712
CUST0356,Books,Textbook,Math,566.24,5,Yes,Yes,2025-01-25 04:40:48.306712
CUST0716,Toys,Doll,Action,823.64,2,No,No,2025-03-21 10:10:44.306712
CUST0009,Electronics,Headphones,Wireless,837.84,3,No,No,2025-02-19 08:19:59.306712
CUST0595,Electronics,Laptop,Ultrabook,833.98,4,Yes,No,2025-02-07 17:20:54.306712
CUST0192,Toys,Doll,Barbie,790.25,0,No,No,2025-02-08 15:58:07.306712
CUST0483,Toys,Doll,Action,352.12,5,No,No,2025-01-31 08:45:06.306712
CUST0511,Books,Novel,Mystery,375.1,6,No,No,2025-03-22 12:58:50.306712
CUST0771,Home,Lamp,Halogen,649.4,0,No,No,2025-02-09 15:47:09.306712
CUST0462,Clothing,Jacket,Leather,431.19,3,No,No,2025-03-10 10:07:45.306712
CUST0703,Clothing,T-Shirt,V-Neck,425.09,3,Yes,No,2025-03-08 10:14:16.306712
CUST0443,Books,Novel,Fiction,733.5,3,No,No,2025-04-01 04:25:27.306712
CUST0983,Clothing,Jeans,Slim,355.21,2,No,No,2025-01-30 15:43:36.306712
CUST0432,Books,Novel,Mystery,544.88,1,No,No,2025-03-30 18:09:37.306712
CUST0499,Home,Lamp,LED,600.36,1,No,No,2025-02-21 04:32:44.306712
CUST0102,Clothing,T-Shirt,Round Neck,211.29,1,No,No,2025-04-02 12:32:07.306712
CUST0261,Books,Textbook,Math,637.38,5,No,No,2025-02-26 04:26:22.306712
CUST0763,Home,Lamp,Halogen,536.76,3,Yes,Yes,2025-03-08 15:15:04.306712
CUST0955,Home,Lamp,LED,417.12,2,No,No,2025-02-22 11:40:27.306712
CUST0125,Home,Table,Coffee,578.07,3,No,No,2025-03-10 12:22:07.306712
CUST0590,Toys,Puzzle,3D,469.22,4,Yes,Yes,2025-03-19 20:51:17.306712
CUST0523,Books,Textbook,Science,570.28,4,No,No,2025-04-09 21:11:44.306712
CUST0081,Books,Textbook,Science,405.99,2,Yes,No,2025-02-27 12:49:21.306712
CUST0647,Clothing,T-Shirt,V-Neck,436.1,4,Yes,Yes,2025-03-13 22:59:16.306712
CUST0586,Books,Novel,Fiction,608.57,4,Yes,Yes,2025-02-04 15:59:17.306712
CUST0322,Home,Table,Study,163.65,3,Yes,No,2025-03-13 06:51:04.306712
CUST0661,Books,Biography,Celebrity,440.9,1,Yes,No,2025-03-30 08:00:12.306712
CUST0884,Home,Table,Study,358.96,2,Yes,No,2025-02-22 16:51:58.306712
CUST0172,Clothing,T-Shirt,Round Neck,631.76,4,No,No,2025-03-25 04:02:04.306712
CUST0241,Home,Table,Coffee,735.98,2,Yes,No,2025-02-02 22:52:08.306712
CUST0171,Books,Novel,Fiction,914.01,4,No,No,2025-01-19 16:50:56.306712
CUST0960,Books,Textbook,Math,511.32,2,No,No,2025-01-16 01:38:11.306712
CUST0790,Books,Textbook,Math,275.84,4,No,No,2025-01-23 14:22:21.306712
CUST0269,Toys,Puzzle,Jigsaw,263.74,6,No,No,2025-03-18 02:04:21.306712
CUST0954,Books,Biography,Historical,506.11,4,Yes,Yes,2025-02-10 02:22:42.306712
CUST0454,Clothing,T-Shirt,Round Neck,467.54,1,No,No,2025-01-16 06:46:40.306712
CUST0036,Home,Lamp,Halogen,494.93,5,Yes,Yes,2025-04-08 01:32:31.306712
CUST0554,Home,Table,Study,139.34,0,No,No,2025-01-26 15:02:32.306712
CUST0993,Toys,Puzzle,3D,553.45,5,Yes,No,2025-03-16 05:50:32.306712
CUST0899,Toys,Doll,Action,611.19,1,Yes,No,2025-04-11 18:08:47.306712
CUST0356,Books,Textbook,Math,119.01,2,No,No,2025-04-01 15:18:25.306712
CUST0092,Books,Biography,Celebrity,435.98,4,No,No,2025-02-22 12:42:23.306712
CUST0267,Clothing,Jeans,Slim,50.0,2,Yes,No,2025-01-13 12:25:01.306712
CUST0536,Clothing,Jeans,Regular,758.66,1,No,No,2025-02-28 01:30:44.306712
CUST0548,Electronics,Headphones,Wired,890.0,3,Yes,No,2025-02-28 19:50:55.306712
CUST0307,Electronics,Laptop,Ultrabook,598.04,1,No,No,2025-03-12 11:19:17.306712
CUST0237,Electronics,Headphones,Wired,650.98,2,No,No,2025-01-31 19:36:15.306712
CUST0422,Toys,Doll,Action,778.19,2,Yes,No,2025-02-06 18:30:07.306712
CUST0168,Books,Biography,Historical,228.81,0,Yes,No,2025-02-08 00:59:25.306712
CUST0082,Books,Textbook,Math,396.27,1,Yes,No,2025-03-04 15:59:26.306712
CUST0783,Toys,Car,Remote Control,670.64,3,Yes,Yes,2025-03-26 15:20:49.306712
CUST0545,Home,Lamp,LED,521.44,4,Yes,No,2025-01-31 05:14:29.306712
CUST0140,Home,Chair,Dining,436.23,1,No,No,2025-03-14 11:36:56.306712
CUST0464,Home,Table,Study,343.03,5,No,No,2025-01-31 17:46:59.306712
CUST0329,Electronics,Mobile,Android,620.25,0,No,No,2025-03-06 10:46:26.306712
CUST0023,Clothing,T-Shirt,V-Neck,591.46,5,No,No,2025-02-08 15:28:19.306712
CUST0129,Books,Textbook,Math,919.64,4,No,No,2025-02-05 02:41:23.306712
CUST0093,Clothing,T-Shirt,V-Neck,248.67,6,No,No,2025-02-03 14:17:12.306712
CUST0351,Books,Biography,Celebrity,533.7,4,No,No,2025-02-18 13:37:11.306712
CUST0475,Electronics,Laptop,Gaming,558.44,2,No,No,2025-04-05 09:48:26.306712
CUST0769,Clothing,T-Shirt,V-Neck,634.5,1,No,No,2025-03-29 19:36:15.306712
CUST0402,Electronics,Headphones,Wired,337.05,3,No,No,2025-01-31 03:22:09.306712
CUST0197,Home,Lamp,LED,535.23,1,Yes,No,2025-01-25 08:23:34.306712
CUST0998,Clothing,Jeans,Regular,380.62,1,Yes,No,2025-02-06 12:07:53.306712
CUST0756,Electronics,Mobile,iOS,165.11,2,No,No,2025-03-25 21:37:41.306712
CUST0790,Electronics,Headphones,Wireless,562.73,1,No,No,2025-02-28 09:57:55.306712
CUST0399,Home,Lamp,LED,633.21,3,No,No,2025-03-15 14:15:39.306712
CUST0746,Electronics,Headphones,Wireless,208.68,3,No,No,2025-02-07 02:27:48.306712
CUST0493,Home,Chair,Dining,873.17,2,Yes,No,2025-04-09 16:16:20.306712
CUST0054,Clothing,T-Shirt,Round Neck,622.47,3,No,No,2025-03-15 22:59:12.306712
CUST0445,Home,Chair,Office,304.28,3,No,No,2025-03-31 15:15:56.306712
CUST0283,Toys,Puzzle,3D,386.66,0,Yes,No,2025-03-31 03:02:24.306712
CUST0249,Electronics,Mobile,iOS,380.04,1,No,No,2025-03-21 08:18:19.306712
CUST0611,Clothing,Jeans,Slim,566.98,1,No,No,2025-02-06 15:46:00.306712
CUST0162,Books,Novel,Mystery,320.8,3,No,No,2025-03-28 06:06:19.306712
CUST0641,Electronics,Mobile,iOS,519.27,5,No,No,2025-03-17 02:10:13.306712
CUST0158,Toys,Puzzle,Jigsaw,296.87,2,No,No,2025-03-01 20:57:29.306712
CUST0239,Home,Table,Study,454.46,4,No,No,2025-04-01 17:12:43.306712
CUST0914,Books,Textbook,Math,643.1,1,Yes,No,2025-01-15 13:57:27.306712
CUST0706,Books,Biography,Historical,50.0,2,Yes,No,2025-02-06 20:21:59.306712
CUST0921,Electronics,Laptop,Ultrabook,562.6,2,No,No,2025-03-08 18:49:26.306712
CUST0302,Toys,Car,Remote Control,50.0,5,No,No,2025-01-31 22:24:42.306712
CUST0581,Clothing,Jacket,Denim,480.43,3,No,No,2025-02-13 22:25:58.306712
CUST0750,Books,Biography,Historical,420.3,3,No,No,2025-01-20 04:41:45.306712
CUST0544,Clothing,Jeans,Regular,597.23,4,Yes,No,2025-03-07 02:14:07.306712
CUST0376,Books,Novel,Mystery,736.2,3,No,No,2025-03-25 17:44:54.306712
CUST0190,Electronics,Headphones,Wired,580.65,4,No,No,2025-03-29 20:27:05.306712
CUST0636,Clothing,Jeans,Slim,917.6,1,No,No,2025-03-18 10:07:38.306712
CUST0991,Toys,Doll,Barbie,641.54,5,No,No,2025-03-05 09:22:22.306712
CUST0700,Books,Textbook,Math,252.67,1,Yes,No,2025-03-14 00:41:12.306712
CUST0290,Home,Lamp,Halogen,414.66,1,Yes,No,2025-01-24 05:36:07.306712
CUST0099,Toys,Car,Electric,640.61,6,No,No,2025-01-17 18:12:37.306712
CUST0856,Clothing,T-Shirt,Round Neck,394.46,5,Yes,Yes,2025-03-01 15:11:48.306712
CUST0197,Electronics,Mobile,iOS,695.14,2,No,No,2025-03-18 09:16:10.306712
CUST0502,Toys,Car,Remote Control,500.15,2,Yes,No,2025-01-18 06:34:47.306712
CUST0376,Clothing,Jacket,Leather,830.66,4,No,No,2025-01-14 18:41:41.306712
CUST0953,Clothing,Jacket,Denim,624.62,5,No,No,2025-04-09 21:30:36.306712
CUST0853,Electronics,Laptop,Gaming,599.72,3,No,No,2025-02-17 13:13:14.306712
CUST0572,Books,Biography,Historical,650.75,3,No,No,2025-04-03 11:25:44.306712
CUST0632,Home,Table,Coffee,443.02,3,No,No,2025-03-25 19:14:44.306712
CUST0073,Home,Chair,Office,628.03,3,No,No,2025-03-04 22:41:25.306712
CUST0100,Electronics,Headphones,Wireless,118.48,5,No,No,2025-03-06 03:03:43.306712
CUST0395,Clothing,T-Shirt,Round Neck,390.32,6,No,No,2025-03-09 20:27:45.306712
CUST0641,Clothing,Jacket,Denim,436.45,2,No,No,2025-03-26 22:45:37.306712
CUST0109,Toys,Doll,Action,523.32,3,No,No,2025-03-22 17:15:47.306712
CUST0682,Books,Novel,Fiction,530.25,2,No,No,2025-03-31 10:46:16.306712
CUST0185,Toys,Doll,Action,892.62,1,Yes,No,2025-03-18 08:21:44.306712
CUST0162,Toys,Car,Remote Control,664.05,4,No,No,2025-02-16 17:10:35.306712
CUST0925,Home,Table,Study,663.46,3,No,No,2025-04-05 12:51:16.306712
CUST0381,Books,Textbook,Science,650.14,5,No,No,2025-04-03 17:16:57.306712
CUST0744,Home,Table,Coffee,578.03,3,Yes,No,2025-02-03 06:41:26.306712
CUST0385,Toys,Car,Remote Control,964.2,1,Yes,No,2025-02-17 11:04:57.306712
CUST0985,Books,Biography,Celebrity,620.7,4,Yes,Yes,2025-01-16 20:58:20.306712
CUST0292,Toys,Puzzle,Jigsaw,615.29,5,Yes,No,2025-02-11 19:32:38.306712
CUST0007,Home,Chair,Office,198.29,3,No,No,2025-04-06 14:10:30.306712
CUST0323,Electronics,Headphones,Wired,809.73,2,No,No,2025-04-12 17:53:17.306712
CUST0567,Toys,Car,Electric,564.04,2,Yes,No,2025-01-22 15:54:24.306712
CUST0039,Books,Biography,Historical,552.85,2,Yes,No,2025-01-26 22:42:59.306712
CUST0272,Home,Table,Coffee,491.93,2,No,No,2025-02-05 03:07:03.306712
CUST0263,Home,Chair,Dining,514.43,2,Yes,No,2025-03-09 18:13:09.306712
CUST0940,Clothing,Jacket,Leather,647.65,3,No,No,2025-03-24 18:16:00.306712
CUST0333,Books,Novel,Mystery,536.02,2,No,No,2025-04-03 16:14:04.306712
CUST0921,Toys,Puzzle,3D,353.74,3,No,No,2025-01-17 03:17:02.306712
CUST0749,Toys,Doll,Barbie,596.12,2,Yes,No,2025-03-30 06:01:03.306712
CUST0058,Home,Lamp,Halogen,325.4,3,No,No,2025-02-22 22:46:04.306712
CUST0953,Electronics,Mobile,Android,459.36,4,No,No,2025-03-16 01:15:57.306712
CUST0797,Books,Novel,Mystery,345.54,4,No,No,2025-03-05 10:06:13.306712
CUST0043,Home,Table,Coffee,505.69,2,Yes,No,2025-02-14 05:46:29.306712
CUST0515,Clothing,T-Shirt,Round Neck,504.35,0,Yes,No,2025-03-19 21:53:08.306712
CUST0750,Books,Biography,Historical,72.18,1,No,No,2025-02-04 01:41:56.306712
CUST0443,Home,Lamp,LED,470.81,3,Yes,Yes,2025-01-21 12:32:45.306712
CUST0488,Toys,Car,Electric,402.2,1,No,No,2025-03-07 17:29:22.306712
CUST0409,Home,Chair,Dining,376.85,2,No,No,2025-03-03 05:32:04.306712
CUST0445,Clothing,T-Shirt,V-Neck,644.92,1,No,No,2025-03-08 19:27:23.306712
CUST0203,Books,Biography,Historical,589.7,1,No,No,2025-03-08 23:49:02.306712
CUST0631,Toys,Puzzle,Jigsaw,518.48,4,No,No,2025-01-20 11:08:40.306712
CUST0273,Books,Biography,Historical,187.08,5,No,No,2025-01-24 10:24:55.306712
CUST0688,Books,Biography,Celebrity,231.37,3,No,No,2025-02-16 07:49:05.306712
CUST0196,Home,Lamp,LED,420.88,4,No,No,2025-03-29 05:41:21.306712
CUST0313,Clothing,Jeans,Regular,583.36,2,No,No,2025-03-15 00:19:17.306712
CUST0150,Books,Novel,Fiction,733.42,3,No,No,2025-02-01 21:30:07.306712
CUST0702,Home,Chair,Office,140.8,1,No,No,2025-01-24 10:02:49.306712
CUST0758,Electronics,Mobile,Android,183.34,1,No,No,2025-04-07 20:32:29.306712
CUST0853,Home,Chair,Dining,204.92,3,No,No,2025-03-21 20:51:43.306712
CUST0824,Electronics,Laptop,Ultrabook,704.5,1,Yes,No,2025-02-28 06:09:17.306712
CUST0024,Home,Chair,Office,517.65,4,No,No,2025-02-02 07:05:36.306712
CUST0560,Toys,Doll,Action,694.78,3,Yes,No,2025-01-27 05:33:55.306712
CUST0712,Electronics,Laptop,Gaming,404.69,2,No,No,2025-02-07 07:27:30.306712
CUST0175,Electronics,Laptop,Gaming,239.08,6,Yes,No,2025-03-14 12:09:51.306712
CUST0278,Electronics,Laptop,Gaming,214.8,2,Yes,No,2025-01-19 23:23:09.306712
CUST0398,Home,Table,Study,578.77,2,No,No,2025-04-07 10:07:32.306712
CUST0111,Electronics,Laptop,Ultrabook,455.64,1,No,No,2025-02-04 22:51:49.306712
CUST0390,Toys,Car,Electric,693.87,2,No,No,2025-04-11 06:22:35.306712
CUST0324,Books,Textbook,Math,853.4,2,Yes,No,2025-01-31 14:35:09.306712
CUST0204,Toys,Doll,Barbie,287.15,4,Yes,Yes,2025-04-13 01:14:49.306712
CUST0543,Home,Lamp,Halogen,601.04,2,No,No,2025-02-20 16:53:23.306712
CUST0763,Clothing,T-Shirt,V-Neck,781.27,3,No,No,2025-03-20 22:45:46.306712
CUST0361,Home,Table,Study,299.31,5,No,No,2025-02-05 10:35:56.306712
CUST0514,Home,Chair,Dining,433.73,2,No,No,2025-04-08 19:40:06.306712
CUST0397,Electronics,Headphones,Wired,444.26,0,Yes,No,2025-02-04 09:50:51.306712
CUST0156,Home,Lamp,LED,552.85,1,No,No,2025-01-22 00:46:44.306712
CUST0748,Books,Textbook,Math,419.34,1,No,No,2025-02-23 00:39:32.306712
CUST0247,Toys,Puzzle,3D,516.91,5,No,No,2025-02-12 20:06:23.306712
CUST0932,Toys,Doll,Action,522.69,3,No,No,2025-03-07 03:41:53.306712
CUST0135,Clothing,Jacket,Leather,537.17,4,Yes,No,2025-03-20 22:09:02.306712
CUST0820,Clothing,T-Shirt,V-Neck,590.29,2,No,No,2025-03-21 08:35:52.306712
CUST0723,Toys,Puzzle,3D,697.55,2,Yes,No,2025-04-11 18:19:49.306712
CUST1000,Clothing,Jacket,Leather,561.34,3,No,No,2025-02-13 08:01:18.306712
CUST0070,Toys,Car,Electric,389.86,3,Yes,Yes,2025-04-05 00:25:52.306712
CUST0901,Clothing,Jacket,Leather,914.76,4,No,No,2025-03-28 19:47:41.306712
CUST0327,Books,Biography,Celebrity,342.74,5,No,No,2025-02-25 12:28:37.306712
CUST0764,Home,Chair,Office,396.63,4,No,No,2025-01-23 20:59:50.306712
CUST0135,Clothing,T-Shirt,V-Neck,623.81,2,Yes,No,2025-03-13 07:21:45.306712
CUST0581,Toys,Puzzle,Jigsaw,527.81,2,Yes,No,2025-02-04 22:16:00.306712
CUST0704,Electronics,Laptop,Gaming,490.98,1,Yes,No,2025-03-21 07:41:14.306712
CUST0799,Books,Novel,Mystery,694.67,2,No,No,2025-03-23 15:19:36.306712
CUST0666,Home,Chair,Dining,624.78,4,Yes,Yes,2025-01-26 20:37:47.306712
CUST0168,Clothing,T-Shirt,Round Neck,497.33,3,No,No,2025-02-22 04:17:01.306712
CUST0783,Electronics,Laptop,Ultrabook,431.46,5,No,No,2025-02-04 02:47:27.306712
CUST0761,Clothing,T-Shirt,Round Neck,104.14,1,No,No,2025-01-30 16:49:26.306712
CUST0950,Books,Textbook,Science,470.36,4,Yes,No,2025-04-07 15:56:01.306712
CUST0469,Clothing,Jeans,Regular,465.67,4,No,No,2025-03-29 20:54:48.306712
CUST0043,Toys,Car,Remote Control,719.7,5,Yes,No,2025-02-20 18:38:22.306712
CUST0627,Toys,Car,Electric,246.62,4,Yes,No,2025-02-26 08:31:42.306712
CUST0468,Electronics,Mobile,iOS,587.73,4,No,No,2025-03-25 21:16:20.306712
CUST0041,Toys,Doll,Barbie,133.29,2,No,No,2025-01-31 22:35:07.306712
CUST0299,Books,Biography,Celebrity,552.09,0,No,No,2025-03-29 15:00:00.306712
CUST0848,Home,Lamp,LED,647.53,4,No,No,2025-02-23 12:36:36.306712
CUST0302,Toys,Puzzle,Jigsaw,358.82,3,Yes,Yes,2025-03-17 05:43:39.306712
CUST0463,Electronics,Headphones,Wireless,243.12,1,No,No,2025-01-30 23:05:58.306712
CUST0798,Toys,Car,Electric,795.18,3,Yes,Yes,2025-02-13 21:55:13.306712
CUST0462,Electronics,Mobile,iOS,389.88,5,No,No,2025-03-11 19:44:12.306712
CUST0919,Clothing,Jeans,Slim,601.94,3,No,No,2025-02-06 18:56:09.306712
CUST0332,Clothing,Jacket,Leather,230.93,5,No,No,2025-01-22 08:41:34.306712
CUST0117,Books,Textbook,Science,443.77,1,No,No,2025-01-21 18:58:50.306712
CUST0537,Books,Textbook,Math,346.79,3,Yes,Yes,2025-02-19 11:04:50.306712
CUST0045,Clothing,Jeans,Slim,407.75,2,No,No,2025-01-29 05:58:42.306712
CUST0890,Clothing,T-Shirt,Round Neck,728.17,2,No,No,2025-02-23 05:53:53.306712
CUST0316,Home,Table,Study,264.09,4,No,No,2025-02-10 13:06:33.306712
CUST0642,Clothing,T-Shirt,Round Neck,469.5,1,Yes,No,2025-02-02 04:52:50.306712
CUST0004,Toys,Doll,Barbie,430.8,0,No,No,2025-02-27 00:55:00.306712
CUST0510,Books,Textbook,Math,525.87,3,Yes,No,2025-03-02 10:03:46.306712
CUST0244,Clothing,Jacket,Denim,50.0,1,Yes,No,2025-02-26 13:29:21.306712
CUST0420,Books,Novel,Fiction,638.64,1,No,No,2025-02-06 06:25:29.306712
CUST0904,Toys,Doll,Barbie,94.46,2,Yes,No,2025-01-18 06:11:27.306712
CUST0190,Clothing,T-Shirt,V-Neck,329.46,4,Yes,Yes,2025-04-06 09:46:06.306712
CUST0034,Toys,Car,Remote Control,538.26,1,No,No,2025-02-14 15:44:48.306712
CUST0943,Electronics,Mobile,Android,745.45,6,No,No,2025-02-22 23:46:55.306712
CUST0183,Clothing,Jacket,Denim,257.97,5,No,No,2025-03-13 20:08:39.306712
CUST0677,Toys,Car,Electric,613.64,0,Yes,No,2025-02-26 17:12:57.306712
CUST0768,Toys,Doll,Barbie,360.8,0,No,No,2025-01-22 13:12:06.306712
CUST0787,Home,Lamp,Halogen,761.08,2,No,No,2025-04-10 15:35:52.306712
CUST0389,Electronics,Laptop,Gaming,184.1,4,No,No,2025-02-10 22:33:05.306712
CUST0483,Clothing,T-Shirt,V-Neck,679.11,2,No,No,2025-02-14 11:18:48.306712
CUST0540,Books,Textbook,Math,151.93,3,No,No,2025-03-22 01:36:07.306712
CUST0215,Toys,Puzzle,Jigsaw,615.79,2,Yes,No,2025-03-09 23:35:01.306712
CUST0748,Toys,Puzzle,3D,592.01,3,No,No,2025-03-24 19:25:01.306712
CUST0706,Toys,Car,Remote Control,394.22,3,No,No,2025-02-23 23:18:32.306712
CUST0624,Home,Lamp,Halogen,401.62,0,No,No,2025-01-26 02:27:19.306712
CUST0630,Toys,Doll,Action,184.11,4,No,No,2025-03-02 07:49:13.306712
CUST0828,Clothing,Jacket,Leather,336.42,2,Yes,No,2025-03-23 07:19:46.306712
CUST0298,Clothing,T-Shirt,Round Neck,478.37,7,No,No,2025-01-15 20:05:42.306712
CUST0477,Electronics,Headphones,Wireless,722.42,4,Yes,No,2025-02-22 18:21:53.306712
CUST0424,Electronics,Laptop,Ultrabook,645.76,0,No,No,2025-03-08 22:03:52.306712
CUST0826,Clothing,T-Shirt,Round Neck,618.51,2,Yes,No,2025-03-21 12:03:29.306712
CUST0289,Home,Chair,Dining,223.71,2,No,No,2025-02-11 15:54:51.306712
CUST0519,Toys,Doll,Barbie,544.18,2,No,No,2025-01-24 13:27:38.306712
CUST0703,Home,Lamp,Halogen,709.5,4,No,No,2025-03-24 20:10:06.306712
CUST0583,Toys,Puzzle,Jigsaw,50.0,4,No,No,2025-02-01 08:17:27.306712
CUST0339,Home,Table,Study,580.29,2,No,No,2025-04-12 11:00:59.306712
CUST0486,Electronics,Headphones,Wireless,209.5,4,No,No,2025-03-01 06:10:04.306712
CUST0160,Books,Textbook,Science,540.88,3,Yes,Yes,2025-04-02 13:20:51.306712
CUST0424,Electronics,Headphones,Wired,341.97,7,No,No,2025-03-09 08:36:49.306712
CUST0743,Home,Table,Coffee,512.21,4,No,No,2025-02-02 17:29:19.306712
CUST0592,Home,Lamp,LED,175.51,0,Yes,No,2025-01-28 00:06:27.306712
CUST0288,Electronics,Laptop,Ultrabook,802.94,2,No,No,2025-03-15 08:04:40.306712
CUST0548,Clothing,Jacket,Denim,582.13,0,No,No,2025-01-31 16:49:35.306712
CUST0610,Electronics,Laptop,Ultrabook,358.77,2,No,No,2025-03-23 10:14:56.306712
CUST0033,Home,Lamp,LED,429.69,1,Yes,No,2025-03-02 18:25:21.306712
CUST0899,Clothing,Jeans,Regular,420.58,3,No,No,2025-04-04 00:58:40.306712
CUST0974,Home,Chair,Dining,491.71,3,Yes,Yes,2025-02-18 20:11:15.306712
CUST0804,Electronics,Mobile,Android,551.45,3,Yes,Yes,2025-01-15 22:18:15.306712
CUST0819,Books,Textbook,Math,431.1,2,Yes,No,2025-01-31 23:25:38.306712
CUST0349,Books,Textbook,Science,546.25,4,No,No,2025-03-29 19:19:31.306712
CUST0336,Clothing,T-Shirt,Round Neck,482.99,2,No,No,2025-02-02 10:19:21.306712
CUST0742,Electronics,Laptop,Ultrabook,410.56,3,No,No,2025-03-23 19:11:26.306712
CUST0886,Toys,Puzzle,Jigsaw,154.18,2,No,No,2025-02-12 16:50:27.306712
CUST0955,Electronics,Headphones,Wireless,687.21,1,No,No,2025-02-14 20:49:24.306712
CUST0479,Electronics,Mobile,iOS,655.39,2,No,No,2025-01-15 16:35:05.306712
CUST0592,Home,Table,Coffee,249.94,2,No,No,2025-02-13 15:54:26.306712
CUST0206,Clothing,Jeans,Regular,542.16,3,No,No,2025-03-06 04:29:40.306712
CUST0327,Books,Textbook,Math,452.44,4,No,No,2025-02-08 23:31:56.306712
CUST0153,Clothing,Jeans,Slim,593.29,6,No,No,2025-01-14 23:45:09.306712
CUST0982,Toys,Car,Electric,417.32,5,No,No,2025-02-02 13:33:43.306712
CUST0556,Home,Table,Study,506.48,3,Yes,Yes,2025-03-22 21:27:54.306712
CUST0824,Home,Table,Coffee,709.68,5,Yes,Yes,2025-02-12 17:45:51.306712
CUST0628,Home,Table,Study,483.79,2,Yes,No,2025-01-18 10:24:09.306712
CUST0134,Electronics,Laptop,Gaming,550.86,3,No,No,2025-01-23 19:01:46.306712
CUST0393,Electronics,Mobile,iOS,359.65,6,No,No,2025-02-20 13:26:03.306712
CUST0184,Toys,Car,Remote Control,157.88,2,No,No,2025-03-14 08:19:14.306712
CUST0365,Home,Lamp,LED,421.38,2,No,No,2025-03-23 17:22:34.306712
CUST0777,Toys,Puzzle,3D,398.76,3,No,No,2025-03-09 15:14:48.306712
CUST0135,Electronics,Headphones,Wired,464.1,6,No,No,2025-01-22 22:50:28.306712
CUST0467,Home,Table,Study,548.02,4,No,No,2025-02-28 04:39:11.306712
CUST0238,Clothing,T-Shirt,V-Neck,581.38,3,No,No,2025-04-12 03:19:25.306712
CUST0373,Books,Novel,Mystery,280.62,5,No,No,2025-03-31 02:11:22.306712
CUST0882,Home,Lamp,Halogen,664.41,3,No,No,2025-01-16 10:43:20.306712
CUST0067,Books,Novel,Mystery,740.39,0,No,No,2025-02-28 23:32:31.306712
CUST0473,Clothing,Jeans,Regular,501.76,3,No,No,2025-03-13 04:38:59.306712
CUST0589,Clothing,Jacket,Leather,175.8,6,No,No,2025-02-21 21:31:07.306712
CUST0838,Electronics,Laptop,Gaming,360.43,3,No,No,2025-03-31 10:41:59.306712
CUST0310,Toys,Doll,Action,317.94,2,No,No,2025-03-11 20:15:01.306712
CUST0424,Clothing,Jacket,Leather,639.03,3,No,No,2025-03-07 17:00:56.306712
CUST0163,Books,Biography,Historical,465.1,1,No,No,2025-02-15 14:07:24.306712
CUST0214,Toys,Doll,Action,700.31,3,No,No,2025-03-09 13:53:59.306712
CUST0807,Home,Table,Coffee,498.55,1,No,No,2025-01-30 07:31:13.306712
CUST0679,Electronics,Headphones,Wired,274.71,3,No,No,2025-01-24 14:35:36.306712
CUST0607,Toys,Doll,Action,403.01,3,No,No,2025-03-08 09:39:00.306712
CUST0100,Books,Novel,Mystery,592.3,1,No,No,2025-02-21 21:46:11.306712
CUST0072,Toys,Puzzle,3D,250.35,0,No,No,2025-02-14 07:07:06.306712
CUST0507,Electronics,Mobile,Android,667.3,7,No,No,2025-04-02 20:01:41.306712
CUST0143,Toys,Car,Electric,506.43,2,Yes,No,2025-03-28 00:19:15.306712
CUST0151,Clothing,Jeans,Regular,154.85,5,No,No,2025-02-20 08:55:38.306712
CUST0631,Toys,Doll,Barbie,640.55,3,No,No,2025-02-02 11:25:42.306712
CUST0698,Home,Lamp,Halogen,570.21,4,No,No,2025-04-12 16:27:57.306712
CUST0966,Books,Textbook,Science,610.2,2,Yes,No,2025-01-22 04:15:24.306712
CUST0597,Electronics,Headphones,Wired,353.3,1,No,No,2025-04-05 19:20:19.306712
CUST0131,Home,Chair,Dining,838.37,2,No,No,2025-04-10 23:51:37.306712
CUST0563,Electronics,Mobile,iOS,809.05,2,No,No,2025-01-24 03:49:03.306712
CUST0882,Home,Chair,Office,546.14,1,No,No,2025-02-24 10:10:19.306712
CUST0720,Toys,Doll,Action,332.21,4,No,No,2025-03-23 14:45:17.306712
CUST0392,Books,Biography,Celebrity,689.36,3,No,No,2025-03-07 10:25:14.306712
CUST0217,Clothing,Jeans,Slim,511.0,1,No,No,2025-01-31 18:48:08.306712
CUST0569,Books,Biography,Celebrity,78.03,3,Yes,Yes,2025-04-08 05:49:24.306712
CUST0687,Clothing,T-Shirt,Round Neck,767.87,1,Yes,No,2025-01-20 11:22:56.306712
CUST0664,Electronics,Mobile,iOS,713.76,4,No,No,2025-03-18 09:16:56.306712
CUST0448,Clothing,T-Shirt,Round Neck,242.8,2,Yes,No,2025-03-16 20:44:10.306712
CUST0826,Books,Biography,Celebrity,93.53,2,No,No,2025-03-15 00:28:34.306712
CUST0185,Books,Textbook,Science,235.69,6,Yes,No,2025-02-26 04:53:04.306712
CUST0394,Home,Chair,Office,414.07,5,No,No,2025-02-23 17:59:31.306712
CUST0620,Electronics,Headphones,Wired,239.78,1,Yes,No,2025-04-05 17:23:52.306712
CUST0749,Clothing,Jacket,Denim,426.44,3,No,No,2025-02-22 09:31:24.306712
CUST0949,Toys,Car,Remote Control,640.51,4,No,No,2025-01-16 18:10:25.306712
CUST0039,Toys,Doll,Action,654.0,0,No,No,2025-01-24 11:53:38.306712
CUST0595,Books,Textbook,Math,530.87,3,Yes,Yes,2025-03-25 12:14:18.306712
CUST0540,Home,Lamp,LED,539.02,1,Yes,No,2025-03-05 07:42:41.306712
CUST0912,Toys,Puzzle,Jigsaw,607.5,1,No,No,2025-02-28 09:05:38.306712
CUST0646,Electronics,Headphones,Wired,286.79,1,No,No,2025-03-14 00:41:11.306712
CUST0055,Home,Table,Coffee,489.69,5,No,No,2025-02-28 00:44:43.306712
CUST0465,Toys,Doll,Action,812.05,3,No,No,2025-02-23 09:14:26.306712
CUST0362,Home,Lamp,LED,109.68,0,Yes,No,2025-01-16 22:31:04.306712
CUST0712,Toys,Car,Remote Control,274.78,3,No,No,2025-03-25 02:10:07.306712
CUST0804,Toys,Doll,Barbie,202.53,5,No,No,2025-03-15 14:34:38.306712
CUST0485,Toys,Puzzle,Jigsaw,444.13,1,No,No,2025-03-18 05:32:17.306712
CUST0299,Toys,Puzzle,3D,499.3,2,Yes,No,2025-03-01 13:46:30.306712
CUST0085,Clothing,Jacket,Leather,641.49,7,Yes,No,2025-02-09 11:38:11.306712
CUST0259,Clothing,Jacket,Denim,655.39,1,No,No,2025-02-09 05:30:15.306712
CUST0879,Home,Chair,Office,758.09,3,No,No,2025-03-13 03:12:29.306712
CUST0179,Toys,Car,Electric,511.04,3,No,No,2025-03-18 12:08:45.306712
CUST0458,Home,Chair,Dining,227.18,3,No,No,2025-03-30 11:37:25.306712
CUST0718,Clothing,Jeans,Slim,393.62,4,Yes,No,2025-04-07 04:50:28.306712
CUST0034,Home,Chair,Office,460.11,5,Yes,No,2025-04-03 06:57:25.306712
CUST0158,Books,Biography,Celebrity,587.12,0,No,No,2025-02-05 14:39:34.306712
CUST0677,Books,Textbook,Math,245.69,5,No,No,2025-02-02 23:32:01.306712
CUST0592,Home,Chair,Dining,269.38,0,No,No,2025-03-27 20:36:25.306712
CUST0840,Electronics,Mobile,Android,696.81,2,No,No,2025-02-27 13:26:06.306712
CUST0409,Books,Biography,Celebrity,845.86,2,No,No,2025-03-26 22:51:31.306712
CUST0972,Toys,Puzzle,3D,114.26,5,No,No,2025-03-20 20:53:44.306712
CUST0723,Books,Biography,Celebrity,622.36,0,No,No,2025-01-27 14:25:32.306712
CUST0544,Books,Novel,Mystery,611.74,3,No,No,2025-03-31 22:04:00.306712
CUST0460,Books,Textbook,Science,468.7,3,Yes,No,2025-03-20 19:25:08.306712
CUST0979,Electronics,Mobile,iOS,510.61,4,No,No,2025-04-05 11:25:19.306712
CUST0443,Toys,Car,Remote Control,673.06,3,No,No,2025-02-15 00:43:57.306712
CUST0277,Home,Chair,Dining,248.4,4,No,No,2025-03-18 00:55:56.306712
CUST0599,Books,Biography,Historical,675.83,2,No,No,2025-03-25 19:16:34.306712
CUST0689,Toys,Puzzle,3D,319.23,3,Yes,No,2025-01-30 23:26:17.306712
CUST0321,Toys,Puzzle,Jigsaw,779.2,2,No,No,2025-04-04 06:10:44.306712
CUST0070,Electronics,Laptop,Gaming,404.43,6,No,No,2025-03-05 12:09:23.306712
CUST0107,Books,Biography,Historical,491.08,4,No,No,2025-03-24 22:09:30.306712
CUST0291,Home,Chair,Office,394.4,3,No,No,2025-01-15 19:25:40.306712
CUST0635,Electronics,Mobile,Android,770.61,3,No,No,2025-03-12 16:52:12.306712
CUST0654,Electronics,Headphones,Wireless,773.28,4,No,No,2025-01-21 21:29:48.306712
CUST0877,Toys,Puzzle,3D,352.45,3,No,No,2025-03-18 05:42:44.306712
CUST0783,Toys,Puzzle,Jigsaw,262.29,1,Yes,No,2025-03-22 01:11:32.306712
CUST0189,Home,Lamp,Halogen,897.76,3,Yes,No,2025-01-20 20:37:43.306712
CUST0655,Books,Biography,Celebrity,737.29,3,No,No,2025-03-21 17:11:41.306712
CUST0926,Home,Lamp,LED,121.72,2,Yes,No,2025-03-30 07:26:15.306712
CUST0076,Home,Chair,Dining,508.61,3,No,No,2025-02-20 05:40:59.306712
CUST0341,Electronics,Laptop,Ultrabook,637.37,9,No,No,2025-01-30 18:48:27.306712
CUST0452,Electronics,Laptop,Gaming,527.93,3,Yes,No,2025-01-30 20:00:08.306712
CUST0661,Books,Novel,Fiction,513.0,4,No,No,2025-03-06 23:57:58.306712
CUST0788,Books,Novel,Fiction,847.93,3,No,No,2025-04-12 02:44:08.306712
CUST0453,Home,Chair,Office,517.06,2,No,No,2025-01-20 14:07:00.306712
CUST0073,Toys,Car,Remote Control,488.52,7,Yes,No,2025-01-15 07:55:37.306712
CUST0919,Books,Novel,Fiction,489.84,3,No,No,2025-01-17 04:21:55.306712
CUST0681,Books,Biography,Historical,637.64,0,No,No,2025-03-22 11:26:55.306712
CUST0338,Books,Textbook,Math,411.28,2,Yes,No,2025-03-04 13:07:52.306712
CUST0725,Books,Biography,Celebrity,476.47,2,No,No,2025-02-21 17:23:12.306712
CUST0865,Electronics,Headphones,Wireless,503.01,3,Yes,Yes,2025-03-21 10:17:49.306712
CUST0838,Books,Novel,Mystery,587.35,3,No,No,2025-02-14 21:10:22.306712
CUST0699,Home,Lamp,LED,580.24,5,No,No,2025-03-15 21:30:13.306712
CUST0982,Electronics,Laptop,Ultrabook,703.87,3,No,No,2025-01-21 07:40:47.306712
CUST0862,Books,Biography,Historical,630.57,0,No,No,2025-01-30 15:45:08.306712
CUST0568,Electronics,Laptop,Gaming,674.8,2,No,No,2025-02-11 12:37:13.306712
CUST0713,Books,Novel,Mystery,515.69,4,Yes,Yes,2025-04-09 10:54:01.306712
CUST0648,Books,Textbook,Math,787.29,3,Yes,Yes,2025-02-01 06:08:26.306712
CUST0026,Toys,Puzzle,3D,359.22,1,No,No,2025-02-20 06:05:45.306712
CUST0065,Toys,Car,Remote Control,893.38,6,No,No,2025-03-03 00:33:01.306712
CUST0547,Books,Novel,Fiction,492.17,2,No,No,2025-02-15 10:47:36.306712
CUST0058,Home,Table,Coffee,335.08,3,Yes,Yes,2025-02-03 01:26:52.306712
CUST0827,Toys,Doll,Barbie,288.24,2,No,No,2025-03-26 10:58:37.306712
CUST0594,Clothing,T-Shirt,Round Neck,729.94,0,No,No,2025-03-25 21:56:50.306712
CUST0145,Books,Textbook,Math,598.63,1,No,No,2025-02-28 06:13:23.306712
CUST0929,Toys,Puzzle,Jigsaw,544.79,4,No,No,2025-03-22 14:20:31.306712
CUST0665,Clothing,T-Shirt,Round Neck,110.69,0,No,No,2025-03-15 22:24:35.306712
CUST0052,Home,Chair,Dining,627.07,3,No,No,2025-03-13 20:27:41.306712
CUST0175,Toys,Puzzle,Jigsaw,476.47,3,No,No,2025-01-24 14:15:35.306712
CUST0510,Toys,Car,Electric,973.86,6,No,No,2025-01-19 15:15:32.306712
CUST0824,Clothing,Jeans,Regular,779.09,3,No,No,2025-04-02 07:10:58.306712
CUST0856,Books,Biography,Historical,351.26,2,Yes,No,2025-03-20 22:14:36.306712
CUST0590,Toys,Puzzle,3D,602.83,2,Yes,No,2025-04-04 17:13:05.306712
CUST0988,Clothing,T-Shirt,Round Neck,790.02,4,No,No,2025-02-15 01:58:56.306712
CUST0065,Electronics,Laptop,Gaming,245.95,4,No,No,2025-03-28 01:25:17.306712
CUST0426,Clothing,Jacket,Denim,432.63,3,Yes,No,2025-02-25 02:21:23.306712
CUST0250,Toys,Puzzle,Jigsaw,804.54,4,Yes,Yes,2025-04-05 18:42:34.306712
CUST0648,Toys,Doll,Barbie,614.49,3,Yes,Yes,2025-03-01 18:55:06.306712
CUST0083,Electronics,Mobile,Android,579.41,1,Yes,No,2025-04-13 10:15:26.306712
CUST0092,Toys,Doll,Action,436.78,5,No,No,2025-03-21 20:10:56.306712
CUST0827,Books,Textbook,Math,562.87,6,No,No,2025-02-02 12:35:24.306712
CUST0147,Home,Table,Study,663.24,3,No,No,2025-02-22 12:18:16.306712
CUST0245,Clothing,Jacket,Leather,288.29,5,No,No,2025-03-12 09:36:58.306712
CUST0185,Books,Textbook,Math,626.61,4,No,No,2025-03-15 09:39:51.306712
CUST0847,Home,Lamp,Halogen,513.85,2,No,No,2025-01-13 22:51:03.306712
CUST0572,Clothing,T-Shirt,Round Neck,602.73,2,No,No,2025-03-05 23:39:18.306712
CUST0098,Toys,Doll,Barbie,146.68,3,No,No,2025-02-27 13:54:13.306712
CUST0789,Clothing,Jeans,Slim,409.8,1,No,No,2025-02-01 07:35:59.306712
CUST0116,Clothing,Jacket,Denim,558.79,4,No,No,2025-03-02 19:29:43.306712
CUST0181,Clothing,Jacket,Leather,613.24,6,Yes,Yes,2025-02-17 20:49:59.306712
CUST0292,Clothing,Jeans,Regular,475.2,2,Yes,No,2025-02-14 23:09:53.306712
CUST0632,Books,Novel,Fiction,335.77,1,No,No,2025-03-26 09:29:54.306712
CUST0054,Toys,Puzzle,Jigsaw,607.5,1,Yes,No,2025-03-30 18:31:51.306712
CUST0030,Books,Textbook,Math,306.62,3,No,No,2025-01-20 09:18:59.306712
CUST0917,Clothing,Jacket,Denim,736.31,4,No,No,2025-03-12 01:18:30.306712
CUST0594,Home,Lamp,LED,480.93,7,Yes,No,2025-04-10 17:33:43.306712
CUST0334,Clothing,T-Shirt,V-Neck,846.06,5,No,No,2025-02-04 14:58:21.306712
CUST0101,Clothing,Jacket,Denim,432.44,4,No,No,2025-04-07 23:11:02.306712
CUST0205,Books,Novel,Fiction,374.52,1,No,No,2025-02-28 05:41:19.306712
CUST0600,Books,Novel,Mystery,475.26,3,No,No,2025-01-27 13:56:22.306712
CUST0222,Toys,Doll,Barbie,425.45,4,Yes,Yes,2025-01-26 18:02:51.306712
CUST0469,Clothing,Jacket,Denim,366.53,2,No,No,2025-02-08 16:38:08.306712
CUST0208,Home,Chair,Office,51.62,2,No,No,2025-03-21 17:10:09.306712
CUST0583,Electronics,Laptop,Gaming,264.55,4,No,No,2025-01-24 07:06:19.306712
CUST0873,Books,Biography,Celebrity,593.71,2,No,No,2025-01-30 03:07:47.306712
CUST0779,Home,Chair,Dining,703.19,4,No,No,2025-03-13 02:46:32.306712
CUST0161,Toys,Puzzle,Jigsaw,419.32,2,No,No,2025-01-21 21:42:06.306712
CUST0422,Toys,Doll,Barbie,352.79,1,No,No,2025-03-11 22:41:07.306712
CUST0485,Books,Biography,Historical,437.81,4,No,No,2025-03-25 09:15:59.306712
CUST0439,Clothing,T-Shirt,V-Neck,885.77,2,No,No,2025-02-24 16:04:29.306712
CUST0594,Clothing,Jacket,Leather,509.31,3,Yes,No,2025-04-10 17:16:49.306712
CUST0006,Books,Novel,Fiction,762.76,1,No,No,2025-02-28 04:54:07.306712
CUST0752,Toys,Puzzle,3D,496.91,1,No,No,2025-03-06 01:48:18.306712
CUST0404,Books,Textbook,Math,694.49,1,No,No,2025-02-26 10:28:00.306712
CUST0508,Clothing,T-Shirt,Round Neck,674.56,2,Yes,No,2025-03-21 19:22:53.306712
CUST0750,Books,Novel,Fiction,397.41,4,Yes,Yes,2025-02-05 17:15:27.306712
CUST0664,Electronics,Mobile,iOS,597.72,2,No,No,2025-03-19 11:10:04.306712
CUST0313,Clothing,Jacket,Denim,257.33,1,Yes,No,2025-04-06 19:18:19.306712
CUST0585,Toys,Puzzle,3D,352.49,1,No,No,2025-02-27 12:50:33.306712
CUST0791,Clothing,Jacket,Denim,628.76,4,Yes,Yes,2025-04-08 03:03:53.306712
CUST0380,Books,Textbook,Math,612.39,5,No,No,2025-04-07 01:02:19.306712
CUST0643,Electronics,Laptop,Ultrabook,348.9,3,No,No,2025-03-06 01:20:09.306712
CUST0034,Home,Lamp,Halogen,479.6,1,No,No,2025-03-22 06:47:16.306712
CUST0969,Toys,Car,Electric,597.07,2,No,No,2025-03-30 23:39:25.306712
CUST0702,Electronics,Headphones,Wired,330.18,1,No,No,2025-03-25 22:38:55.306712
CUST0955,Electronics,Headphones,Wired,497.14,2,No,No,2025-04-09 17:20:25.306712
CUST0053,Electronics,Laptop,Ultrabook,416.5,4,No,No,2025-02-27 16:33:09.306712
CUST0634,Electronics,Laptop,Ultrabook,401.14,4,No,No,2025-01-30 12:36:16.306712
CUST0664,Toys,Car,Electric,366.67,3,No,No,2025-03-08 22:51:47.306712
CUST0727,Clothing,T-Shirt,V-Neck,714.59,0,No,No,2025-02-05 16:15:23.306712
CUST0553,Electronics,Headphones,Wired,329.32,5,No,No,2025-03-26 02:25:19.306712
CUST0962,Toys,Car,Electric,620.74,1,No,No,2025-03-27 15:13:24.306712
CUST0763,Clothing,Jeans,Regular,521.55,1,No,No,2025-04-10 16:32:15.306712
CUST0274,Toys,Car,Remote Control,543.75,2,No,No,2025-02-09 09:59:50.306712
CUST0056,Electronics,Laptop,Ultrabook,759.45,6,No,No,2025-02-26 10:23:42.306712
CUST0498,Toys,Car,Electric,543.93,5,No,No,2025-02-28 03:45:47.306712
CUST0727,Toys,Car,Remote Control,834.39,0,No,No,2025-02-26 09:23:16.306712
CUST0636,Home,Table,Coffee,649.95,2,No,No,2025-01-31 19:05:51.306712
CUST0914,Books,Novel,Fiction,97.02,3,No,No,2025-02-20 10:33:29.306712
CUST0920,Clothing,Jeans,Slim,687.68,3,Yes,Yes,2025-02-09 07:11:42.306712
CUST0115,Clothing,Jeans,Slim,651.81,2,No,No,2025-04-08 11:05:01.306712
CUST0210,Toys,Car,Electric,581.94,5,No,No,2025-02-10 23:20:10.306712
CUST0427,Toys,Puzzle,3D,380.6,1,No,No,2025-02-16 04:04:19.306712
CUST0431,Books,Textbook,Math,588.98,3,No,No,2025-02-10 19:29:07.306712
CUST0194,Electronics,Mobile,Android,670.14,2,No,No,2025-04-04 13:46:14.306712
CUST0971,Toys,Car,Remote Control,354.07,3,No,No,2025-02-22 11:30:47.306712
CUST0593,Home,Table,Study,640.74,5,No,No,2025-03-01 17:00:35.306712
CUST0608,Toys,Car,Remote Control,609.89,2,Yes,No,2025-02-26 23:26:08.306712
CUST0312,Toys,Puzzle,3D,367.99,5,No,No,2025-01-30 04:22:42.306712
CUST0809,Home,Chair,Dining,574.53,2,No,No,2025-02-18 14:47:49.306712
CUST0995,Home,Chair,Office,533.3,1,No,No,2025-02-16 19:01:59.306712
CUST0292,Books,Novel,Fiction,431.07,4,No,No,2025-03-23 14:50:40.306712
CUST0549,Home,Chair,Office,502.47,3,No,No,2025-04-04 23:59:11.306712
CUST0726,Clothing,T-Shirt,Round Neck,783.81,4,Yes,Yes,2025-02-13 05:59:37.306712
CUST0589,Clothing,Jeans,Regular,558.67,5,No,No,2025-02-18 09:36:01.306712
CUST0189,Clothing,Jacket,Leather,760.05,4,No,No,2025-03-19 03:03:12.306712
CUST0325,Home,Chair,Dining,219.69,5,Yes,Yes,2025-01-29 07:04:54.306712
CUST0547,Home,Chair,Office,441.91,6,No,No,2025-02-21 18:54:01.306712
CUST0954,Books,Novel,Mystery,588.83,6,No,No,2025-02-13 14:21:49.306712
CUST0160,Electronics,Headphones,Wired,488.43,1,No,No,2025-03-17 08:23:22.306712
CUST0723,Home,Lamp,Halogen,725.56,5,No,No,2025-03-27 17:31:33.306712
CUST0588,Clothing,Jacket,Denim,231.9,2,No,No,2025-02-15 09:23:37.306712
CUST0706,Electronics,Headphones,Wired,436.03,2,No,No,2025-04-10 21:45:37.306712
CUST0042,Clothing,Jacket,Leather,467.89,4,Yes,Yes,2025-02-21 12:04:02.306712
CUST0633,Clothing,Jeans,Regular,388.94,1,Yes,No,2025-01-22 11:41:54.306712
CUST0335,Electronics,Headphones,Wireless,395.45,2,Yes,No,2025-03-11 03:41:44.306712
CUST0540,Clothing,Jeans,Slim,600.56,3,No,No,2025-01-15 16:44:38.306712
CUST0086,Toys,Doll,Barbie,488.23,3,Yes,No,2025-02-20 19:16:32.306712
CUST0200,Books,Biography,Historical,455.81,0,No,No,2025-04-11 17:02:12.306712
CUST0683,Home,Lamp,LED,300.02,2,No,No,2025-03-24 00:31:06.306712
CUST0875,Books,Biography,Celebrity,938.72,4,No,No,2025-02-18 16:57:41.306712
CUST0013,Home,Lamp,Halogen,476.48,5,No,No,2025-02-12 10:05:34.306712
CUST0457,Toys,Puzzle,Jigsaw,325.4,1,No,No,2025-03-25 04:13:23.306712
CUST0910,Books,Textbook,Science,656.81,2,No,No,2025-04-01 12:55:29.306712
CUST0454,Home,Chair,Dining,574.17,2,No,No,2025-03-25 05:58:33.306712
CUST0918,Books,Novel,Fiction,517.47,4,No,No,2025-01-27 10:54:20.306712
CUST0213,Home,Lamp,Halogen,148.43,4,No,No,2025-01-19 22:15:46.306712
CUST0956,Toys,Doll,Barbie,379.2,4,Yes,Yes,2025-03-16 12:43:40.306712
CUST0937,Home,Lamp,LED,1042.72,1,Yes,No,2025-03-08 11:20:31.306712
CUST0474,Toys,Puzzle,Jigsaw,235.98,6,Yes,Yes,2025-02-19 13:47:21.306712
CUST0297,Toys,Doll,Barbie,452.25,3,No,No,2025-04-03 09:27:47.306712
CUST0847,Home,Table,Study,458.48,3,Yes,Yes,2025-03-26 08:11:29.306712
CUST0475,Clothing,T-Shirt,Round Neck,764.26,4,No,No,2025-01-28 11:06:13.306712
CUST0269,Home,Table,Study,577.76,2,No,No,2025-01-25 13:33:18.306712
CUST0670,Home,Lamp,LED,265.23,7,No,No,2025-03-02 06:22:50.306712
CUST0929,Clothing,T-Shirt,Round Neck,426.17,1,No,No,2025-03-28 18:07:29.306712
CUST0284,Books,Novel,Mystery,451.94,1,Yes,No,2025-03-10 22:10:59.306712
CUST0493,Toys,Doll,Action,560.15,1,Yes,No,2025-03-15 11:32:19.306712
CUST0703,Books,Textbook,Math,653.52,5,No,No,2025-02-18 17:49:34.306712
CUST0525,Toys,Puzzle,3D,423.13,4,Yes,Yes,2025-01-19 04:32:27.306712
CUST0150,Home,Lamp,LED,399.63,6,No,No,2025-02-17 04:58:13.306712
CUST0168,Electronics,Laptop,Ultrabook,529.81,2,No,No,2025-02-23 05:44:25.306712
CUST0652,Home,Chair,Dining,806.43,1,No,No,2025-02-10 19:49:42.306712
CUST0543,Electronics,Headphones,Wireless,724.19,7,No,No,2025-03-28 22:08:32.306712
CUST0644,Clothing,T-Shirt,Round Neck,661.11,1,Yes,No,2025-03-07 07:08:36.306712
CUST0331,Home,Table,Study,770.41,2,No,No,2025-02-08 20:44:49.306712
CUST0702,Home,Chair,Dining,919.88,4,No,No,2025-04-03 10:39:52.306712
CUST0148,Electronics,Mobile,iOS,706.05,4,No,No,2025-02-18 17:23:16.306712
CUST0798,Books,Biography,Celebrity,423.99,5,No,No,2025-04-12 22:04:17.306712
CUST0933,Clothing,T-Shirt,Round Neck,97.42,1,No,No,2025-01-28 12:20:27.306712
CUST0516,Clothing,T-Shirt,Round Neck,526.56,2,No,No,2025-02-23 00:41:21.306712
CUST0472,Electronics,Mobile,Android,547.63,2,No,No,2025-04-13 03:54:09.306712
CUST0018,Books,Biography,Celebrity,331.85,2,Yes,No,2025-03-21 14:28:00.306712
CUST0372,Clothing,Jeans,Regular,741.85,5,No,No,2025-01-30 05:28:25.306712
CUST0727,Home,Chair,Office,495.14,0,No,No,2025-02-04 02:19:59.306712
CUST0132,Clothing,Jacket,Leather,673.69,1,No,No,2025-02-12 08:33:42.306712
CUST0129,Clothing,T-Shirt,Round Neck,885.56,7,Yes,Yes,2025-03-28 14:10:33.306712
CUST0803,Electronics,Mobile,Android,339.72,1,No,No,2025-03-29 17:21:57.306712
CUST0496,Books,Novel,Fiction,310.56,2,Yes,No,2025-01-23 23:26:04.306712
CUST0034,Toys,Car,Electric,924.2,3,No,No,2025-02-28 01:14:34.306712
CUST0122,Home,Chair,Office,695.57,3,No,No,2025-02-11 19:05:15.306712
CUST0684,Electronics,Mobile,Android,174.98,1,Yes,No,2025-04-12 20:11:09.306712
CUST0617,Clothing,Jacket,Leather,516.58,5,No,No,2025-01-31 10:46:29.306712
CUST0687,Home,Chair,Office,483.24,3,No,No,2025-01-27 15:22:27.306712
CUST0867,Home,Table,Study,950.81,1,Yes,No,2025-02-16 16:53:42.306712
CUST0165,Toys,Car,Electric,690.64,1,No,No,2025-03-03 12:43:32.306712
CUST0584,Electronics,Mobile,Android,657.82,2,No,No,2025-03-05 20:29:07.306712
CUST0223,Clothing,Jeans,Slim,622.69,1,No,No,2025-04-11 01:13:21.306712
CUST0773,Toys,Puzzle,Jigsaw,374.64,2,No,No,2025-04-13 05:49:07.306712
CUST0220,Toys,Car,Remote Control,521.06,3,No,No,2025-02-18 02:07:21.306712
CUST0715,Toys,Puzzle,3D,530.12,3,No,No,2025-03-19 21:37:50.306712
CUST0981,Electronics,Mobile,iOS,689.5,2,No,No,2025-02-19 08:46:08.306712
CUST0435,Clothing,Jacket,Leather,634.94,5,Yes,Yes,2025-03-28 10:24:52.306712
CUST0322,Electronics,Laptop,Gaming,570.6,2,No,No,2025-03-04 23:15:17.306712
CUST0140,Books,Biography,Celebrity,154.75,4,No,No,2025-03-08 14:24:49.306712
CUST0740,Electronics,Mobile,iOS,632.08,0,No,No,2025-03-02 10:38:10.306712
CUST0119,Books,Biography,Celebrity,470.53,2,No,No,2025-03-12 19:12:39.306712
CUST0754,Home,Table,Study,729.88,2,No,No,2025-02-04 10:31:30.306712
CUST0568,Books,Biography,Celebrity,744.88,3,No,No,2025-01-31 20:06:10.306712
CUST0878,Electronics,Laptop,Ultrabook,492.34,4,No,No,2025-01-30 21:59:41.306712
CUST0014,Books,Textbook,Math,663.75,3,No,No,2025-02-20 23:48:37.306712
CUST0449,Toys,Car,Electric,547.95,2,No,No,2025-01-25 01:59:58.306712
CUST0147,Books,Biography,Historical,338.4,5,Yes,No,2025-04-10 03:42:32.306712
CUST0173,Electronics,Laptop,Gaming,675.8,5,Yes,Yes,2025-03-12 06:33:40.306712
CUST0865,Books,Novel,Fiction,310.7,1,No,No,2025-04-04 21:08:15.306712
CUST0435,Books,Biography,Celebrity,193.94,3,Yes,No,2025-04-01 06:37:49.306712
CUST0660,Books,Biography,Celebrity,475.51,0,No,No,2025-03-19 05:40:19.306712
CUST0618,Books,Biography,Celebrity,401.16,4,No,No,2025-01-27 19:36:30.306712
CUST0787,Books,Novel,Fiction,203.6,3,No,No,2025-02-06 20:21:05.306712
CUST0502,Books,Novel,Fiction,685.25,2,Yes,No,2025-01-16 09:27:45.306712
CUST0102,Electronics,Mobile,iOS,422.8,5,No,No,2025-03-20 08:18:24.306712
CUST0028,Clothing,Jeans,Regular,366.94,2,Yes,No,2025-01-28 08:06:14.306712
CUST0311,Toys,Car,Electric,564.05,1,No,No,2025-03-28 07:31:47.306712
CUST0079,Toys,Doll,Action,405.85,5,Yes,Yes,2025-03-18 18:59:27.306712
CUST0510,Books,Textbook,Science,724.24,2,Yes,No,2025-03-07 04:10:27.306712
CUST0352,Toys,Car,Electric,636.42,4,No,No,2025-03-28 16:22:09.306712
CUST0033,Books,Novel,Mystery,630.87,7,Yes,Yes,2025-04-06 07:32:35.306712
CUST0386,Books,Biography,Historical,941.29,2,No,No,2025-01-16 16:46:14.306712
CUST0182,Toys,Car,Remote Control,515.93,1,Yes,No,2025-04-09 09:42:10.306712
CUST0724,Clothing,Jeans,Regular,405.38,3,Yes,Yes,2025-03-23 23:57:28.306712
CUST0399,Books,Novel,Mystery,357.74,4,No,No,2025-03-18 14:17:47.306712
CUST0568,Toys,Car,Remote Control,797.1,3,Yes,Yes,2025-04-06 10:59:06.306712
CUST0161,Toys,Puzzle,3D,90.51,3,Yes,Yes,2025-03-11 21:26:12.306712
CUST0995,Books,Textbook,Science,413.47,3,No,No,2025-03-28 22:12:29.306712
CUST0292,Home,Chair,Office,937.15,5,Yes,No,2025-01-25 22:55:30.306712
CUST0858,Home,Lamp,LED,823.17,8,No,No,2025-03-28 19:13:59.306712
CUST0913,Home,Lamp,LED,307.02,0,No,No,2025-02-24 01:51:34.306712
CUST0354,Home,Lamp,Halogen,1175.48,4,No,No,2025-01-18 23:44:17.306712
CUST0678,Clothing,T-Shirt,Round Neck,635.3,5,Yes,No,2025-03-12 00:54:02.306712
CUST0087,Electronics,Laptop,Gaming,149.7,1,No,No,2025-02-15 06:51:12.306712
CUST0174,Electronics,Headphones,Wired,389.86,3,No,No,2025-01-17 03:17:53.306712
CUST0472,Books,Textbook,Science,534.28,2,No,No,2025-02-08 09:28:08.306712
CUST0021,Books,Textbook,Math,617.42,2,No,No,2025-02-13 05:44:01.306712
CUST0387,Toys,Doll,Action,170.08,0,No,No,2025-03-10 02:18:49.306712
CUST0101,Books,Novel,Fiction,647.22,0,Yes,No,2025-02-15 03:03:46.306712
CUST0509,Toys,Car,Remote Control,705.41,4,No,No,2025-01-29 16:28:17.306712
CUST0630,Home,Lamp,Halogen,373.84,4,No,No,2025-02-02 02:20:01.306712
CUST0509,Electronics,Headphones,Wireless,833.35,5,Yes,Yes,2025-01-18 02:57:28.306712
CUST0305,Toys,Doll,Barbie,561.44,1,Yes,No,2025-03-15 03:33:39.306712
CUST0761,Electronics,Headphones,Wireless,525.69,2,No,No,2025-03-11 23:20:47.306712
CUST0345,Home,Chair,Dining,381.74,2,Yes,No,2025-02-23 23:25:50.306712
CUST0215,Home,Chair,Dining,557.17,4,No,No,2025-03-03 12:05:50.306712
CUST0824,Home,Lamp,Halogen,537.7,5,Yes,Yes,2025-02-21 13:37:52.306712
CUST0258,Toys,Car,Remote Control,467.99,0,Yes,No,2025-03-19 17:03:02.306712
CUST0782,Toys,Puzzle,Jigsaw,451.32,6,No,No,2025-03-15 11:11:03.306712
CUST0721,Toys,Puzzle,3D,529.76,5,No,No,2025-02-03 04:25:04.306712
CUST0677,Books,Biography,Celebrity,465.75,4,No,No,2025-03-09 11:20:55.306712
CUST0745,Electronics,Headphones,Wireless,622.42,3,No,No,2025-02-17 21:01:24.306712
CUST0474,Clothing,T-Shirt,Round Neck,416.29,1,No,No,2025-03-26 23:31:05.306712
CUST0702,Home,Lamp,Halogen,462.56,5,Yes,Yes,2025-04-04 02:44:29.306712
CUST0934,Electronics,Headphones,Wireless,659.99,1,No,No,2025-04-05 15:26:52.306712
CUST0423,Home,Lamp,LED,656.22,2,No,No,2025-02-07 09:45:57.306712
CUST0704,Toys,Puzzle,3D,504.11,6,No,No,2025-02-05 15:54:30.306712
CUST0117,Clothing,T-Shirt,Round Neck,1030.74,3,Yes,Yes,2025-04-03 19:47:05.306712
CUST0318,Books,Biography,Celebrity,737.88,4,Yes,Yes,2025-04-11 10:31:57.306712
CUST0038,Clothing,T-Shirt,V-Neck,635.27,1,Yes,No,2025-01-26 18:06:30.306712
CUST0030,Home,Lamp,LED,492.46,9,No,No,2025-03-17 01:30:55.306712
CUST0873,Electronics,Headphones,Wired,910.41,1,Yes,No,2025-03-30 10:56:19.306712
CUST0021,Electronics,Mobile,iOS,158.81,2,No,No,2025-03-12 22:01:51.306712
CUST0306,Electronics,Laptop,Ultrabook,663.41,2,No,No,2025-03-19 17:18:40.306712
CUST0674,Electronics,Laptop,Gaming,296.56,1,Yes,No,2025-02-05 10:13:03.306712
CUST0115,Toys,Car,Electric,557.45,2,Yes,No,2025-03-05 04:27:04.306712
CUST0681,Toys,Car,Remote Control,688.74,3,No,No,2025-03-02 17:01:00.306712
CUST0906,Electronics,Mobile,Android,662.89,2,Yes,No,2025-03-29 13:52:02.306712
CUST0827,Home,Lamp,Halogen,314.5,5,No,No,2025-04-01 17:56:56.306712
CUST0767,Clothing,Jeans,Slim,537.61,3,No,No,2025-01-27 12:23:37.306712
CUST0110,Clothing,T-Shirt,V-Neck,329.76,4,No,No,2025-02-25 04:15:13.306712
CUST0419,Home,Table,Coffee,655.73,4,No,No,2025-03-02 02:49:12.306712
CUST0547,Home,Table,Coffee,275.55,3,Yes,Yes,2025-02-23 15:41:02.306712
CUST0487,Clothing,Jeans,Slim,620.74,3,No,No,2025-02-17 18:02:55.306712
CUST0487,Home,Lamp,LED,780.3,1,Yes,No,2025-03-17 04:05:14.306712
CUST0991,Toys,Puzzle,Jigsaw,530.51,5,No,No,2025-03-21 13:36:31.306712
CUST0940,Clothing,Jeans,Regular,189.69,3,No,No,2025-02-12 12:50:59.306712
CUST0655,Home,Table,Coffee,614.23,2,No,No,2025-03-06 10:38:03.306712
CUST0888,Clothing,Jeans,Regular,355.3,4,No,No,2025-01-14 06:31:52.306712
CUST0932,Books,Biography,Celebrity,1001.09,3,No,No,2025-01-22 06:30:01.306712
CUST0959,Clothing,Jeans,Slim,409.67,0,No,No,2025-04-06 22:47:17.306712
CUST0912,Clothing,Jeans,Regular,655.84,5,No,No,2025-04-08 21:30:32.306712
CUST0832,Books,Novel,Mystery,631.87,1,Yes,No,2025-04-07 15:09:51.306712
CUST0083,Books,Biography,Celebrity,729.81,2,No,No,2025-04-13 11:05:48.306712
CUST0862,Home,Table,Study,375.29,2,Yes,No,2025-04-08 15:12:13.306712
CUST0941,Electronics,Mobile,iOS,446.05,4,No,No,2025-03-03 16:02:48.306712
CUST0068,Home,Lamp,Halogen,353.86,5,Yes,Yes,2025-01-16 03:56:02.306712
CUST0781,Electronics,Headphones,Wireless,627.71,4,No,No,2025-03-15 16:34:21.306712
CUST0455,Clothing,T-Shirt,V-Neck,839.52,3,No,No,2025-02-01 22:24:40.306712
CUST0644,Home,Lamp,LED,189.27,1,No,No,2025-01-24 06:27:01.306712
CUST0162,Clothing,Jacket,Leather,527.81,7,Yes,No,2025-03-21 02:07:23.306712
CUST0421,Home,Lamp,Halogen,360.11,4,No,No,2025-04-08 07:37:05.306712
CUST0753,Clothing,Jeans,Slim,421.45,4,Yes,No,2025-04-03 18:42:44.306712
CUST0336,Home,Chair,Office,549.98,3,No,No,2025-02-22 18:02:55.306712
CUST0377,Clothing,Jeans,Regular,441.83,2,Yes,No,2025-04-04 13:08:42.306712
CUST0906,Toys,Puzzle,Jigsaw,50.0,1,No,No,2025-01-15 17:43:34.306712
CUST0946,Toys,Car,Electric,586.2,3,No,No,2025-04-11 13:18:12.306712
CUST0092,Books,Novel,Mystery,360.08,4,No,No,2025-03-22 14:15:31.306712
CUST0873,Clothing,T-Shirt,V-Neck,458.12,3,Yes,No,2025-03-12 19:13:06.306712
CUST0267,Clothing,T-Shirt,V-Neck,754.55,1,No,No,2025-01-30 00:37:01.306712
CUST0970,Toys,Puzzle,Jigsaw,184.19,1,No,No,2025-03-24 06:37:21.306712
CUST0539,Books,Biography,Celebrity,770.55,4,Yes,Yes,2025-03-23 18:55:33.306712
CUST0209,Clothing,Jeans,Regular,582.84,1,No,No,2025-03-26 23:32:24.306712
CUST0507,Books,Novel,Mystery,543.74,2,No,No,2025-04-06 15:36:48.306712
CUST0212,Toys,Puzzle,3D,466.64,4,No,No,2025-03-25 01:33:16.306712
CUST0694,Clothing,Jeans,Slim,342.0,6,Yes,Yes,2025-01-27 16:16:24.306712
CUST0030,Home,Lamp,LED,638.56,3,No,No,2025-03-14 11:30:04.306712
CUST0462,Clothing,Jeans,Regular,509.84,3,No,No,2025-01-21 19:59:15.306712
CUST0011,Books,Novel,Mystery,461.41,2,Yes,No,2025-03-21 19:03:49.306712
CUST0408,Clothing,Jacket,Denim,601.86,1,Yes,No,2025-03-23 07:01:02.306712
CUST0434,Toys,Doll,Barbie,376.79,5,No,No,2025-01-22 18:13:08.306712
CUST0571,Electronics,Mobile,iOS,59.42,2,No,No,2025-02-05 07:25:19.306712
CUST0483,Home,Table,Coffee,455.89,3,No,No,2025-01-14 00:41:38.306712
CUST0260,Toys,Car,Remote Control,739.22,6,Yes,Yes,2025-02-20 19:54:43.306712
CUST0688,Home,Chair,Office,667.71,2,No,No,2025-03-10 20:50:04.306712
CUST0184,Home,Chair,Dining,729.24,7,No,No,2025-02-15 10:32:27.306712
CUST0899,Books,Novel,Fiction,754.74,2,No,No,2025-02-13 07:36:18.306712
CUST0728,Toys,Doll,Barbie,674.31,5,Yes,Yes,2025-02-12 22:10:22.306712
CUST0046,Clothing,Jeans,Regular,565.43,6,Yes,No,2025-04-13 10:29:26.306712
CUST0441,Home,Lamp,Halogen,50.0,2,Yes,No,2025-03-04 16:50:08.306712
CUST0321,Books,Novel,Mystery,271.22,0,No,No,2025-03-26 01:13:54.306712
CUST0504,Clothing,Jacket,Denim,669.66,6,Yes,Yes,2025-01-27 22:30:48.306712
CUST0056,Clothing,T-Shirt,Round Neck,629.65,3,No,No,2025-02-28 03:57:29.306712
CUST0267,Clothing,Jacket,Denim,266.43,0,No,No,2025-02-24 21:09:26.306712
CUST0119,Books,Novel,Mystery,434.32,6,Yes,Yes,2025-03-23 08:21:34.306712
CUST0575,Books,Biography,Celebrity,438.1,2,No,No,2025-01-24 10:19:28.306712
CUST0867,Clothing,T-Shirt,V-Neck,538.4,0,No,No,2025-01-22 14:15:15.306712
CUST0209,Home,Chair,Office,1131.55,3,No,No,2025-03-27 07:40:51.306712
CUST0521,Home,Table,Coffee,681.36,3,Yes,No,2025-01-13 21:48:56.306712
CUST0539,Toys,Puzzle,3D,795.62,5,Yes,No,2025-02-06 09:47:25.306712
CUST0787,Books,Textbook,Math,203.52,1,No,No,2025-04-09 15:55:06.306712
CUST0337,Electronics,Laptop,Gaming,109.08,7,Yes,Yes,2025-03-11 19:47:25.306712
CUST0952,Electronics,Laptop,Gaming,437.92,2,No,No,2025-01-16 07:29:03.306712
CUST0084,Books,Textbook,Science,750.25,1,No,No,2025-02-26 14:13:40.306712
CUST0644,Home,Table,Coffee,775.27,7,No,No,2025-02-14 11:49:20.306712
CUST0994,Electronics,Headphones,Wired,655.2,4,No,No,2025-02-14 01:18:35.306712
CUST0971,Toys,Puzzle,Jigsaw,602.9,3,Yes,No,2025-04-01 07:58:02.306712
CUST0660,Home,Lamp,LED,635.86,0,No,No,2025-03-26 17:22:53.306712
CUST0073,Toys,Car,Remote Control,357.97,4,No,No,2025-01-22 11:51:41.306712
CUST0409,Home,Chair,Office,268.28,3,No,No,2025-03-29 08:28:36.306712
CUST0887,Books,Novel,Fiction,136.87,3,Yes,No,2025-01-29 07:52:52.306712
CUST0398,Books,Biography,Historical,580.03,1,No,No,2025-01-25 05:13:29.306712
CUST0306,Books,Biography,Celebrity,97.19,3,No,No,2025-04-11 06:03:19.306712
CUST0702,Toys,Puzzle,3D,516.97,3,Yes,No,2025-04-04 07:01:32.306712
CUST0377,Toys,Puzzle,3D,637.12,5,No,No,2025-02-25 18:09:28.306712
CUST0907,Books,Biography,Celebrity,676.72,2,No,No,2025-03-09 04:13:12.306712
CUST0615,Books,Novel,Mystery,226.76,1,Yes,No,2025-04-02 05:57:20.306712
CUST0378,Toys,Puzzle,3D,471.64,4,Yes,No,2025-01-22 12:47:06.306712
CUST0042,Toys,Doll,Action,89.26,3,No,No,2025-03-20 04:25:17.306712
CUST0230,Clothing,Jeans,Slim,587.04,1,Yes,No,2025-02-10 17:35:20.306712
CUST0480,Books,Novel,Mystery,351.7,3,No,No,2025-02-11 16:10:08.306712
CUST0153,Clothing,Jacket,Denim,469.91,6,No,No,2025-04-05 05:07:39.306712
CUST0255,Toys,Doll,Action,367.37,3,No,No,2025-03-09 16:59:10.306712
CUST0049,Toys,Puzzle,Jigsaw,1129.93,3,Yes,No,2025-03-04 02:06:22.306712
CUST0436,Books,Novel,Mystery,721.12,2,Yes,No,2025-03-18 16:06:22.306712
CUST0738,Toys,Doll,Action,68.71,6,Yes,Yes,2025-01-21 10:44:19.306712
CUST0788,Toys,Puzzle,Jigsaw,425.75,0,No,No,2025-03-26 09:43:46.306712
CUST0678,Books,Novel,Fiction,439.55,3,Yes,No,2025-01-17 21:39:44.306712
CUST0086,Books,Textbook,Science,606.17,4,No,No,2025-02-12 23:44:59.306712
CUST0602,Books,Textbook,Science,526.39,1,No,No,2025-03-15 01:47:07.306712
CUST0828,Home,Lamp,LED,329.26,4,No,No,2025-02-03 00:01:36.306712
CUST0190,Electronics,Headphones,Wired,455.39,5,No,No,2025-04-08 03:12:50.306712
CUST0690,Electronics,Laptop,Gaming,556.41,1,No,No,2025-01-14 01:49:35.306712
CUST0405,Electronics,Mobile,Android,282.45,3,No,No,2025-03-18 04:19:44.306712
CUST0489,Books,Textbook,Science,475.22,1,No,No,2025-04-07 20:36:26.306712
CUST0674,Toys,Car,Remote Control,426.73,2,Yes,No,2025-02-11 21:46:37.306712
CUST0634,Toys,Doll,Action,535.35,6,No,No,2025-04-01 15:09:02.306712
CUST0310,Electronics,Mobile,Android,470.93,2,No,No,2025-01-14 20:32:06.306712
CUST0196,Electronics,Mobile,Android,569.48,4,No,No,2025-04-06 21:50:42.306712
CUST0028,Clothing,Jeans,Slim,312.31,3,No,No,2025-03-17 14:12:19.306712
CUST0248,Books,Textbook,Math,390.72,4,No,No,2025-01-21 20:48:52.306712
CUST0309,Books,Novel,Mystery,440.07,0,No,No,2025-02-23 11:15:06.306712
CUST0023,Electronics,Mobile,Android,702.68,3,Yes,No,2025-02-25 17:44:48.306712
CUST0987,Books,Biography,Historical,606.74,4,Yes,No,2025-03-11 07:52:40.306712
CUST0249,Clothing,Jeans,Regular,798.59,5,Yes,Yes,2025-01-14 06:33:01.306712
CUST0106,Books,Biography,Celebrity,661.68,3,No,No,2025-03-26 01:43:08.306712
CUST0593,Toys,Car,Remote Control,474.08,4,No,No,2025-01-17 02:27:29.306712
CUST0500,Books,Biography,Celebrity,496.14,0,No,No,2025-02-05 00:34:53.306712
CUST0732,Electronics,Headphones,Wireless,520.33,5,No,No,2025-02-23 11:32:37.306712
CUST0591,Home,Table,Coffee,268.45,5,No,No,2025-02-08 12:20:06.306712
CUST0915,Books,Biography,Historical,529.86,2,No,No,2025-03-02 13:08:36.306712
CUST0638,Home,Lamp,Halogen,159.87,5,Yes,Yes,2025-02-10 11:18:56.306712
CUST0744,Clothing,Jeans,Regular,353.05,3,No,No,2025-02-25 01:04:25.306712
CUST0238,Toys,Puzzle,3D,497.6,4,No,No,2025-04-13 00:00:05.306712
CUST0617,Books,Novel,Mystery,452.09,6,No,No,2025-03-24 16:54:08.306712
CUST0729,Books,Biography,Celebrity,755.66,2,Yes,No,2025-03-31 18:57:09.306712
CUST0484,Clothing,Jacket,Leather,487.83,2,No,No,2025-02-09 22:22:29.306712
CUST0708,Electronics,Headphones,Wired,151.09,3,No,No,2025-01-26 01:01:07.306712
CUST0178,Clothing,T-Shirt,V-Neck,361.94,2,No,No,2025-01-23 07:19:28.306712
CUST0813,Books,Biography,Celebrity,293.71,2,Yes,No,2025-02-05 07:08:11.306712
CUST0215,Toys,Puzzle,Jigsaw,633.67,3,Yes,Yes,2025-02-07 19:55:43.306712
CUST0366,Clothing,T-Shirt,Round Neck,684.6,4,No,No,2025-04-01 20:13:06.306712
CUST0066,Home,Lamp,LED,395.87,4,No,No,2025-03-14 11:13:40.306712
CUST0233,Electronics,Headphones,Wireless,775.12,2,No,No,2025-03-01 17:30:54.306712
CUST0265,Home,Lamp,LED,419.18,5,No,No,2025-03-29 06:39:11.306712
CUST0899,Toys,Doll,Barbie,408.61,1,No,No,2025-04-06 08:47:13.306712
CUST0707,Toys,Car,Electric,306.54,5,Yes,No,2025-04-13 11:24:40.306712
CUST0969,Books,Biography,Historical,587.56,0,No,No,2025-01-23 18:56:52.306712
CUST0801,Toys,Car,Electric,667.05,1,Yes,No,2025-04-03 11:21:10.306712
CUST0576,Electronics,Headphones,Wireless,869.62,3,No,No,2025-01-29 17:26:52.306712
CUST0646,Electronics,Mobile,iOS,608.0,6,Yes,Yes,2025-02-10 20:53:52.306712
CUST0726,Books,Textbook,Science,50.0,5,Yes,No,2025-01-23 03:34:27.306712
CUST0158,Home,Lamp,LED,287.36,6,Yes,Yes,2025-02-02 02:38:25.306712
CUST0450,Books,Novel,Fiction,195.37,4,No,No,2025-04-04 13:27:29.306712
CUST0829,Books,Biography,Celebrity,393.72,2,No,No,2025-03-03 12:59:24.306712
CUST0176,Electronics,Laptop,Ultrabook,450.41,4,Yes,No,2025-02-22 19:14:31.306712
CUST0370,Clothing,T-Shirt,V-Neck,404.01,1,Yes,No,2025-03-30 22:32:51.306712
CUST0234,Clothing,Jeans,Regular,677.91,2,Yes,No,2025-04-12 15:20:37.306712
CUST0420,Books,Textbook,Science,774.23,4,Yes,No,2025-02-25 11:29:06.306712
CUST0150,Electronics,Headphones,Wireless,514.53,1,No,No,2025-01-21 17:44:58.306712
CUST0347,Home,Lamp,LED,787.98,6,No,No,2025-02-24 15:39:49.306712
CUST0063,Books,Novel,Fiction,480.97,2,Yes,No,2025-04-11 03:12:19.306712
CUST0589,Electronics,Headphones,Wired,422.3,0,Yes,No,2025-02-23 05:15:14.306712
CUST0412,Toys,Doll,Action,465.76,3,No,No,2025-04-11 18:51:48.306712
CUST0353,Electronics,Laptop,Gaming,486.78,1,No,No,2025-03-22 12:00:27.306712
CUST0414,Books,Textbook,Math,482.16,6,No,No,2025-04-09 16:24:45.306712
CUST0558,Toys,Car,Remote Control,822.06,6,Yes,No,2025-04-09 16:38:03.306712
CUST0832,Books,Novel,Mystery,401.88,2,Yes,No,2025-01-21 16:35:26.306712
CUST0038,Toys,Doll,Action,443.45,2,No,No,2025-03-24 21:48:15.306712
CUST0737,Clothing,Jacket,Denim,549.45,7,Yes,Yes,2025-03-04 04:28:59.306712
CUST0566,Home,Table,Study,677.32,4,No,No,2025-03-28 00:14:51.306712
CUST0651,Clothing,T-Shirt,Round Neck,417.71,1,No,No,2025-04-09 22:47:46.306712
CUST0816,Toys,Car,Remote Control,390.44,3,No,No,2025-02-05 22:33:51.306712
CUST0853,Home,Table,Study,503.08,3,Yes,No,2025-01-24 05:33:00.306712
CUST0750,Electronics,Laptop,Ultrabook,179.6,3,Yes,No,2025-02-16 22:11:04.306712
CUST0127,Electronics,Headphones,Wireless,472.51,4,No,No,2025-02-26 01:50:04.306712
CUST0306,Toys,Car,Electric,549.26,2,No,No,2025-02-26 12:06:40.306712
CUST0348,Clothing,Jacket,Leather,595.84,4,No,No,2025-02-16 12:32:47.306712
CUST0307,Home,Table,Coffee,529.0,2,No,No,2025-03-23 20:45:37.306712
CUST0387,Toys,Car,Electric,286.79,1,Yes,No,2025-01-23 17:23:54.306712
CUST0336,Toys,Car,Electric,668.5,4,Yes,No,2025-02-17 14:00:58.306712
CUST0466,Electronics,Mobile,iOS,313.38,3,No,No,2025-04-03 22:36:05.306712
CUST0422,Electronics,Mobile,Android,634.69,3,No,No,2025-02-23 18:15:35.306712
CUST0910,Clothing,Jeans,Slim,415.08,0,No,No,2025-02-25 19:50:22.306712
CUST0080,Home,Table,Study,579.53,1,No,No,2025-03-11 14:53:57.306712
CUST0573,Toys,Doll,Action,586.22,2,Yes,No,2025-03-11 05:43:42.306712
CUST0511,Books,Biography,Celebrity,630.37,4,No,No,2025-03-25 13:13:33.306712
CUST0997,Books,Novel,Fiction,415.29,2,No,No,2025-03-03 14:46:06.306712
CUST0131,Books,Textbook,Science,188.24,0,No,No,2025-01-26 01:41:28.306712
CUST0992,Toys,Car,Electric,443.48,3,No,No,2025-03-21 22:26:09.306712
CUST0218,Books,Biography,Historical,415.47,6,Yes,No,2025-03-08 18:49:42.306712
CUST0379,Electronics,Headphones,Wired,544.04,3,Yes,Yes,2025-02-18 09:23:58.306712
CUST0586,Home,Chair,Office,706.48,3,No,No,2025-01-24 22:33:40.306712
CUST0381,Home,Lamp,Halogen,443.04,2,Yes,No,2025-02-11 01:13:40.306712
CUST0498,Electronics,Mobile,Android,300.55,3,No,No,2025-03-30 14:34:15.306712
CUST0604,Books,Novel,Mystery,402.84,3,No,No,2025-04-09 19:51:19.306712
CUST0291,Clothing,T-Shirt,V-Neck,373.31,5,No,No,2025-01-13 17:03:43.306712
CUST0126,Toys,Doll,Barbie,488.49,4,No,No,2025-04-08 00:26:34.306712
CUST0046,Books,Biography,Celebrity,385.3,2,No,No,2025-03-09 10:31:39.306712
CUST0464,Home,Lamp,Halogen,685.79,2,Yes,No,2025-04-04 12:38:04.306712
CUST0738,Toys,Puzzle,Jigsaw,544.99,6,No,No,2025-03-03 12:23:13.306712
CUST0652,Books,Biography,Celebrity,517.46,4,Yes,Yes,2025-03-25 04:14:54.306712
CUST0334,Electronics,Headphones,Wired,292.53,3,No,No,2025-02-20 02:31:30.306712
CUST0239,Books,Biography,Historical,784.79,7,No,No,2025-03-19 14:26:57.306712
CUST0912,Books,Textbook,Science,782.75,3,No,No,2025-03-17 05:17:47.306712
CUST0091,Clothing,Jacket,Leather,382.02,2,No,No,2025-03-10 01:02:47.306712
CUST0646,Home,Table,Coffee,566.21,1,No,No,2025-03-17 00:37:50.306712
CUST0573,Electronics,Mobile,Android,76.57,1,Yes,No,2025-03-09 20:58:03.306712
CUST0535,Clothing,Jeans,Slim,497.95,2,Yes,No,2025-01-25 04:28:55.306712
CUST0675,Toys,Puzzle,Jigsaw,340.86,5,Yes,Yes,2025-02-02 11:45:44.306712
CUST0252,Toys,Doll,Barbie,849.3,7,Yes,No,2025-03-13 10:16:34.306712
CUST0329,Books,Textbook,Math,393.4,2,Yes,No,2025-03-02 05:25:01.306712
CUST0883,Electronics,Laptop,Ultrabook,627.98,0,No,No,2025-01-31 00:48:57.306712
CUST0425,Electronics,Headphones,Wired,182.56,2,No,No,2025-02-19 14:21:07.306712
CUST0264,Electronics,Mobile,Android,458.54,3,No,No,2025-03-07 02:38:20.306712
CUST0173,Home,Chair,Office,321.35,1,Yes,No,2025-02-07 07:41:13.306712
CUST0787,Electronics,Mobile,iOS,493.16,4,Yes,No,2025-03-20 09:28:28.306712
CUST0174,Electronics,Headphones,Wired,521.55,9,No,No,2025-01-31 03:01:45.306712
CUST0028,Electronics,Laptop,Ultrabook,450.02,2,No,No,2025-01-23 02:17:33.306712
CUST0328,Clothing,Jeans,Regular,426.13,3,Yes,Yes,2025-04-03 20:58:45.306712
CUST0922,Electronics,Mobile,Android,545.93,4,No,No,2025-02-05 18:33:50.306712
CUST0771,Toys,Car,Electric,305.57,3,Yes,Yes,2025-03-27 13:23:51.306712
CUST0517,Books,Novel,Mystery,515.92,2,Yes,No,2025-01-19 09:29:04.306712
CUST0326,Books,Textbook,Science,575.78,2,No,No,2025-01-19 20:43:50.306712
CUST0496,Electronics,Laptop,Gaming,466.71,8,Yes,No,2025-01-15 07:35:46.306712
CUST0276,Toys,Car,Electric,418.94,1,Yes,No,2025-02-06 10:09:36.306712
CUST0782,Toys,Car,Electric,597.39,1,No,No,2025-02-12 02:00:04.306712
CUST0582,Books,Biography,Historical,721.06,2,Yes,No,2025-04-05 16:10:20.306712
CUST0652,Toys,Puzzle,Jigsaw,547.91,3,No,No,2025-02-18 18:03:58.306712
CUST0554,Clothing,T-Shirt,V-Neck,554.34,5,No,No,2025-04-12 00:08:02.306712
CUST0569,Books,Novel,Fiction,818.16,4,No,No,2025-04-02 09:47:56.306712
CUST0476,Toys,Doll,Barbie,400.28,6,No,No,2025-01-13 13:28:01.306712
CUST0062,Books,Biography,Celebrity,347.41,7,Yes,No,2025-02-19 10:01:25.306712
CUST0360,Clothing,Jacket,Denim,419.26,2,Yes,No,2025-01-17 22:11:20.306712
CUST0166,Toys,Car,Electric,665.83,3,No,No,2025-02-11 16:44:24.306712
CUST0092,Books,Textbook,Math,590.19,1,No,No,2025-04-04 03:24:10.306712
CUST0144,Toys,Doll,Action,794.53,1,No,No,2025-02-02 23:31:06.306712
CUST0626,Toys,Doll,Action,899.57,2,No,No,2025-03-16 04:15:18.306712
CUST0268,Books,Biography,Historical,735.81,3,Yes,No,2025-02-13 17:40:24.306712
CUST0350,Clothing,Jeans,Regular,661.85,4,Yes,Yes,2025-03-21 16:19:04.306712
CUST0137,Electronics,Headphones,Wired,746.47,3,No,No,2025-01-13 22:10:23.306712
CUST0924,Electronics,Headphones,Wireless,308.4,3,Yes,Yes,2025-04-10 10:19:40.306712
CUST0714,Books,Biography,Historical,683.59,6,Yes,No,2025-03-17 12:42:29.306712
CUST0667,Electronics,Headphones,Wireless,413.91,2,No,No,2025-04-10 04:02:45.306712
CUST0853,Books,Textbook,Math,901.69,1,Yes,No,2025-02-16 18:44:21.306712
CUST0996,Books,Textbook,Science,329.97,5,No,No,2025-02-20 01:23:49.306712
CUST0182,Electronics,Mobile,iOS,546.19,0,No,No,2025-02-18 11:29:03.306712
CUST0959,Clothing,Jeans,Slim,424.8,2,No,No,2025-02-04 00:22:57.306712
CUST0761,Electronics,Laptop,Ultrabook,387.78,2,No,No,2025-02-01 02:27:23.306712
CUST0093,Toys,Car,Remote Control,283.6,3,No,No,2025-04-01 23:56:39.306712
CUST0736,Clothing,T-Shirt,V-Neck,432.27,5,Yes,No,2025-01-17 01:56:34.306712
CUST0288,Books,Textbook,Math,750.47,0,No,No,2025-01-14 04:49:43.306712
CUST0201,Books,Novel,Mystery,727.29,2,Yes,No,2025-03-09 18:18:22.306712
CUST0513,Books,Novel,Fiction,60.5,2,No,No,2025-03-18 13:44:12.306712
CUST0757,Toys,Car,Electric,753.74,3,Yes,Yes,2025-01-25 23:02:15.306712
CUST0764,Electronics,Mobile,iOS,161.61,3,No,No,2025-03-09 20:10:22.306712
CUST0877,Clothing,Jacket,Denim,659.14,2,Yes,No,2025-02-01 03:14:54.306712
CUST0869,Electronics,Headphones,Wired,536.43,3,Yes,No,2025-04-09 05:58:42.306712
CUST0465,Electronics,Laptop,Gaming,678.38,5,No,No,2025-04-06 09:50:22.306712
CUST0962,Home,Lamp,Halogen,486.36,3,No,No,2025-02-09 02:45:04.306712
CUST0125,Toys,Doll,Action,218.66,3,No,No,2025-02-17 14:29:32.306712
CUST0530,Electronics,Headphones,Wireless,600.38,4,No,No,2025-01-18 01:38:15.306712
CUST0285,Books,Textbook,Science,494.24,3,No,No,2025-02-13 05:05:56.306712
CUST0006,Books,Novel,Mystery,467.66,7,No,No,2025-01-21 10:49:49.306712
CUST0902,Toys,Puzzle,Jigsaw,455.99,5,Yes,No,2025-02-23 15:46:28.306712
CUST0981,Electronics,Mobile,Android,418.69,2,Yes,No,2025-01-29 11:28:18.306712
CUST0338,Home,Chair,Office,477.3,3,No,No,2025-01-16 05:09:00.306712
CUST0492,Books,Novel,Mystery,625.12,4,No,No,2025-04-05 02:43:35.306712
CUST0257,Clothing,T-Shirt,V-Neck,796.93,4,No,No,2025-02-05 15:37:08.306712
CUST0982,Home,Chair,Dining,123.4,5,No,No,2025-03-04 23:07:57.306712
CUST0814,Clothing,T-Shirt,V-Neck,195.28,4,Yes,No,2025-03-15 05:22:12.306712
CUST0458,Toys,Puzzle,Jigsaw,508.07,4,No,No,2025-01-19 09:36:45.306712
CUST0939,Electronics,Laptop,Ultrabook,143.72,2,No,No,2025-04-09 22:14:50.306712
CUST0869,Electronics,Mobile,Android,486.97,3,Yes,No,2025-02-25 09:56:47.306712
CUST0057,Home,Table,Study,589.66,3,No,No,2025-01-19 21:30:15.306712
CUST0105,Electronics,Headphones,Wireless,475.71,1,No,No,2025-02-11 03:24:28.306712
CUST0871,Books,Biography,Historical,570.47,3,No,No,2025-03-14 10:37:11.306712
CUST0771,Books,Novel,Fiction,415.95,3,No,No,2025-02-26 12:43:36.306712
CUST0394,Books,Biography,Historical,912.41,3,No,No,2025-02-15 11:33:56.306712
CUST0667,Electronics,Laptop,Ultrabook,618.88,3,No,No,2025-03-11 13:54:22.306712
CUST0198,Electronics,Mobile,Android,389.8,1,No,No,2025-03-12 07:03:37.306712
CUST0731,Electronics,Headphones,Wireless,556.4,3,No,No,2025-04-11 07:32:12.306712
CUST0587,Clothing,Jacket,Denim,440.74,4,Yes,Yes,2025-03-01 05:56:37.306712
CUST0743,Toys,Doll,Barbie,686.61,3,No,No,2025-02-06 02:47:17.306712
CUST0141,Electronics,Mobile,Android,512.71,4,No,No,2025-02-12 18:26:18.306712
CUST0599,Books,Textbook,Science,534.57,4,No,No,2025-02-12 17:19:23.306712
CUST0598,Toys,Puzzle,Jigsaw,593.2,3,No,No,2025-02-28 02:16:17.306712
CUST0317,Toys,Doll,Action,664.54,2,No,No,2025-02-18 07:38:17.306712
CUST0994,Electronics,Headphones,Wireless,567.06,3,Yes,Yes,2025-03-03 17:50:56.306712
CUST0839,Toys,Puzzle,3D,270.54,5,No,No,2025-02-15 21:21:05.306712
CUST0201,Clothing,Jacket,Leather,456.95,1,Yes,No,2025-03-30 17:59:57.306712
CUST0071,Home,Chair,Dining,182.22,3,No,No,2025-03-21 23:09:37.306712
CUST0709,Books,Textbook,Science,579.84,4,No,No,2025-04-06 05:31:33.306712
CUST0593,Toys,Doll,Action,522.86,4,Yes,Yes,2025-01-29 06:20:30.306712
CUST0108,Books,Novel,Mystery,500.36,1,No,No,2025-02-03 19:27:16.306712
CUST0943,Electronics,Headphones,Wireless,50.0,1,Yes,No,2025-03-21 19:31:22.306712
CUST0236,Books,Textbook,Math,292.1,4,No,No,2025-02-05 17:09:24.306712
CUST0493,Home,Table,Study,933.1,3,No,No,2025-02-02 10:37:25.306712
CUST0410,Clothing,T-Shirt,V-Neck,710.92,2,No,No,2025-01-14 11:15:07.306712
CUST0076,Home,Chair,Office,419.98,1,No,No,2025-01-27 08:01:21.306712
CUST0298,Books,Novel,Mystery,600.83,1,No,No,2025-01-17 18:30:27.306712
CUST0999,Electronics,Mobile,Android,618.34,2,No,No,2025-02-10 02:12:17.306712
CUST0179,Clothing,Jeans,Slim,613.87,6,No,No,2025-02-15 12:02:02.306712
CUST0868,Toys,Puzzle,Jigsaw,259.5,5,Yes,Yes,2025-01-30 14:29:31.306712
CUST0864,Home,Chair,Office,799.86,3,No,No,2025-04-04 05:36:39.306712
CUST0694,Clothing,Jeans,Slim,492.32,1,Yes,No,2025-02-15 08:41:31.306712
CUST0959,Clothing,Jeans,Regular,550.03,2,No,No,2025-02-05 19:47:30.306712
CUST0379,Home,Table,Coffee,260.16,2,No,No,2025-03-05 16:01:48.306712
CUST0819,Toys,Doll,Barbie,589.54,3,No,No,2025-01-25 00:18:41.306712
CUST0148,Clothing,T-Shirt,Round Neck,625.48,2,No,No,2025-03-06 05:08:39.306712
CUST0388,Home,Lamp,Halogen,479.22,4,No,No,2025-03-16 06:31:20.306712
CUST0251,Electronics,Headphones,Wireless,720.06,6,No,No,2025-04-06 11:10:50.306712
CUST0549,Home,Chair,Dining,815.97,4,No,No,2025-02-06 12:09:13.306712
CUST0055,Home,Chair,Dining,488.21,2,No,No,2025-02-02 19:45:38.306712
CUST0745,Electronics,Laptop,Gaming,509.41,2,Yes,No,2025-01-29 18:21:01.306712
CUST0521,Books,Textbook,Science,532.8,2,No,No,2025-03-02 21:59:44.306712
CUST0532,Books,Novel,Mystery,553.06,6,No,No,2025-03-23 16:25:00.306712
CUST0383,Toys,Car,Remote Control,849.36,3,No,No,2025-03-23 23:47:13.306712
CUST0979,Books,Biography,Celebrity,88.04,6,No,No,2025-03-10 22:27:54.306712
CUST0411,Toys,Car,Electric,322.03,2,No,No,2025-02-02 15:00:43.306712
CUST0225,Clothing,Jeans,Slim,307.84,5,No,No,2025-02-20 22:42:56.306712
CUST0224,Home,Lamp,Halogen,361.44,4,No,No,2025-03-09 23:35:29.306712
CUST0161,Home,Lamp,LED,245.25,4,No,No,2025-01-26 13:12:51.306712
CUST0770,Electronics,Laptop,Ultrabook,384.15,5,No,No,2025-03-04 21:08:30.306712
CUST0361,Clothing,Jacket,Leather,797.48,3,No,No,2025-02-27 16:19:12.306712
CUST0525,Toys,Doll,Action,139.85,2,No,No,2025-02-26 07:27:37.306712
CUST0479,Books,Biography,Celebrity,422.67,5,No,No,2025-04-01 14:49:59.306712
CUST0510,Home,Lamp,Halogen,599.15,1,No,No,2025-01-15 21:47:58.306712
CUST0184,Books,Novel,Mystery,628.88,2,No,No,2025-03-17 03:59:15.306712
CUST0078,Home,Chair,Dining,335.19,5,No,No,2025-04-05 07:36:36.306712
CUST0514,Toys,Car,Electric,702.92,4,No,No,2025-03-30 19:25:10.306712
CUST0284,Clothing,T-Shirt,Round Neck,808.97,4,Yes,Yes,2025-01-17 05:24:14.306712
CUST0560,Clothing,Jeans,Slim,620.82,3,Yes,No,2025-02-06 18:47:57.306712
CUST0310,Home,Chair,Office,359.82,4,No,No,2025-04-06 12:29:40.306712
CUST0771,Toys,Doll,Barbie,586.52,3,No,No,2025-03-29 06:36:33.306712
CUST0307,Home,Lamp,Halogen,524.71,1,No,No,2025-02-21 21:41:15.306712
CUST0842,Toys,Car,Electric,456.65,3,Yes,Yes,2025-03-04 06:45:21.306712
CUST0780,Clothing,Jeans,Slim,591.51,2,No,No,2025-02-04 12:58:42.306712
CUST0741,Clothing,Jeans,Slim,586.75,2,No,No,2025-03-04 14:09:43.306712
CUST0602,Toys,Doll,Action,595.61,5,Yes,Yes,2025-01-21 20:18:25.306712
CUST0321,Clothing,Jeans,Regular,212.08,1,Yes,No,2025-02-02 20:34:11.306712
CUST0450,Books,Textbook,Math,411.82,0,No,No,2025-02-18 21:18:59.306712
CUST0143,Toys,Puzzle,3D,276.71,1,No,No,2025-03-26 03:24:44.306712
CUST0010,Books,Textbook,Science,419.34,3,No,No,2025-02-15 12:02:42.306712
CUST0231,Books,Biography,Celebrity,714.57,6,No,No,2025-03-28 13:45:05.306712
CUST0798,Toys,Doll,Action,654.01,2,No,No,2025-03-11 11:54:23.306712
CUST0024,Toys,Puzzle,Jigsaw,801.23,4,Yes,Yes,2025-02-14 13:44:29.306712
CUST0582,Toys,Car,Remote Control,419.98,2,Yes,No,2025-02-19 12:44:18.306712
CUST0210,Books,Novel,Mystery,383.37,2,No,No,2025-01-31 19:03:46.306712
CUST0487,Electronics,Laptop,Ultrabook,612.58,5,No,No,2025-03-16 13:11:15.306712
CUST0917,Home,Chair,Office,478.51,1,Yes,No,2025-01-23 15:16:09.306712
CUST0692,Toys,Puzzle,Jigsaw,349.38,3,No,No,2025-04-03 18:01:40.306712
CUST0706,Toys,Doll,Barbie,275.42,1,No,No,2025-01-31 15:13:33.306712
CUST0204,Electronics,Laptop,Ultrabook,594.56,2,No,No,2025-02-02 11:57:56.306712
CUST0239,Home,Table,Coffee,50.0,3,No,No,2025-02-26 15:38:42.306712
CUST0059,Home,Table,Coffee,439.31,2,No,No,2025-01-30 04:35:05.306712
CUST0335,Books,Biography,Historical,339.87,3,No,No,2025-01-24 06:15:14.306712
CUST0133,Toys,Doll,Action,545.25,2,No,No,2025-03-26 15:51:00.306712
CUST0071,Books,Novel,Fiction,723.59,3,No,No,2025-04-08 00:29:43.306712
CUST0211,Home,Lamp,Halogen,696.75,2,Yes,No,2025-01-28 22:11:20.306712
CUST0619,Toys,Doll,Barbie,453.42,3,Yes,No,2025-03-20 23:59:07.306712
CUST0470,Home,Chair,Office,50.0,3,No,No,2025-01-27 08:41:54.306712
CUST0457,Electronics,Laptop,Gaming,600.22,4,Yes,No,2025-04-11 21:21:38.306712
CUST0583,Books,Biography,Celebrity,899.95,4,No,No,2025-03-10 10:41:18.306712
CUST0041,Electronics,Laptop,Ultrabook,289.12,2,No,No,2025-02-16 04:15:43.306712
CUST0718,Home,Lamp,LED,548.31,3,Yes,Yes,2025-01-30 22:38:57.306712
CUST0922,Toys,Car,Remote Control,479.86,1,No,No,2025-02-26 23:01:07.306712
CUST0394,Clothing,Jacket,Leather,790.95,6,Yes,Yes,2025-01-17 17:56:51.306712
CUST0246,Clothing,Jeans,Regular,876.15,3,No,No,2025-03-19 05:37:30.306712
CUST0939,Electronics,Headphones,Wireless,437.81,4,No,No,2025-04-11 17:42:41.306712
CUST0506,Books,Textbook,Math,580.5,5,No,No,2025-02-18 07:24:35.306712
CUST0079,Electronics,Headphones,Wired,592.0,1,No,No,2025-02-22 07:47:42.306712
CUST0462,Clothing,Jeans,Slim,845.06,2,Yes,No,2025-03-03 15:25:04.306712
CUST0046,Books,Novel,Fiction,321.24,3,No,No,2025-03-16 12:52:08.306712
CUST0712,Books,Biography,Celebrity,279.19,4,Yes,No,2025-04-06 14:17:52.306712
CUST0200,Books,Novel,Fiction,439.38,1,No,No,2025-02-06 20:09:20.306712
CUST0118,Clothing,Jeans,Regular,651.26,2,No,No,2025-03-01 13:46:22.306712
CUST0473,Electronics,Mobile,Android,824.37,5,Yes,No,2025-02-25 00:10:19.306712
CUST0144,Books,Biography,Historical,396.03,1,No,No,2025-01-30 01:42:12.306712
CUST0859,Electronics,Headphones,Wireless,605.61,2,Yes,No,2025-01-30 17:11:35.306712
CUST0302,Electronics,Headphones,Wired,346.31,3,No,No,2025-01-29 20:43:36.306712
CUST0080,Electronics,Headphones,Wired,339.43,1,Yes,No,2025-01-28 09:52:28.306712
CUST0452,Home,Chair,Office,506.95,3,Yes,No,2025-04-10 04:18:54.306712
CUST0692,Toys,Puzzle,3D,552.79,5,No,No,2025-03-22 03:43:45.306712
CUST0049,Toys,Car,Electric,243.23,7,No,No,2025-02-20 10:24:31.306712
CUST0707,Home,Lamp,LED,390.76,2,No,No,2025-03-12 14:07:17.306712
CUST0005,Electronics,Laptop,Gaming,395.92,1,No,No,2025-02-06 18:02:40.306712
CUST0384,Clothing,T-Shirt,Round Neck,50.0,6,No,No,2025-01-15 01:34:27.306712
CUST0432,Electronics,Mobile,iOS,814.92,4,No,No,2025-04-03 04:10:02.306712
CUST0197,Electronics,Mobile,Android,519.8,1,Yes,No,2025-03-31 21:10:11.306712
CUST0856,Clothing,Jacket,Leather,395.52,3,Yes,Yes,2025-03-04 06:24:49.306712
CUST0111,Home,Lamp,LED,744.54,6,No,No,2025-03-15 03:47:46.306712
CUST0213,Toys,Doll,Action,166.26,7,No,No,2025-01-25 05:41:44.306712
CUST0238,Clothing,T-Shirt,V-Neck,299.84,0,No,No,2025-02-13 21:42:12.306712
CUST0178,Electronics,Laptop,Ultrabook,648.11,4,No,No,2025-01-14 16:07:14.306712
CUST0399,Clothing,Jeans,Slim,468.95,2,No,No,2025-01-19 22:01:51.306712
CUST0674,Home,Table,Study,418.75,6,No,No,2025-01-17 18:35:13.306712
CUST0069,Clothing,Jeans,Regular,321.67,3,No,No,2025-03-29 00:42:42.306712
CUST0614,Books,Novel,Fiction,511.18,3,No,No,2025-02-06 23:15:54.306712
CUST0983,Electronics,Headphones,Wired,311.03,0,No,No,2025-03-15 18:14:41.306712
CUST0714,Books,Textbook,Math,524.79,4,No,No,2025-02-14 17:55:35.306712
CUST0180,Home,Table,Study,853.55,2,Yes,No,2025-01-20 01:31:11.306712
CUST0344,Electronics,Headphones,Wired,297.61,2,No,No,2025-02-19 15:11:30.306712
CUST0524,Clothing,Jacket,Leather,517.16,4,No,No,2025-02-05 02:12:46.306712
CUST0022,Toys,Puzzle,3D,508.76,2,No,No,2025-02-05 11:02:43.306712
CUST0756,Books,Novel,Fiction,523.69,2,No,No,2025-01-19 07:49:57.306712
CUST0141,Home,Lamp,Halogen,273.62,1,No,No,2025-02-02 02:55:24.306712
CUST0156,Books,Novel,Fiction,862.31,4,Yes,Yes,2025-03-24 22:17:35.306712
CUST0613,Books,Textbook,Science,615.82,3,No,No,2025-01-26 13:04:00.306712
CUST0285,Home,Table,Coffee,503.66,7,No,No,2025-03-05 01:55:25.306712
CUST0811,Books,Textbook,Science,226.15,5,No,No,2025-03-27 09:06:44.306712
CUST0025,Clothing,Jacket,Denim,1083.41,5,Yes,Yes,2025-02-02 11:47:28.306712
CUST0553,Electronics,Headphones,Wireless,595.77,2,Yes,No,2025-04-01 07:43:12.306712
CUST0704,Clothing,Jacket,Denim,491.96,4,Yes,No,2025-01-31 07:53:38.306712
CUST0453,Electronics,Mobile,iOS,399.6,4,Yes,Yes,2025-02-01 04:40:44.306712
CUST0054,Clothing,T-Shirt,Round Neck,436.34,0,No,No,2025-01-22 10:01:00.306712
CUST0178,Toys,Car,Electric,391.68,1,No,No,2025-02-05 10:50:40.306712
CUST0520,Electronics,Laptop,Ultrabook,710.98,2,No,No,2025-02-12 17:57:47.306712
CUST0169,Clothing,T-Shirt,V-Neck,688.81,4,No,No,2025-01-30 15:19:35.306712
CUST0621,Clothing,Jeans,Regular,410.96,1,No,No,2025-03-10 11:21:43.306712
CUST0460,Clothing,Jeans,Regular,448.52,6,Yes,Yes,2025-02-17 10:05:18.306712
CUST0408,Books,Novel,Mystery,400.59,3,No,No,2025-02-25 08:40:57.306712
CUST0433,Toys,Car,Remote Control,309.37,4,No,No,2025-03-28 07:53:10.306712
CUST0160,Books,Novel,Mystery,566.51,4,No,No,2025-02-24 00:06:35.306712
CUST0875,Electronics,Laptop,Gaming,193.96,2,No,No,2025-03-08 04:26:26.306712
CUST0745,Clothing,Jeans,Regular,328.03,1,No,No,2025-02-27 12:35:15.306712
CUST0314,Books,Biography,Celebrity,759.92,7,No,No,2025-03-09 02:05:16.306712
CUST0621,Books,Novel,Mystery,231.3,2,No,No,2025-01-26 18:38:03.306712
CUST0733,Books,Novel,Fiction,465.36,5,No,No,2025-04-12 10:56:38.306712
CUST0195,Electronics,Mobile,iOS,417.75,2,Yes,No,2025-03-02 05:22:19.306712
CUST0415,Books,Biography,Celebrity,529.12,2,Yes,No,2025-02-19 19:04:26.306712
CUST0502,Home,Table,Coffee,808.15,3,Yes,Yes,2025-01-17 06:40:30.306712
CUST0944,Electronics,Laptop,Gaming,394.7,0,No,No,2025-02-01 08:47:11.306712
CUST0782,Books,Biography,Celebrity,634.48,2,No,No,2025-03-03 23:40:31.306712
CUST0727,Books,Textbook,Science,868.66,5,Yes,No,2025-03-17 16:55:25.306712
CUST0395,Books,Textbook,Math,422.5,2,No,No,2025-02-06 00:55:30.306712
CUST0490,Electronics,Laptop,Gaming,642.5,2,Yes,No,2025-03-22 05:25:41.306712
CUST0682,Clothing,Jeans,Regular,479.47,2,No,No,2025-03-20 15:12:06.306712
CUST0151,Home,Chair,Office,772.72,6,No,No,2025-01-14 16:57:00.306712
CUST0120,Electronics,Headphones,Wired,404.1,3,No,No,2025-02-21 02:49:58.306712
CUST0724,Toys,Puzzle,Jigsaw,825.86,1,No,No,2025-04-08 13:26:39.306712
CUST0434,Clothing,Jeans,Regular,577.73,1,No,No,2025-03-21 16:17:54.306712
CUST0310,Toys,Car,Remote Control,446.28,1,No,No,2025-03-11 09:52:00.306712
CUST0316,Books,Textbook,Math,402.57,4,Yes,Yes,2025-03-10 02:29:02.306712
CUST0796,Home,Chair,Dining,56.48,1,No,No,2025-03-27 04:52:10.306712
CUST0215,Books,Textbook,Science,338.65,9,Yes,Yes,2025-01-29 20:35:57.306712
CUST0836,Books,Novel,Fiction,484.5,2,Yes,No,2025-01-20 06:56:39.306712
CUST0793,Books,Textbook,Science,536.58,5,No,No,2025-03-18 01:20:48.306712
CUST0296,Books,Novel,Fiction,129.25,5,No,No,2025-02-18 21:12:10.306712
CUST0191,Clothing,T-Shirt,V-Neck,415.77,4,Yes,Yes,2025-01-24 05:04:32.306712
CUST0462,Toys,Puzzle,Jigsaw,589.59,0,No,No,2025-02-02 00:25:41.306712
CUST0061,Clothing,T-Shirt,V-Neck,759.97,4,No,No,2025-04-11 02:39:03.306712
CUST0893,Books,Biography,Historical,357.19,2,No,No,2025-04-07 19:37:55.306712
CUST0652,Clothing,T-Shirt,V-Neck,407.92,2,Yes,No,2025-01-21 19:54:49.306712
CUST0387,Electronics,Laptop,Gaming,494.41,1,No,No,2025-02-15 17:28:25.306712
CUST0031,Toys,Puzzle,3D,525.11,4,Yes,Yes,2025-03-28 08:22:25.306712
CUST0104,Electronics,Mobile,iOS,463.69,1,No,No,2025-03-27 12:01:11.306712
CUST0979,Electronics,Headphones,Wireless,329.89,2,Yes,No,2025-01-22 21:51:35.306712
CUST0217,Toys,Puzzle,3D,790.91,2,No,No,2025-03-13 01:15:30.306712
CUST0533,Home,Lamp,Halogen,780.86,6,No,No,2025-03-27 23:56:02.306712
CUST0346,Toys,Doll,Action,549.05,3,No,No,2025-02-18 12:11:38.306712
CUST0699,Home,Lamp,LED,394.32,6,Yes,No,2025-03-19 01:56:48.306712
CUST0409,Books,Textbook,Math,426.86,2,No,No,2025-02-17 01:48:36.306712
CUST0895,Home,Chair,Office,362.04,5,Yes,Yes,2025-03-22 07:22:41.306712
CUST0412,Clothing,T-Shirt,Round Neck,226.35,3,Yes,No,2025-02-09 15:24:30.306712
CUST0974,Clothing,Jeans,Regular,442.95,4,No,No,2025-03-14 13:03:56.306712
CUST0703,Books,Textbook,Science,351.41,2,No,No,2025-03-18 14:38:44.306712
CUST0193,Electronics,Headphones,Wired,735.54,3,No,No,2025-01-15 02:57:12.306712
CUST0649,Home,Chair,Dining,165.41,3,Yes,No,2025-02-05 04:25:58.306712
CUST0622,Books,Biography,Historical,1003.74,5,No,No,2025-02-16 07:52:44.306712
CUST0439,Books,Textbook,Math,856.12,2,No,No,2025-03-25 19:11:35.306712
CUST0395,Home,Table,Coffee,412.99,5,No,No,2025-03-23 15:08:49.306712
CUST0147,Toys,Car,Electric,204.4,2,No,No,2025-01-25 22:08:25.306712
CUST0510,Electronics,Laptop,Ultrabook,422.64,2,No,No,2025-01-29 19:47:36.306712
CUST0918,Books,Novel,Mystery,498.65,4,No,No,2025-03-18 20:16:11.306712
CUST0554,Clothing,T-Shirt,Round Neck,404.44,1,No,No,2025-01-30 01:20:22.306712
CUST0772,Electronics,Mobile,iOS,560.43,4,No,No,2025-03-24 00:03:20.306712
CUST0030,Clothing,Jeans,Regular,383.85,3,No,No,2025-03-28 21:49:51.306712
CUST0288,Clothing,Jacket,Denim,499.3,7,No,No,2025-03-19 03:56:15.306712
CUST0488,Electronics,Headphones,Wireless,658.95,6,No,No,2025-04-13 02:19:59.306712
CUST0548,Books,Novel,Mystery,901.28,0,No,No,2025-04-08 03:58:14.306712
CUST0230,Toys,Car,Electric,577.99,2,No,No,2025-03-17 00:47:57.306712
CUST0352,Books,Textbook,Science,514.98,4,Yes,No,2025-03-30 17:34:31.306712
CUST0576,Books,Novel,Fiction,151.58,3,No,No,2025-02-07 15:56:04.306712
CUST0119,Home,Chair,Office,408.96,5,No,No,2025-01-22 03:54:42.306712
CUST0349,Toys,Puzzle,Jigsaw,508.74,4,Yes,No,2025-01-25 21:06:22.306712
CUST0874,Home,Lamp,LED,744.56,1,Yes,No,2025-02-12 16:24:57.306712
CUST0064,Toys,Car,Electric,585.76,2,No,No,2025-04-05 18:07:52.306712
CUST0398,Books,Biography,Celebrity,283.8,4,No,No,2025-03-31 22:33:14.306712
CUST0696,Clothing,Jacket,Leather,529.53,4,Yes,Yes,2025-01-14 09:36:45.306712
CUST0552,Books,Biography,Historical,307.57,1,No,No,2025-04-02 17:57:52.306712
CUST0966,Home,Chair,Dining,787.17,1,No,No,2025-03-20 12:40:20.306712
CUST0467,Clothing,Jacket,Denim,556.91,2,Yes,No,2025-01-27 16:06:19.306712
CUST0765,Electronics,Headphones,Wired,396.44,2,Yes,No,2025-02-12 11:58:16.306712
CUST0515,Electronics,Laptop,Ultrabook,602.18,5,Yes,No,2025-02-03 10:49:52.306712
CUST0507,Home,Table,Study,423.75,2,No,No,2025-01-19 05:14:42.306712
CUST0830,Home,Chair,Office,458.57,4,No,No,2025-04-05 20:20:53.306712
CUST0751,Clothing,Jacket,Leather,337.27,2,Yes,No,2025-04-13 03:18:56.306712
CUST0887,Clothing,Jeans,Regular,346.07,2,No,No,2025-02-11 13:09:34.306712
CUST0835,Clothing,T-Shirt,V-Neck,489.98,2,No,No,2025-02-15 06:25:28.306712
CUST0433,Books,Biography,Celebrity,794.34,8,No,No,2025-02-20 11:26:42.306712
CUST0074,Toys,Car,Remote Control,232.26,2,No,No,2025-02-09 22:09:28.306712
CUST0714,Clothing,Jacket,Denim,322.87,3,No,No,2025-01-22 22:58:22.306712
CUST0135,Home,Table,Coffee,596.29,6,Yes,No,2025-03-23 09:39:38.306712
CUST0312,Books,Textbook,Math,567.05,2,No,No,2025-03-10 13:04:34.306712
CUST0141,Books,Textbook,Science,313.21,2,No,No,2025-02-10 18:28:16.306712
CUST0919,Clothing,T-Shirt,Round Neck,295.1,2,No,No,2025-04-01 14:29:34.306712
CUST0767,Clothing,Jacket,Leather,933.85,1,No,No,2025-02-17 16:14:57.306712
CUST0744,Toys,Puzzle,Jigsaw,466.86,4,No,No,2025-02-19 01:38:25.306712
CUST0974,Books,Textbook,Math,492.92,2,Yes,No,2025-04-13 09:54:15.306712
CUST0058,Electronics,Laptop,Ultrabook,394.59,6,No,No,2025-01-30 22:46:36.306712
CUST0968,Electronics,Mobile,iOS,345.75,2,No,No,2025-03-12 02:54:23.306712
CUST0445,Clothing,Jacket,Denim,399.42,2,No,No,2025-02-06 07:05:44.306712
CUST0035,Electronics,Mobile,iOS,637.37,2,No,No,2025-03-01 22:46:58.306712
CUST0310,Toys,Puzzle,3D,420.33,2,Yes,No,2025-03-29 20:03:46.306712
CUST0709,Electronics,Laptop,Ultrabook,683.55,4,No,No,2025-02-09 05:30:06.306712
CUST0648,Books,Biography,Historical,742.03,3,No,No,2025-01-25 03:49:23.306712
CUST0120,Electronics,Mobile,iOS,761.96,4,No,No,2025-03-16 18:47:38.306712
CUST0685,Toys,Puzzle,Jigsaw,265.72,2,No,No,2025-03-11 11:39:45.306712
CUST0587,Toys,Doll,Action,718.66,6,Yes,No,2025-01-22 16:31:37.306712
CUST0814,Toys,Puzzle,3D,651.21,1,Yes,No,2025-03-01 12:26:59.306712
CUST0661,Books,Biography,Historical,717.85,3,Yes,Yes,2025-01-19 16:09:49.306712
CUST0731,Toys,Puzzle,3D,576.41,2,No,No,2025-04-02 10:19:17.306712
CUST0718,Electronics,Laptop,Ultrabook,486.37,5,No,No,2025-01-19 17:10:24.306712
CUST0532,Toys,Car,Electric,699.94,1,No,No,2025-03-27 16:00:12.306712
CUST0772,Clothing,Jacket,Leather,149.65,3,No,No,2025-01-31 01:10:47.306712
CUST0883,Toys,Car,Electric,725.77,4,No,No,2025-01-14 00:36:27.306712
CUST0569,Books,Biography,Historical,488.82,2,No,No,2025-01-17 07:24:43.306712
CUST0132,Toys,Puzzle,Jigsaw,484.28,8,No,No,2025-01-22 00:50:22.306712
CUST0576,Home,Chair,Office,233.62,3,Yes,No,2025-03-03 15:36:46.306712
CUST0306,Home,Table,Coffee,761.59,6,Yes,Yes,2025-03-18 09:49:27.306712
CUST0001,Clothing,Jeans,Slim,532.91,2,No,No,2025-03-04 22:35:31.306712
CUST0927,Home,Table,Study,544.95,1,Yes,No,2025-01-27 02:05:16.306712
CUST0591,Books,Textbook,Science,324.38,2,No,No,2025-03-05 06:06:09.306712
CUST0933,Home,Table,Coffee,303.01,1,No,No,2025-03-21 07:11:44.306712
CUST0102,Electronics,Mobile,Android,247.97,5,Yes,Yes,2025-02-11 14:34:30.306712
CUST0877,Clothing,T-Shirt,Round Neck,575.66,1,No,No,2025-03-11 23:09:23.306712
CUST0368,Home,Chair,Dining,794.26,7,Yes,Yes,2025-02-07 06:19:08.306712
CUST0267,Books,Textbook,Math,486.77,3,Yes,Yes,2025-01-21 14:11:52.306712
CUST0968,Home,Table,Study,561.74,2,No,No,2025-03-21 22:32:24.306712
CUST0147,Toys,Puzzle,Jigsaw,432.21,2,No,No,2025-03-15 15:12:07.306712
CUST0751,Home,Table,Coffee,464.33,5,No,No,2025-03-23 20:58:45.306712
CUST0382,Toys,Car,Electric,323.69,2,No,No,2025-02-23 06:08:32.306712
CUST0842,Clothing,Jeans,Regular,368.93,2,No,No,2025-02-19 07:12:02.306712
CUST0027,Toys,Puzzle,Jigsaw,538.99,1,No,No,2025-02-08 17:38:21.306712
CUST0128,Toys,Puzzle,3D,811.48,4,No,No,2025-01-19 21:53:54.306712
CUST0338,Electronics,Laptop,Ultrabook,291.46,8,Yes,No,2025-01-27 17:10:28.306712
CUST0890,Clothing,Jeans,Slim,545.51,3,No,No,2025-01-23 00:26:04.306712
CUST0387,Clothing,Jeans,Slim,211.07,2,No,No,2025-03-30 12:06:12.306712
CUST0948,Electronics,Mobile,iOS,604.4,2,No,No,2025-03-11 16:16:06.306712
CUST0842,Books,Novel,Mystery,391.36,2,No,No,2025-03-22 12:22:53.306712
CUST0586,Home,Table,Study,476.7,8,Yes,No,2025-04-10 13:21:43.306712
CUST0050,Clothing,Jeans,Regular,597.84,3,No,No,2025-01-31 01:11:57.306712
CUST0354,Toys,Car,Remote Control,644.78,3,No,No,2025-02-28 19:22:14.306712
CUST0607,Clothing,Jeans,Slim,385.52,2,No,No,2025-03-21 04:13:54.306712
CUST0526,Clothing,Jacket,Leather,266.91,5,No,No,2025-01-27 08:38:50.306712
CUST0388,Toys,Car,Remote Control,794.13,1,No,No,2025-01-18 15:23:07.306712
CUST0941,Home,Table,Coffee,255.25,3,No,No,2025-03-20 08:33:28.306712
CUST0624,Books,Textbook,Science,50.0,4,No,No,2025-01-31 06:51:59.306712
CUST0450,Home,Lamp,Halogen,783.39,1,No,No,2025-02-09 06:54:57.306712
CUST0976,Books,Textbook,Math,741.5,3,Yes,Yes,2025-04-06 19:18:13.306712
CUST0090,Home,Lamp,Halogen,704.55,0,No,No,2025-04-05 13:46:01.306712
CUST0093,Electronics,Mobile,Android,560.58,2,No,No,2025-01-22 14:23:02.306712
CUST0170,Toys,Puzzle,Jigsaw,111.89,3,No,No,2025-03-26 16:28:17.306712
CUST0293,Toys,Doll,Barbie,444.04,6,No,No,2025-02-23 16:09:19.306712
CUST0694,Toys,Car,Electric,443.89,4,Yes,Yes,2025-03-04 12:15:56.306712
CUST0702,Toys,Car,Electric,376.79,3,No,No,2025-02-21 21:01:08.306712
CUST0015,Toys,Puzzle,Jigsaw,656.56,7,Yes,No,2025-03-22 17:21:33.306712
CUST0548,Home,Chair,Office,684.8,1,No,No,2025-03-13 11:29:05.306712
CUST0460,Clothing,Jacket,Leather,442.96,1,No,No,2025-01-30 11:32:54.306712
CUST0077,Home,Chair,Dining,691.5,4,No,No,2025-01-18 10:49:22.306712
CUST0433,Books,Biography,Historical,1042.96,1,No,No,2025-02-18 18:00:57.306712
CUST0994,Electronics,Laptop,Gaming,800.38,1,Yes,No,2025-04-04 06:15:53.306712
CUST0553,Electronics,Laptop,Ultrabook,538.52,5,Yes,Yes,2025-02-08 05:06:57.306712
CUST0219,Electronics,Headphones,Wired,471.2,4,No,No,2025-02-03 14:55:40.306712
CUST0946,Home,Table,Coffee,409.62,3,Yes,No,2025-04-10 03:51:48.306712
CUST0633,Books,Novel,Mystery,806.61,4,No,No,2025-01-14 01:55:45.306712
CUST0631,Books,Biography,Celebrity,747.47,5,Yes,Yes,2025-01-14 00:12:45.306712
CUST0359,Clothing,Jeans,Regular,448.46,3,No,No,2025-01-14 08:51:21.306712
CUST0104,Books,Biography,Historical,389.35,3,Yes,Yes,2025-03-04 10:39:04.306712
CUST0921,Clothing,Jeans,Slim,385.26,5,Yes,No,2025-01-14 04:18:16.306712
CUST0160,Home,Chair,Dining,356.3,1,No,No,2025-02-20 21:27:17.306712
CUST0384,Home,Lamp,Halogen,656.69,2,Yes,No,2025-04-10 03:09:47.306712
CUST0187,Toys,Doll,Barbie,500.09,3,No,No,2025-02-25 02:08:56.306712
CUST0673,Books,Novel,Fiction,462.05,2,No,No,2025-02-16 20:28:14.306712
CUST0766,Books,Novel,Mystery,371.02,3,Yes,No,2025-03-23 08:48:10.306712
CUST0204,Electronics,Mobile,iOS,354.11,2,Yes,No,2025-01-17 10:00:21.306712
CUST0137,Books,Biography,Celebrity,510.61,5,No,No,2025-04-10 23:40:44.306712
CUST0033,Clothing,Jacket,Leather,460.5,1,No,No,2025-03-01 01:02:24.306712
CUST0983,Home,Chair,Dining,342.36,5,No,No,2025-03-01 23:48:45.306712
CUST0564,Books,Textbook,Math,288.41,3,No,No,2025-02-14 01:14:42.306712
CUST0770,Books,Textbook,Science,242.98,1,No,No,2025-01-26 06:25:38.306712
CUST0113,Electronics,Mobile,Android,437.34,2,No,No,2025-01-28 14:38:27.306712
CUST0353,Toys,Puzzle,Jigsaw,681.36,1,Yes,No,2025-01-18 13:27:48.306712
CUST0695,Home,Lamp,LED,581.17,11,No,No,2025-02-24 16:15:38.306712
CUST0492,Home,Lamp,Halogen,526.71,1,Yes,No,2025-01-21 12:42:30.306712
CUST0780,Books,Novel,Fiction,635.13,4,No,No,2025-03-25 07:28:27.306712
CUST0524,Clothing,T-Shirt,V-Neck,514.43,2,Yes,No,2025-03-28 22:48:24.306712
CUST0118,Home,Table,Coffee,962.95,1,No,No,2025-03-19 04:51:51.306712
CUST0841,Books,Novel,Mystery,403.97,0,No,No,2025-03-23 02:22:30.306712
CUST0802,Electronics,Headphones,Wireless,506.03,5,No,No,2025-01-31 19:49:57.306712
CUST0876,Toys,Car,Electric,777.89,5,No,No,2025-02-04 18:42:21.306712
CUST0124,Clothing,Jeans,Slim,652.27,3,No,No,2025-02-09 02:20:44.306712
CUST0197,Clothing,Jeans,Slim,766.01,3,No,No,2025-03-14 08:40:30.306712
CUST0205,Electronics,Mobile,iOS,322.52,2,No,No,2025-02-22 01:16:23.306712
CUST0538,Home,Table,Coffee,498.33,4,Yes,Yes,2025-02-23 21:01:50.306712
CUST0491,Electronics,Headphones,Wired,695.17,2,No,No,2025-03-17 00:32:06.306712
CUST0053,Home,Chair,Dining,670.2,3,Yes,Yes,2025-02-16 14:08:54.306712
CUST0729,Books,Novel,Mystery,651.46,4,Yes,No,2025-01-31 03:42:50.306712
CUST0042,Electronics,Mobile,iOS,438.92,4,No,No,2025-02-03 02:08:43.306712
CUST0293,Books,Biography,Historical,702.09,1,No,No,2025-02-24 08:17:21.306712
CUST0190,Home,Lamp,Halogen,468.17,0,Yes,No,2025-02-14 23:08:08.306712
CUST0312,Electronics,Mobile,Android,356.72,3,No,No,2025-03-20 19:37:03.306712
CUST0566,Clothing,Jeans,Regular,536.95,3,No,No,2025-03-26 11:32:15.306712
CUST0830,Home,Table,Study,426.65,2,No,No,2025-02-05 15:22:11.306712
CUST0666,Home,Chair,Dining,493.09,6,No,No,2025-01-21 23:27:55.306712
CUST0909,Electronics,Mobile,Android,397.75,2,No,No,2025-01-17 11:49:46.306712
CUST0601,Clothing,T-Shirt,V-Neck,483.63,5,No,No,2025-04-13 08:46:29.306712
CUST0102,Electronics,Headphones,Wired,612.73,5,No,No,2025-02-11 18:41:34.306712
CUST0743,Books,Novel,Fiction,391.2,3,No,No,2025-01-17 18:17:21.306712
CUST0131,Clothing,Jeans,Regular,585.48,2,No,No,2025-04-10 01:44:57.306712
CUST0899,Toys,Doll,Action,573.86,4,Yes,Yes,2025-03-24 03:41:32.306712
CUST0121,Books,Novel,Mystery,65.45,3,No,No,2025-02-23 04:33:08.306712
CUST0537,Toys,Puzzle,Jigsaw,434.85,1,No,No,2025-03-12 16:19:52.306712
CUST0281,Clothing,Jeans,Slim,522.67,4,Yes,No,2025-01-19 09:51:38.306712
CUST0814,Clothing,Jacket,Denim,250.17,4,Yes,Yes,2025-03-06 04:56:47.306712
CUST0892,Toys,Puzzle,Jigsaw,430.07,2,No,No,2025-02-25 00:13:17.306712
CUST0769,Toys,Doll,Action,490.46,4,No,No,2025-02-21 10:14:51.306712
CUST0622,Home,Chair,Office,383.48,4,No,No,2025-01-13 20:35:30.306712
CUST0164,Toys,Puzzle,Jigsaw,429.31,5,Yes,No,2025-03-31 06:32:33.306712
CUST0526,Books,Textbook,Science,457.61,6,No,No,2025-02-11 23:11:55.306712
CUST0873,Clothing,Jeans,Regular,491.99,4,No,No,2025-03-08 02:48:24.306712
CUST0122,Clothing,T-Shirt,Round Neck,806.6,3,Yes,No,2025-02-10 20:14:46.306712
CUST0041,Clothing,Jeans,Slim,373.21,3,No,No,2025-02-08 18:21:38.306712
CUST0895,Electronics,Headphones,Wireless,614.47,7,Yes,No,2025-02-02 21:28:23.306712
CUST0548,Electronics,Mobile,iOS,731.99,3,No,No,2025-03-15 22:27:35.306712
CUST0620,Home,Lamp,LED,582.7,4,Yes,No,2025-04-09 08:02:22.306712
CUST0563,Home,Table,Coffee,586.03,2,No,No,2025-02-22 03:42:35.306712
CUST0920,Toys,Doll,Action,601.71,3,No,No,2025-01-19 01:38:07.306712
CUST0641,Electronics,Laptop,Gaming,392.86,0,No,No,2025-03-25 10:20:09.306712
CUST0989,Home,Chair,Dining,594.93,4,Yes,No,2025-03-06 16:24:30.306712
CUST0674,Toys,Puzzle,3D,540.98,2,Yes,No,2025-03-17 23:43:26.306712
CUST0264,Toys,Car,Electric,444.8,3,No,No,2025-04-02 19:35:36.306712
CUST0453,Clothing,Jeans,Regular,378.8,2,No,No,2025-02-02 07:22:00.306712
CUST0596,Books,Novel,Mystery,311.44,1,No,No,2025-02-05 00:09:21.306712
CUST0748,Books,Biography,Historical,663.65,3,No,No,2025-04-11 02:24:21.306712
CUST0491,Electronics,Laptop,Gaming,529.1,1,No,No,2025-02-27 02:39:30.306712
CUST0190,Clothing,T-Shirt,V-Neck,566.56,3,No,No,2025-03-25 08:00:48.306712
CUST0185,Home,Chair,Dining,118.26,2,No,No,2025-01-29 07:49:47.306712
CUST0907,Clothing,Jeans,Slim,632.65,4,No,No,2025-01-20 06:02:30.306712
CUST0147,Electronics,Laptop,Gaming,1020.5,1,No,No,2025-02-26 16:29:06.306712
CUST0931,Books,Novel,Fiction,660.85,3,No,No,2025-03-25 01:41:10.306712
CUST0769,Electronics,Headphones,Wireless,441.29,2,Yes,No,2025-02-19 04:42:53.306712
CUST0394,Electronics,Mobile,Android,352.25,4,No,No,2025-03-28 15:09:34.306712
CUST0851,Electronics,Mobile,Android,374.59,1,No,No,2025-03-29 06:42:21.306712
CUST0086,Home,Chair,Office,643.72,3,No,No,2025-03-31 10:37:43.306712
CUST0990,Electronics,Mobile,iOS,468.03,6,No,No,2025-04-06 07:11:02.306712
CUST0725,Electronics,Mobile,Android,729.39,8,Yes,Yes,2025-03-09 03:44:25.306712
CUST0914,Books,Novel,Mystery,487.03,4,Yes,Yes,2025-01-28 12:14:38.306712
CUST0250,Electronics,Headphones,Wired,323.64,5,No,No,2025-03-15 10:20:59.306712
CUST0557,Electronics,Mobile,Android,381.76,5,No,No,2025-01-23 11:46:44.306712
CUST0558,Home,Chair,Dining,177.33,3,No,No,2025-01-27 06:42:05.306712
CUST0002,Clothing,T-Shirt,Round Neck,501.53,2,No,No,2025-02-23 23:29:58.306712
CUST0395,Clothing,Jeans,Regular,353.76,2,No,No,2025-02-04 10:33:02.306712
CUST0944,Books,Textbook,Math,196.18,5,No,No,2025-03-02 06:13:37.306712
CUST0174,Electronics,Mobile,Android,796.78,2,No,No,2025-02-09 20:52:36.306712
CUST0366,Electronics,Headphones,Wired,406.17,4,Yes,Yes,2025-04-13 03:41:33.306712
CUST0947,Electronics,Mobile,Android,167.76,4,Yes,Yes,2025-03-06 00:18:41.306712
CUST0343,Toys,Puzzle,3D,809.96,4,No,No,2025-01-28 02:14:23.306712
CUST0915,Home,Table,Study,574.21,1,No,No,2025-02-16 07:59:57.306712
CUST0897,Electronics,Laptop,Ultrabook,353.0,2,No,No,2025-03-18 18:08:54.306712
CUST0378,Home,Table,Coffee,138.76,3,Yes,No,2025-04-07 04:08:27.306712
CUST0956,Clothing,Jacket,Leather,236.27,1,Yes,No,2025-02-13 14:27:09.306712
CUST0152,Books,Biography,Celebrity,570.66,4,Yes,No,2025-01-24 11:53:35.306712
CUST0592,Books,Textbook,Science,232.64,3,Yes,Yes,2025-02-13 20:58:15.306712
CUST0131,Clothing,Jeans,Regular,254.89,0,No,No,2025-02-13 12:15:41.306712
CUST0507,Books,Biography,Celebrity,526.96,1,No,No,2025-03-12 22:21:54.306712
CUST0813,Home,Chair,Office,632.25,3,No,No,2025-02-19 17:05:17.306712
CUST0429,Toys,Doll,Action,319.01,4,No,No,2025-03-06 04:57:26.306712
CUST0550,Clothing,Jeans,Slim,380.13,7,Yes,No,2025-02-23 11:09:43.306712
CUST0540,Toys,Car,Electric,747.09,2,No,No,2025-03-22 18:31:41.306712
CUST0090,Clothing,Jeans,Slim,1078.94,1,Yes,No,2025-02-02 05:52:40.306712
CUST0872,Electronics,Laptop,Ultrabook,523.92,5,No,No,2025-01-26 11:29:43.306712
CUST0944,Electronics,Mobile,iOS,320.64,1,No,No,2025-02-17 13:03:47.306712
CUST0870,Clothing,Jeans,Regular,423.32,3,Yes,Yes,2025-04-06 08:33:48.306712
CUST0565,Books,Novel,Fiction,687.91,6,Yes,No,2025-01-18 22:22:42.306712
CUST0765,Clothing,T-Shirt,Round Neck,155.32,1,Yes,No,2025-02-19 03:44:57.306712
CUST0751,Electronics,Headphones,Wired,126.75,4,No,No,2025-02-18 14:17:20.306712
CUST0056,Electronics,Headphones,Wireless,347.94,0,No,No,2025-02-28 19:17:18.306712
CUST0858,Toys,Puzzle,Jigsaw,215.59,3,Yes,Yes,2025-01-27 05:24:08.306712
CUST0081,Clothing,T-Shirt,Round Neck,543.01,6,Yes,No,2025-04-02 12:17:11.306712
CUST0427,Clothing,T-Shirt,V-Neck,203.65,3,No,No,2025-03-26 16:49:03.306712
CUST0144,Toys,Car,Remote Control,590.29,4,No,No,2025-02-28 03:48:40.306712
CUST0422,Home,Lamp,LED,389.89,3,No,No,2025-02-10 08:25:20.306712
CUST0114,Clothing,T-Shirt,Round Neck,376.65,5,Yes,No,2025-01-30 08:40:23.306712
CUST0516,Clothing,T-Shirt,V-Neck,619.63,2,Yes,No,2025-04-04 08:29:13.306712
CUST0434,Books,Textbook,Science,304.89,2,No,No,2025-04-12 17:58:37.306712
CUST0586,Toys,Doll,Barbie,50.0,2,Yes,No,2025-02-23 15:25:30.306712
CUST0954,Clothing,Jeans,Slim,457.31,5,No,No,2025-03-05 03:23:14.306712
CUST0387,Clothing,Jacket,Leather,771.52,2,No,No,2025-02-21 09:12:25.306712
CUST0634,Electronics,Mobile,iOS,677.3,3,Yes,Yes,2025-03-26 22:29:52.306712
CUST1000,Toys,Car,Electric,835.13,2,No,No,2025-04-02 18:55:18.306712
CUST0710,Books,Biography,Celebrity,461.2,0,No,No,2025-03-17 21:06:11.306712
CUST0658,Books,Biography,Historical,461.04,2,No,No,2025-01-18 19:35:46.306712
CUST0823,Home,Table,Study,438.94,3,No,No,2025-02-01 09:57:25.306712
CUST0277,Electronics,Mobile,Android,380.72,1,No,No,2025-02-17 17:21:28.306712
CUST0618,Home,Chair,Office,506.0,3,No,No,2025-02-09 21:47:30.306712
CUST0167,Toys,Puzzle,Jigsaw,553.76,2,No,No,2025-02-03 01:59:16.306712
CUST0612,Electronics,Laptop,Gaming,294.38,3,No,No,2025-03-08 01:44:09.306712
CUST0207,Electronics,Mobile,iOS,362.07,4,No,No,2025-01-21 18:21:28.306712
CUST0584,Toys,Puzzle,3D,489.36,3,Yes,Yes,2025-02-13 01:13:37.306712
CUST0096,Home,Chair,Dining,601.93,2,No,No,2025-03-27 11:44:31.306712
CUST0290,Books,Textbook,Math,695.52,0,No,No,2025-02-13 00:58:33.306712
CUST0770,Books,Textbook,Science,254.84,4,No,No,2025-01-26 01:59:53.306712
CUST0720,Electronics,Laptop,Ultrabook,586.98,2,Yes,No,2025-04-10 13:13:27.306712
CUST0760,Toys,Puzzle,Jigsaw,311.35,10,Yes,Yes,2025-03-31 19:10:40.306712
CUST0392,Books,Textbook,Math,314.91,5,No,No,2025-02-10 16:13:44.306712
CUST0166,Clothing,Jacket,Denim,335.01,4,No,No,2025-01-21 03:42:33.306712
CUST0907,Electronics,Headphones,Wireless,259.84,0,No,No,2025-04-09 09:00:29.306712
CUST0221,Clothing,Jacket,Leather,776.97,1,Yes,No,2025-03-03 05:03:39.306712
CUST0529,Toys,Car,Remote Control,579.33,4,No,No,2025-02-25 22:54:23.306712
CUST0805,Clothing,Jeans,Regular,604.33,1,No,No,2025-02-17 11:47:59.306712
CUST0639,Books,Novel,Mystery,376.9,2,No,No,2025-02-05 17:22:12.306712
CUST0214,Toys,Car,Electric,306.81,4,No,No,2025-01-28 07:19:22.306712
CUST0581,Books,Novel,Fiction,337.57,3,No,No,2025-01-27 08:32:11.306712
CUST0785,Home,Table,Coffee,760.85,2,Yes,No,2025-03-02 22:45:06.306712
CUST0097,Books,Biography,Historical,412.82,2,No,No,2025-02-11 05:01:08.306712
CUST0166,Electronics,Laptop,Ultrabook,725.15,1,No,No,2025-02-16 19:36:36.306712
CUST0092,Electronics,Mobile,iOS,524.61,4,No,No,2025-02-07 13:15:18.306712
CUST0485,Home,Lamp,LED,418.77,5,No,No,2025-01-25 13:03:51.306712
CUST0996,Toys,Doll,Barbie,310.6,3,No,No,2025-02-17 19:09:12.306712
CUST0880,Home,Lamp,Halogen,503.18,3,Yes,No,2025-04-12 13:17:35.306712
CUST0697,Clothing,Jeans,Regular,536.1,3,No,No,2025-03-04 06:21:54.306712
CUST0866,Toys,Doll,Action,623.68,5,No,No,2025-01-21 14:44:56.306712
CUST0699,Books,Textbook,Science,354.51,4,No,No,2025-02-08 00:38:03.306712
CUST0899,Electronics,Headphones,Wireless,230.07,1,No,No,2025-03-26 10:57:22.306712
CUST0810,Clothing,Jacket,Leather,618.24,3,No,No,2025-01-28 12:21:28.306712
CUST0874,Electronics,Laptop,Ultrabook,241.4,11,Yes,Yes,2025-02-21 06:35:33.306712
CUST0875,Electronics,Mobile,iOS,770.67,5,No,No,2025-04-08 09:08:23.306712
CUST0474,Electronics,Laptop,Ultrabook,189.31,2,No,No,2025-02-27 23:51:35.306712
CUST0658,Toys,Doll,Barbie,475.79,4,No,No,2025-01-21 20:10:58.306712
CUST0185,Electronics,Laptop,Ultrabook,651.88,3,Yes,Yes,2025-02-14 10:10:35.306712
CUST0067,Home,Lamp,Halogen,342.49,3,Yes,Yes,2025-03-26 11:31:14.306712
CUST0488,Electronics,Laptop,Ultrabook,360.26,5,No,No,2025-01-17 05:24:22.306712
CUST0559,Clothing,Jeans,Slim,496.26,1,Yes,No,2025-03-16 16:00:51.306712
CUST0219,Home,Table,Coffee,199.19,0,Yes,No,2025-03-12 20:48:49.306712
CUST0793,Books,Novel,Mystery,359.3,3,No,No,2025-03-31 04:00:29.306712
CUST0441,Books,Novel,Fiction,498.55,6,No,No,2025-02-03 01:00:57.306712
CUST0889,Electronics,Headphones,Wired,437.66,1,No,No,2025-02-08 16:59:37.306712
CUST0259,Clothing,T-Shirt,Round Neck,477.2,2,No,No,2025-01-20 05:35:14.306712
CUST0281,Books,Novel,Mystery,497.76,1,No,No,2025-04-08 08:14:50.306712
CUST0730,Books,Biography,Historical,598.35,3,No,No,2025-03-19 12:35:11.306712
CUST0915,Home,Chair,Office,652.68,4,No,No,2025-01-22 11:36:20.306712
CUST0917,Books,Biography,Celebrity,390.87,5,No,No,2025-01-29 11:35:32.306712
CUST0204,Home,Lamp,Halogen,670.46,3,Yes,Yes,2025-03-21 09:17:35.306712
CUST0803,Clothing,Jacket,Denim,668.66,2,Yes,No,2025-02-16 22:41:42.306712
CUST0935,Toys,Doll,Barbie,320.13,5,No,No,2025-03-08 23:12:48.306712
CUST0802,Toys,Puzzle,Jigsaw,58.49,2,Yes,No,2025-03-24 16:16:12.306712
CUST0684,Toys,Car,Electric,447.43,3,Yes,Yes,2025-04-03 11:06:17.306712
CUST0962,Home,Chair,Office,660.36,4,Yes,No,2025-01-27 19:52:14.306712
CUST0512,Home,Chair,Dining,200.95,0,Yes,No,2025-02-08 00:34:35.306712
CUST0534,Electronics,Laptop,Gaming,510.24,3,No,No,2025-03-16 02:12:42.306712
CUST0461,Toys,Puzzle,Jigsaw,254.33,3,Yes,Yes,2025-01-31 17:28:27.306712
CUST0431,Toys,Puzzle,3D,219.56,2,No,No,2025-02-03 11:50:17.306712
CUST0357,Clothing,T-Shirt,Round Neck,500.8,3,No,No,2025-02-18 10:57:42.306712
CUST0834,Home,Chair,Dining,590.61,4,Yes,No,2025-03-03 06:08:42.306712
CUST0839,Electronics,Headphones,Wired,714.62,1,No,No,2025-03-17 12:16:32.306712
CUST0467,Books,Biography,Celebrity,540.17,4,No,No,2025-02-16 16:54:48.306712
CUST0849,Toys,Doll,Action,428.92,4,No,No,2025-01-24 12:23:47.306712
CUST0949,Clothing,Jeans,Regular,497.0,2,No,No,2025-02-18 17:38:16.306712
CUST0182,Toys,Car,Electric,896.54,2,No,No,2025-03-07 04:55:52.306712
CUST0447,Books,Biography,Celebrity,295.3,6,No,No,2025-03-16 01:46:44.306712
CUST0291,Toys,Puzzle,Jigsaw,784.35,4,No,No,2025-04-01 18:10:39.306712
CUST0858,Electronics,Mobile,Android,371.85,1,Yes,No,2025-03-14 08:11:33.306712
CUST0955,Books,Novel,Mystery,54.85,3,Yes,No,2025-03-15 01:49:16.306712
CUST0950,Toys,Puzzle,3D,548.09,1,No,No,2025-03-03 09:07:09.306712
CUST0596,Electronics,Headphones,Wired,867.78,2,Yes,No,2025-04-06 04:49:08.306712
CUST0431,Clothing,T-Shirt,V-Neck,685.19,3,No,No,2025-03-08 01:29:41.306712
CUST0391,Electronics,Mobile,iOS,240.57,5,Yes,No,2025-02-16 13:11:27.306712
CUST0991,Books,Biography,Celebrity,110.53,1,No,No,2025-01-14 05:55:23.306712
CUST0963,Home,Chair,Dining,482.13,8,No,No,2025-02-08 11:46:35.306712
CUST0901,Home,Lamp,Halogen,517.76,1,No,No,2025-03-19 21:06:23.306712
CUST0248,Electronics,Laptop,Gaming,183.83,4,No,No,2025-01-15 00:23:22.306712
CUST0027,Clothing,Jeans,Regular,911.32,4,No,No,2025-02-15 01:01:05.306712
CUST0175,Toys,Doll,Barbie,405.83,1,No,No,2025-03-08 11:10:08.306712
CUST0997,Books,Novel,Mystery,319.77,0,No,No,2025-04-03 22:51:47.306712
CUST0053,Toys,Doll,Barbie,452.05,3,No,No,2025-03-16 06:49:35.306712
CUST0400,Clothing,Jeans,Regular,344.28,4,No,No,2025-03-04 17:32:41.306712
CUST0163,Books,Novel,Fiction,628.81,6,No,No,2025-03-23 10:40:47.306712
CUST0821,Clothing,Jacket,Leather,422.52,6,Yes,No,2025-03-30 15:42:35.306712
CUST0402,Home,Table,Coffee,650.64,5,No,No,2025-02-13 19:27:33.306712
CUST0209,Electronics,Mobile,Android,582.8,2,No,No,2025-02-24 23:28:00.306712
CUST0012,Toys,Puzzle,Jigsaw,493.88,3,No,No,2025-03-14 12:28:42.306712
CUST0725,Toys,Puzzle,3D,439.08,4,No,No,2025-01-15 23:07:53.306712
CUST0761,Clothing,Jeans,Regular,614.43,0,No,No,2025-01-31 14:54:25.306712
CUST0246,Clothing,Jeans,Slim,354.33,4,No,No,2025-03-06 11:48:52.306712
CUST0861,Clothing,Jacket,Denim,653.64,1,No,No,2025-03-29 07:20:40.306712
CUST0267,Electronics,Laptop,Gaming,799.62,2,No,No,2025-01-27 11:12:33.306712
CUST0643,Electronics,Headphones,Wireless,313.5,1,No,No,2025-01-24 06:41:28.306712
CUST0471,Toys,Puzzle,Jigsaw,604.16,5,Yes,Yes,2025-02-07 22:41:37.306712
CUST0917,Clothing,T-Shirt,Round Neck,401.42,0,No,No,2025-03-02 11:52:34.306712
CUST0865,Home,Chair,Dining,656.76,3,Yes,Yes,2025-03-31 17:42:53.306712
CUST0023,Books,Novel,Mystery,655.71,3,No,No,2025-03-15 06:08:54.306712
CUST0079,Clothing,Jacket,Denim,735.68,4,No,No,2025-02-18 22:36:28.306712
CUST0912,Home,Table,Study,513.63,0,No,No,2025-04-02 00:15:28.306712
CUST0165,Clothing,Jeans,Slim,116.27,0,No,No,2025-04-11 05:49:53.306712
CUST0183,Toys,Car,Electric,181.7,1,Yes,No,2025-01-24 21:18:51.306712
CUST1000,Home,Lamp,Halogen,767.09,1,Yes,No,2025-03-14 02:56:14.306712
CUST0615,Toys,Puzzle,Jigsaw,344.92,2,No,No,2025-03-05 03:57:51.306712
CUST0760,Home,Chair,Office,355.09,4,No,No,2025-03-13 08:32:32.306712
CUST0031,Toys,Puzzle,Jigsaw,802.76,3,No,No,2025-02-03 12:13:57.306712
CUST0888,Home,Chair,Office,817.98,5,No,No,2025-01-16 08:56:10.306712
CUST0336,Clothing,T-Shirt,Round Neck,355.97,0,No,No,2025-03-25 03:58:05.306712
CUST0709,Clothing,Jeans,Regular,393.57,5,No,No,2025-03-01 06:21:09.306712
CUST0205,Electronics,Laptop,Ultrabook,685.53,1,No,No,2025-02-27 20:29:33.306712
CUST0764,Books,Biography,Celebrity,593.12,3,No,No,2025-04-13 01:25:43.306712
CUST0198,Home,Chair,Office,274.99,6,Yes,No,2025-04-09 15:47:43.306712
CUST0735,Home,Lamp,LED,558.92,3,No,No,2025-03-11 04:12:03.306712
CUST0813,Toys,Doll,Barbie,370.63,4,No,No,2025-03-31 14:35:16.306712
CUST0211,Books,Biography,Celebrity,417.72,3,No,No,2025-02-23 15:34:53.306712
CUST0611,Home,Lamp,LED,574.65,3,No,No,2025-03-13 11:18:12.306712
CUST0393,Books,Novel,Mystery,416.34,1,Yes,No,2025-02-18 19:35:34.306712
CUST0920,Electronics,Laptop,Gaming,442.57,4,No,No,2025-04-09 20:46:11.306712
CUST0035,Toys,Doll,Action,570.22,1,No,No,2025-02-11 00:02:41.306712
CUST0619,Toys,Doll,Action,775.25,2,Yes,No,2025-01-16 09:58:01.306712
CUST0118,Clothing,Jeans,Regular,413.24,4,Yes,No,2025-02-17 05:48:25.306712
CUST0252,Electronics,Mobile,iOS,133.98,5,No,No,2025-02-18 14:56:29.306712
CUST0149,Home,Chair,Office,683.85,2,No,No,2025-02-13 10:34:06.306712
CUST0705,Electronics,Headphones,Wired,649.17,2,No,No,2025-02-03 06:19:40.306712
CUST0477,Toys,Doll,Barbie,472.3,0,No,No,2025-03-09 00:55:09.306712
CUST0068,Books,Biography,Historical,734.04,2,No,No,2025-03-05 16:48:44.306712
CUST0223,Electronics,Headphones,Wired,343.92,5,No,No,2025-03-24 01:13:18.306712
CUST0623,Electronics,Headphones,Wired,523.5,3,No,No,2025-03-20 17:41:04.306712
CUST0775,Books,Biography,Celebrity,500.64,2,No,No,2025-02-01 17:55:33.306712
CUST0202,Electronics,Laptop,Ultrabook,395.03,4,No,No,2025-01-18 01:14:05.306712
CUST0282,Books,Novel,Fiction,554.02,4,No,No,2025-02-26 11:16:03.306712
CUST0176,Toys,Doll,Action,717.62,2,No,No,2025-02-05 11:06:17.306712
CUST0591,Electronics,Laptop,Gaming,435.26,2,No,No,2025-03-17 00:03:13.306712
CUST0803,Toys,Puzzle,3D,446.69,4,No,No,2025-02-10 02:49:20.306712
CUST0135,Books,Novel,Fiction,601.62,6,Yes,Yes,2025-01-15 02:07:08.306712
CUST0072,Books,Novel,Mystery,181.83,2,No,No,2025-03-24 17:30:18.306712
CUST0309,Home,Lamp,Halogen,482.49,1,No,No,2025-02-21 09:04:18.306712
CUST0082,Toys,Doll,Action,453.38,0,No,No,2025-03-13 23:00:44.306712
CUST0049,Books,Biography,Celebrity,392.83,4,No,No,2025-03-02 09:45:34.306712
CUST0870,Electronics,Laptop,Gaming,358.41,3,Yes,Yes,2025-01-18 03:39:49.306712
CUST0846,Electronics,Mobile,Android,250.72,3,No,No,2025-02-13 20:31:04.306712
CUST0883,Books,Novel,Fiction,271.6,1,Yes,No,2025-01-22 01:17:44.306712
CUST0196,Home,Table,Coffee,178.68,4,Yes,No,2025-04-07 18:49:23.306712
CUST0054,Home,Chair,Office,601.08,1,Yes,No,2025-01-18 04:03:28.306712
CUST0970,Home,Chair,Dining,881.16,4,No,No,2025-02-14 11:35:38.306712
CUST0705,Toys,Doll,Action,521.87,6,Yes,No,2025-04-13 07:16:41.306712
CUST0142,Toys,Doll,Barbie,967.73,4,No,No,2025-01-25 18:28:33.306712
CUST0327,Clothing,Jacket,Denim,637.85,3,No,No,2025-03-16 08:17:42.306712
CUST0458,Electronics,Headphones,Wireless,403.3,3,No,No,2025-03-10 14:46:15.306712
CUST0490,Books,Biography,Celebrity,494.3,1,No,No,2025-03-29 12:35:34.306712
CUST0749,Books,Novel,Fiction,543.95,6,No,No,2025-02-08 02:55:42.306712
CUST0785,Home,Table,Coffee,213.29,5,No,No,2025-02-16 18:46:26.306712
CUST0572,Clothing,Jacket,Leather,582.67,5,No,No,2025-03-21 23:35:16.306712
CUST0080,Electronics,Laptop,Gaming,434.43,2,Yes,No,2025-02-03 03:18:20.306712
CUST0014,Clothing,Jeans,Regular,771.88,4,No,No,2025-01-31 18:04:52.306712
CUST0500,Electronics,Laptop,Gaming,226.76,6,No,No,2025-04-02 12:56:55.306712
CUST0605,Toys,Car,Remote Control,319.54,1,No,No,2025-03-28 08:16:02.306712
CUST0968,Home,Table,Study,433.39,2,No,No,2025-03-18 03:08:12.306712
CUST0158,Toys,Puzzle,Jigsaw,480.68,5,No,No,2025-02-03 18:00:27.306712
CUST0939,Home,Lamp,Halogen,463.66,2,No,No,2025-04-07 18:27:34.306712
CUST0636,Toys,Puzzle,3D,629.52,6,No,No,2025-01-31 18:09:55.306712
CUST0071,Home,Lamp,LED,598.71,6,No,No,2025-03-21 03:19:03.306712
CUST0315,Toys,Car,Electric,429.38,4,No,No,2025-01-27 19:24:42.306712
CUST0473,Electronics,Headphones,Wireless,506.17,2,Yes,No,2025-02-05 20:45:11.306712
CUST0017,Books,Novel,Mystery,463.2,3,No,No,2025-01-16 06:48:45.306712
CUST0488,Toys,Doll,Action,601.11,4,Yes,Yes,2025-04-13 12:06:00.306712
CUST0564,Electronics,Laptop,Ultrabook,820.94,2,No,No,2025-02-03 02:21:05.306712
CUST0155,Books,Textbook,Science,423.62,4,No,No,2025-03-03 19:45:26.306712
CUST0342,Electronics,Laptop,Ultrabook,503.68,2,Yes,No,2025-02-18 09:51:12.306712
CUST0101,Electronics,Headphones,Wired,497.12,6,No,No,2025-03-25 13:53:21.306712
CUST0951,Books,Novel,Mystery,140.53,1,No,No,2025-01-31 21:39:05.306712
CUST0413,Clothing,Jacket,Denim,390.32,4,Yes,No,2025-03-02 10:24:40.306712
CUST0532,Books,Novel,Fiction,561.34,2,No,No,2025-03-17 06:17:40.306712
CUST0255,Electronics,Mobile,Android,497.01,6,No,No,2025-01-18 16:01:18.306712
CUST0917,Electronics,Headphones,Wired,151.86,2,Yes,No,2025-02-05 16:34:10.306712
CUST0068,Toys,Puzzle,3D,420.19,3,Yes,Yes,2025-03-14 17:25:15.306712
CUST0717,Books,Biography,Celebrity,863.39,1,Yes,No,2025-01-23 08:15:28.306712
CUST0226,Home,Lamp,LED,564.61,5,Yes,Yes,2025-02-02 06:34:01.306712
CUST0356,Home,Table,Study,701.67,2,No,No,2025-03-25 18:16:17.306712
CUST0004,Electronics,Mobile,iOS,275.67,3,Yes,No,2025-04-06 06:49:11.306712
CUST0929,Clothing,T-Shirt,V-Neck,426.24,2,Yes,No,2025-03-20 16:04:40.306712
CUST0072,Clothing,T-Shirt,V-Neck,689.19,2,Yes,No,2025-04-10 21:02:57.306712
CUST0467,Clothing,T-Shirt,V-Neck,304.71,2,Yes,No,2025-02-24 01:20:01.306712
CUST0343,Electronics,Mobile,iOS,695.07,4,No,No,2025-04-09 01:40:50.306712
CUST0079,Clothing,Jacket,Leather,50.0,3,No,No,2025-03-12 04:20:03.306712
CUST0361,Books,Textbook,Math,821.4,1,No,No,2025-03-01 22:02:25.306712
CUST0895,Clothing,Jeans,Slim,422.32,0,Yes,No,2025-01-17 21:28:15.306712
CUST0839,Electronics,Headphones,Wired,544.54,4,Yes,No,2025-03-05 12:10:04.306712
CUST0516,Clothing,T-Shirt,Round Neck,519.28,5,Yes,Yes,2025-04-01 13:24:27.306712
CUST0754,Home,Lamp,Halogen,609.51,1,No,No,2025-03-25 20:26:42.306712
CUST0360,Toys,Doll,Action,591.83,4,No,No,2025-02-07 02:59:08.306712
CUST0374,Books,Novel,Mystery,279.97,2,No,No,2025-02-11 17:53:42.306712
CUST0728,Home,Table,Study,297.02,4,Yes,Yes,2025-03-21 02:11:41.306712
CUST0532,Electronics,Mobile,iOS,380.14,4,No,No,2025-04-06 15:26:42.306712
CUST0226,Clothing,Jeans,Regular,737.83,1,No,No,2025-01-16 12:12:54.306712
CUST0251,Toys,Car,Remote Control,851.22,3,No,No,2025-02-17 09:42:39.306712
CUST0212,Electronics,Mobile,iOS,502.1,3,Yes,No,2025-02-09 02:29:27.306712
CUST0899,Toys,Doll,Barbie,219.99,5,No,No,2025-02-08 06:25:02.306712
CUST0933,Home,Lamp,Halogen,565.42,6,No,No,2025-03-11 17:00:57.306712
CUST0428,Home,Lamp,LED,530.93,2,Yes,No,2025-01-17 11:58:18.306712
CUST0594,Toys,Car,Remote Control,665.53,3,No,No,2025-04-04 11:57:45.306712
CUST0628,Electronics,Laptop,Ultrabook,668.71,1,Yes,No,2025-03-09 12:37:15.306712
CUST0992,Home,Lamp,LED,573.78,1,No,No,2025-01-14 07:37:25.306712
CUST0511,Clothing,Jeans,Slim,502.33,4,No,No,2025-03-05 07:18:50.306712
CUST0990,Home,Table,Coffee,821.25,2,No,No,2025-02-11 23:44:50.306712
CUST0499,Home,Chair,Dining,271.91,3,No,No,2025-01-15 00:32:05.306712
CUST0465,Electronics,Mobile,iOS,487.14,2,No,No,2025-04-03 15:41:16.306712
CUST0608,Electronics,Mobile,iOS,257.45,3,No,No,2025-02-12 04:49:03.306712
CUST0006,Books,Biography,Historical,265.45,0,No,No,2025-01-18 08:28:55.306712
CUST0258,Clothing,Jeans,Regular,760.95,2,No,No,2025-03-30 17:59:52.306712
CUST0880,Toys,Car,Electric,50.0,1,Yes,No,2025-01-21 20:36:16.306712
CUST0731,Home,Chair,Office,254.13,6,No,No,2025-02-24 10:57:11.306712
CUST0600,Electronics,Laptop,Gaming,688.63,5,Yes,Yes,2025-02-16 22:33:17.306712
CUST0255,Books,Biography,Celebrity,498.23,4,No,No,2025-04-11 07:03:14.306712
CUST0101,Home,Lamp,Halogen,536.36,3,No,No,2025-01-30 08:01:29.306712
CUST0578,Books,Textbook,Science,864.87,3,No,No,2025-04-01 14:32:37.306712
CUST0593,Clothing,Jacket,Leather,754.48,4,No,No,2025-02-06 18:47:30.306712
CUST0139,Books,Textbook,Math,709.68,4,Yes,Yes,2025-01-21 19:39:34.306712
CUST0305,Toys,Car,Remote Control,723.05,1,Yes,No,2025-03-07 12:04:46.306712
CUST0188,Books,Biography,Historical,441.2,3,No,No,2025-01-26 23:11:10.306712
CUST0540,Books,Textbook,Science,443.61,3,No,No,2025-03-03 10:10:34.306712
CUST0958,Home,Lamp,Halogen,521.46,3,No,No,2025-02-24 00:44:36.306712
CUST0478,Books,Biography,Celebrity,159.28,3,No,No,2025-01-16 04:41:04.306712
CUST0935,Toys,Puzzle,3D,606.86,4,No,No,2025-01-22 02:15:23.306712
CUST0774,Clothing,Jacket,Denim,808.58,4,No,No,2025-03-30 21:11:15.306712
CUST0249,Toys,Car,Remote Control,253.8,2,No,No,2025-01-25 20:46:25.306712
CUST0636,Toys,Car,Remote Control,336.88,4,No,No,2025-01-18 16:56:59.306712
CUST0774,Books,Novel,Mystery,430.03,3,No,No,2025-03-19 13:35:59.306712
CUST0007,Books,Textbook,Science,908.86,6,No,No,2025-04-04 23:40:30.306712
CUST0056,Electronics,Mobile,iOS,305.09,6,No,No,2025-04-04 01:59:44.306712
CUST0666,Electronics,Laptop,Gaming,209.7,2,No,No,2025-04-03 07:27:40.306712
CUST0298,Toys,Doll,Action,707.32,3,No,No,2025-04-07 10:11:59.306712
CUST0063,Electronics,Headphones,Wireless,556.39,3,No,No,2025-03-22 14:59:05.306712
CUST0210,Toys,Puzzle,3D,815.96,1,No,No,2025-01-26 18:02:36.306712
CUST0229,Clothing,Jeans,Regular,469.38,4,Yes,No,2025-01-14 03:14:00.306712
CUST0825,Books,Textbook,Math,583.47,7,No,No,2025-01-24 15:29:34.306712
CUST0069,Electronics,Mobile,Android,407.06,3,No,No,2025-03-04 23:28:34.306712
CUST0100,Clothing,T-Shirt,Round Neck,557.62,6,No,No,2025-02-28 12:06:06.306712
CUST0026,Toys,Doll,Action,474.94,5,No,No,2025-01-18 21:52:59.306712
CUST0949,Electronics,Laptop,Ultrabook,415.6,7,No,No,2025-03-01 11:21:00.306712
CUST0189,Clothing,Jacket,Denim,522.17,2,No,No,2025-04-03 06:52:12.306712
CUST0628,Books,Textbook,Math,214.71,2,No,No,2025-02-24 11:39:32.306712
CUST0150,Electronics,Mobile,Android,754.17,5,No,No,2025-04-02 23:33:42.306712
CUST0763,Clothing,T-Shirt,Round Neck,565.53,1,No,No,2025-02-28 17:43:53.306712
CUST0492,Home,Lamp,LED,315.56,3,No,No,2025-03-11 16:07:15.306712
CUST0505,Home,Table,Study,495.06,5,Yes,Yes,2025-03-22 05:51:02.306712
CUST0820,Electronics,Laptop,Ultrabook,469.45,1,No,No,2025-04-02 11:46:45.306712
CUST0436,Clothing,T-Shirt,V-Neck,596.54,0,No,No,2025-02-26 21:16:51.306712
CUST0124,Toys,Doll,Barbie,1060.18,0,No,No,2025-03-10 20:57:13.306712
CUST0311,Electronics,Headphones,Wired,598.27,0,Yes,No,2025-01-17 15:32:28.306712
CUST0930,Home,Chair,Dining,252.47,4,No,No,2025-04-09 04:23:57.306712
CUST0741,Books,Biography,Historical,631.11,5,No,No,2025-01-28 21:06:05.306712
CUST0367,Toys,Car,Electric,483.67,2,Yes,No,2025-02-16 09:02:39.306712
CUST0925,Toys,Doll,Barbie,426.68,2,No,No,2025-01-30 10:48:32.306712
CUST0672,Clothing,Jeans,Regular,383.15,3,Yes,Yes,2025-04-06 21:02:01.306712
CUST0806,Clothing,Jeans,Regular,1108.14,4,Yes,No,2025-01-20 03:08:34.306712
CUST0939,Books,Biography,Celebrity,815.81,3,No,No,2025-03-13 07:54:56.306712
CUST0675,Clothing,Jacket,Denim,601.29,6,No,No,2025-01-26 01:46:37.306712
CUST0715,Home,Table,Study,396.41,4,Yes,No,2025-04-04 01:58:37.306712
CUST0414,Electronics,Mobile,Android,142.85,0,No,No,2025-04-06 05:34:42.306712
CUST0751,Clothing,T-Shirt,Round Neck,533.39,1,No,No,2025-03-19 02:22:20.306712
CUST0109,Books,Textbook,Science,792.14,7,Yes,Yes,2025-02-04 23:42:59.306712
CUST0791,Clothing,T-Shirt,Round Neck,526.03,3,Yes,No,2025-02-19 19:10:52.306712
CUST0774,Books,Novel,Fiction,199.17,3,No,No,2025-03-13 22:02:26.306712
CUST0257,Electronics,Mobile,Android,679.65,2,Yes,No,2025-02-25 09:02:16.306712
CUST0782,Home,Table,Coffee,467.27,3,No,No,2025-04-13 04:13:53.306712
CUST0179,Home,Chair,Dining,657.41,6,No,No,2025-02-19 04:08:28.306712
CUST0137,Toys,Car,Electric,342.82,3,No,No,2025-02-01 12:15:28.306712
CUST0259,Books,Biography,Celebrity,499.42,6,No,No,2025-02-04 09:38:49.306712
CUST0207,Clothing,Jeans,Slim,340.44,3,No,No,2025-01-21 20:38:20.306712
CUST0597,Electronics,Headphones,Wireless,518.6,8,No,No,2025-02-02 06:29:01.306712
CUST0035,Clothing,T-Shirt,V-Neck,683.52,4,No,No,2025-03-29 16:39:04.306712
CUST0418,Toys,Car,Electric,507.24,3,No,No,2025-02-15 14:07:00.306712
CUST0190,Toys,Doll,Barbie,355.02,1,No,No,2025-04-04 07:50:28.306712
CUST0213,Toys,Doll,Action,939.5,0,No,No,2025-02-17 02:52:21.306712
CUST0634,Toys,Puzzle,Jigsaw,740.39,3,No,No,2025-02-25 02:51:43.306712
CUST0438,Books,Novel,Fiction,609.51,5,Yes,Yes,2025-03-04 17:28:28.306712
CUST0306,Electronics,Mobile,iOS,645.12,0,No,No,2025-02-04 21:28:37.306712
CUST0053,Toys,Car,Remote Control,505.95,2,Yes,No,2025-01-15 16:43:47.306712
CUST0230,Home,Lamp,Halogen,513.12,2,No,No,2025-03-22 18:56:51.306712
CUST0367,Electronics,Mobile,iOS,106.43,3,No,No,2025-01-20 18:26:42.306712
CUST0548,Toys,Puzzle,3D,277.35,2,Yes,No,2025-02-21 06:27:04.306712
CUST0634,Electronics,Headphones,Wireless,966.61,1,No,No,2025-03-11 02:09:37.306712
CUST0483,Home,Table,Coffee,580.79,4,No,No,2025-01-16 15:24:27.306712
CUST0347,Books,Biography,Historical,583.34,2,No,No,2025-02-14 23:44:22.306712
CUST0910,Electronics,Mobile,Android,487.18,1,Yes,No,2025-03-07 15:00:28.306712
CUST0837,Home,Table,Coffee,700.66,1,Yes,No,2025-02-05 09:13:47.306712
CUST0506,Electronics,Headphones,Wireless,753.1,2,No,No,2025-02-16 02:04:49.306712
CUST0073,Books,Textbook,Math,774.61,2,Yes,No,2025-04-09 16:16:12.306712
CUST0565,Books,Novel,Mystery,282.74,0,Yes,No,2025-03-24 17:40:56.306712
CUST0043,Electronics,Mobile,iOS,591.04,1,No,No,2025-03-03 19:00:20.306712
CUST0231,Home,Lamp,Halogen,533.92,5,Yes,Yes,2025-04-06 00:27:27.306712
CUST0898,Clothing,T-Shirt,Round Neck,392.3,2,No,No,2025-01-16 01:36:38.306712
CUST0793,Clothing,Jacket,Denim,826.29,3,No,No,2025-03-20 17:14:24.306712
CUST0701,Electronics,Headphones,Wired,465.06,3,Yes,Yes,2025-03-28 20:22:09.306712
CUST0387,Clothing,Jeans,Regular,250.73,0,No,No,2025-03-07 20:44:03.306712
CUST0142,Electronics,Laptop,Gaming,228.03,3,No,No,2025-04-10 14:42:19.306712
CUST0631,Home,Lamp,LED,481.93,4,No,No,2025-02-15 19:44:33.306712
CUST0448,Electronics,Mobile,Android,414.03,9,Yes,Yes,2025-01-14 11:37:09.306712
CUST0233,Books,Textbook,Math,402.68,5,No,No,2025-04-01 08:27:16.306712
CUST0016,Clothing,T-Shirt,Round Neck,572.0,3,Yes,Yes,2025-02-25 02:06:40.306712
CUST0185,Home,Chair,Dining,454.37,2,No,No,2025-02-16 10:59:10.306712
CUST0617,Clothing,Jeans,Slim,616.67,2,No,No,2025-03-13 08:34:22.306712
CUST0408,Books,Textbook,Math,434.57,1,No,No,2025-03-18 06:10:05.306712
CUST0079,Electronics,Laptop,Gaming,910.82,4,No,No,2025-03-02 13:28:14.306712
CUST0723,Home,Chair,Dining,591.9,8,No,No,2025-03-23 17:55:27.306712
CUST0310,Home,Table,Study,375.23,3,No,No,2025-04-07 21:03:03.306712
CUST0670,Clothing,Jacket,Denim,444.61,0,Yes,No,2025-02-13 11:11:49.306712
CUST0715,Toys,Car,Electric,669.48,4,No,No,2025-01-18 18:01:31.306712
CUST0355,Books,Textbook,Science,412.37,3,No,No,2025-02-09 16:08:44.306712
CUST0081,Clothing,T-Shirt,Round Neck,512.49,3,No,No,2025-02-12 02:45:42.306712
CUST0760,Toys,Puzzle,Jigsaw,567.91,4,No,No,2025-02-18 15:56:00.306712
CUST0743,Clothing,T-Shirt,Round Neck,502.86,1,Yes,No,2025-03-22 07:27:23.306712
CUST0451,Books,Novel,Fiction,398.98,2,No,No,2025-03-02 22:44:26.306712
CUST0857,Electronics,Laptop,Ultrabook,552.13,6,No,No,2025-03-11 14:54:03.306712
CUST0394,Home,Chair,Office,763.51,2,No,No,2025-02-09 14:32:04.306712
CUST0876,Toys,Doll,Action,569.93,2,Yes,No,2025-01-15 08:07:19.306712
CUST0884,Books,Biography,Celebrity,540.21,4,Yes,Yes,2025-02-02 11:35:16.306712
CUST0389,Clothing,Jacket,Denim,553.26,5,No,No,2025-03-06 04:59:53.306712
CUST0054,Home,Chair,Dining,380.6,0,Yes,No,2025-01-16 00:46:04.306712
CUST0932,Toys,Doll,Action,576.51,1,Yes,No,2025-04-02 04:12:23.306712
CUST0772,Toys,Puzzle,Jigsaw,701.55,8,No,No,2025-02-15 14:39:35.306712
CUST0744,Toys,Doll,Action,452.46,2,No,No,2025-03-30 11:49:17.306712
CUST0747,Electronics,Mobile,iOS,405.38,3,No,No,2025-03-24 12:56:44.306712
CUST0955,Home,Table,Study,323.98,4,Yes,Yes,2025-03-24 08:06:23.306712
CUST0582,Toys,Doll,Barbie,156.57,9,No,No,2025-02-19 12:40:28.306712
CUST0479,Clothing,T-Shirt,Round Neck,322.81,2,No,No,2025-02-09 18:16:50.306712
CUST0819,Home,Chair,Office,655.26,7,No,No,2025-03-29 09:33:09.306712
CUST0556,Home,Lamp,Halogen,735.75,8,No,No,2025-01-17 06:09:39.306712
CUST0631,Home,Lamp,Halogen,854.67,1,Yes,No,2025-03-18 12:19:08.306712
CUST0257,Toys,Puzzle,Jigsaw,145.79,6,No,No,2025-02-12 07:19:10.306712
CUST0583,Home,Lamp,LED,359.27,2,No,No,2025-02-25 14:21:04.306712
CUST0474,Electronics,Laptop,Gaming,619.92,2,No,No,2025-02-27 19:05:05.306712
CUST0038,Home,Lamp,LED,327.9,2,Yes,No,2025-02-22 04:20:03.306712
CUST0060,Toys,Puzzle,3D,834.41,2,No,No,2025-04-10 14:27:59.306712
CUST0625,Toys,Doll,Barbie,599.44,5,No,No,2025-02-25 06:30:01.306712
CUST0185,Home,Lamp,Halogen,546.92,2,No,No,2025-04-07 21:14:51.306712
CUST0507,Clothing,T-Shirt,Round Neck,398.83,1,No,No,2025-01-27 18:30:28.306712
CUST0893,Toys,Car,Electric,533.4,4,No,No,2025-02-05 02:22:05.306712
CUST0118,Electronics,Mobile,iOS,646.67,6,No,No,2025-03-10 19:26:42.306712
CUST0325,Electronics,Headphones,Wireless,513.8,2,No,No,2025-01-19 09:54:22.306712
CUST0975,Home,Lamp,LED,336.48,0,Yes,No,2025-03-20 08:57:36.306712
CUST0866,Home,Table,Coffee,572.38,4,Yes,No,2025-02-16 11:07:51.306712
CUST0112,Electronics,Headphones,Wired,255.53,6,No,No,2025-01-24 11:56:11.306712
CUST0524,Electronics,Mobile,Android,588.46,4,No,No,2025-02-14 03:20:43.306712
CUST0585,Home,Table,Study,142.19,3,No,No,2025-01-20 10:33:36.306712
CUST0658,Books,Biography,Historical,387.78,3,No,No,2025-01-15 21:44:40.306712
CUST0335,Toys,Doll,Action,240.4,4,Yes,No,2025-04-10 15:16:38.306712
CUST0668,Home,Lamp,Halogen,594.59,6,No,No,2025-03-14 21:22:19.306712
CUST0032,Clothing,Jeans,Slim,436.68,1,Yes,No,2025-02-10 17:59:03.306712
CUST0953,Clothing,Jacket,Leather,625.84,5,No,No,2025-01-23 19:44:26.306712
CUST0624,Clothing,Jeans,Regular,174.18,3,No,No,2025-02-03 08:52:56.306712
CUST0388,Toys,Puzzle,Jigsaw,500.87,4,Yes,Yes,2025-03-17 12:58:32.306712
CUST0081,Electronics,Mobile,iOS,400.93,3,Yes,No,2025-01-25 06:43:01.306712
CUST0868,Toys,Puzzle,3D,681.51,4,No,No,2025-03-18 12:14:38.306712
CUST0538,Toys,Doll,Action,718.05,3,No,No,2025-02-08 15:26:35.306712
CUST0200,Toys,Doll,Barbie,404.05,2,Yes,No,2025-02-14 10:05:32.306712
CUST0249,Home,Chair,Dining,357.36,4,Yes,Yes,2025-01-24 17:08:34.306712
CUST0710,Clothing,Jeans,Regular,370.54,1,No,No,2025-02-17 15:26:46.306712
CUST0082,Home,Table,Coffee,376.5,3,Yes,No,2025-03-17 22:34:15.306712
CUST0496,Toys,Puzzle,3D,661.93,3,Yes,No,2025-02-04 19:35:21.306712
CUST0584,Clothing,Jacket,Leather,311.31,4,Yes,No,2025-02-22 02:01:09.306712
CUST0691,Toys,Car,Electric,556.4,4,Yes,No,2025-03-31 18:40:50.306712
CUST0294,Home,Lamp,LED,575.28,2,Yes,No,2025-01-21 10:07:28.306712
CUST0419,Books,Textbook,Math,639.68,2,No,No,2025-03-10 10:24:23.306712
CUST0507,Clothing,T-Shirt,V-Neck,723.4,2,No,No,2025-01-15 00:20:53.306712
CUST0171,Electronics,Laptop,Ultrabook,50.0,4,Yes,No,2025-03-23 13:50:30.306712
CUST0953,Books,Textbook,Math,640.04,1,No,No,2025-01-25 18:43:49.306712
CUST0891,Electronics,Laptop,Gaming,575.58,2,No,No,2025-03-21 12:07:37.306712
CUST0171,Electronics,Mobile,iOS,460.54,4,No,No,2025-04-11 07:16:52.306712
CUST0433,Home,Chair,Dining,627.03,1,No,No,2025-03-22 04:09:48.306712
CUST0571,Clothing,Jacket,Denim,562.07,2,No,No,2025-01-25 01:33:40.306712
CUST0345,Home,Table,Coffee,315.4,4,No,No,2025-03-24 15:00:08.306712
CUST0047,Electronics,Headphones,Wired,518.78,1,No,No,2025-02-26 02:12:14.306712
CUST0933,Books,Textbook,Science,487.77,2,Yes,No,2025-03-26 10:09:07.306712
CUST0855,Books,Biography,Celebrity,350.01,3,No,No,2025-03-22 11:35:06.306712
CUST0138,Clothing,Jacket,Leather,663.66,4,No,No,2025-01-28 06:59:06.306712
CUST0918,Electronics,Headphones,Wired,441.18,5,Yes,No,2025-02-26 12:59:48.306712
CUST0389,Home,Lamp,LED,50.0,4,Yes,No,2025-03-11 14:31:46.306712
CUST0287,Electronics,Mobile,iOS,914.05,1,No,No,2025-03-02 09:39:32.306712
CUST0350,Electronics,Headphones,Wired,888.72,2,No,No,2025-02-10 04:53:57.306712
CUST0331,Books,Biography,Historical,511.09,1,No,No,2025-01-27 09:52:26.306712
CUST0043,Clothing,Jeans,Regular,649.13,5,No,No,2025-03-10 08:22:12.306712
CUST0901,Toys,Doll,Barbie,514.17,6,Yes,Yes,2025-01-29 14:03:37.306712
CUST0122,Home,Lamp,Halogen,470.25,7,Yes,Yes,2025-04-09 11:12:54.306712
CUST0174,Home,Lamp,LED,596.12,2,No,No,2025-04-13 06:28:48.306712
CUST0238,Home,Chair,Office,567.19,2,No,No,2025-02-02 14:10:52.306712
CUST0566,Toys,Puzzle,Jigsaw,537.31,4,Yes,No,2025-01-17 08:48:52.306712
CUST0983,Toys,Car,Electric,831.69,6,No,No,2025-01-14 03:43:57.306712
CUST0501,Electronics,Laptop,Gaming,709.62,1,No,No,2025-02-09 20:55:51.306712
CUST0965,Toys,Doll,Action,525.89,2,Yes,No,2025-03-05 01:58:21.306712
CUST0130,Books,Biography,Historical,451.5,3,No,No,2025-03-24 01:11:15.306712
CUST0724,Electronics,Laptop,Ultrabook,232.15,2,Yes,No,2025-03-02 09:34:14.306712
CUST0270,Electronics,Mobile,iOS,665.65,2,Yes,No,2025-03-25 13:01:55.306712
CUST0685,Electronics,Laptop,Gaming,361.48,2,No,No,2025-03-26 18:29:39.306712
CUST0813,Clothing,Jacket,Leather,721.8,1,No,No,2025-02-14 06:26:12.306712
CUST0161,Toys,Doll,Action,202.54,0,No,No,2025-02-26 12:50:59.306712
CUST0646,Toys,Car,Electric,81.11,4,No,No,2025-03-23 03:11:17.306712
CUST0705,Home,Chair,Dining,518.48,6,Yes,Yes,2025-03-22 23:12:45.306712
CUST0814,Toys,Doll,Barbie,420.06,5,No,No,2025-04-05 04:52:42.306712
CUST0572,Electronics,Headphones,Wireless,490.79,3,No,No,2025-02-06 09:13:20.306712
CUST0141,Toys,Doll,Barbie,238.69,3,No,No,2025-03-19 21:12:56.306712
CUST0201,Home,Lamp,LED,578.98,3,Yes,Yes,2025-01-31 16:11:16.306712
CUST0752,Books,Biography,Historical,196.05,2,No,No,2025-02-01 18:54:37.306712
CUST0651,Electronics,Headphones,Wireless,326.69,4,Yes,Yes,2025-01-20 00:55:55.306712
CUST0503,Toys,Car,Electric,569.8,2,No,No,2025-03-23 10:35:59.306712
CUST0183,Electronics,Laptop,Ultrabook,384.93,4,No,No,2025-03-14 01:28:36.306712
CUST0390,Toys,Puzzle,3D,550.64,5,No,No,2025-03-01 12:32:48.306712
CUST0544,Clothing,Jeans,Slim,604.9,1,No,No,2025-04-08 11:11:26.306712
CUST0300,Books,Biography,Celebrity,445.2,4,No,No,2025-03-12 13:16:30.306712
CUST0366,Toys,Doll,Action,763.01,3,Yes,Yes,2025-01-24 10:02:13.306712
CUST0987,Home,Lamp,Halogen,386.07,1,Yes,No,2025-02-14 02:25:55.306712
CUST0254,Books,Novel,Fiction,522.07,2,No,No,2025-02-27 15:06:54.306712
CUST0980,Home,Table,Coffee,721.56,3,No,No,2025-02-16 06:07:07.306712
CUST0714,Books,Textbook,Math,599.66,2,No,No,2025-03-29 15:00:40.306712
CUST0904,Books,Biography,Celebrity,639.56,3,No,No,2025-03-21 05:32:42.306712
CUST0241,Electronics,Laptop,Ultrabook,338.09,3,No,No,2025-03-03 18:43:59.306712
CUST0221,Books,Novel,Mystery,880.38,0,No,No,2025-02-07 21:47:10.306712
CUST0692,Home,Lamp,Halogen,416.51,0,Yes,No,2025-04-02 01:22:47.306712
CUST0453,Books,Biography,Celebrity,698.2,1,No,No,2025-04-12 02:10:30.306712
CUST0056,Home,Lamp,LED,322.41,2,No,No,2025-02-15 12:05:24.306712
CUST0652,Electronics,Laptop,Ultrabook,705.58,3,No,No,2025-02-22 07:07:55.306712
CUST0227,Toys,Puzzle,Jigsaw,395.62,2,No,No,2025-03-30 04:41:23.306712
CUST0641,Electronics,Headphones,Wired,717.33,5,No,No,2025-01-26 01:17:43.306712
CUST0620,Toys,Puzzle,Jigsaw,758.76,1,No,No,2025-04-01 09:57:34.306712
CUST0389,Electronics,Headphones,Wired,344.9,0,No,No,2025-04-12 01:50:54.306712
CUST0362,Toys,Puzzle,Jigsaw,379.22,2,Yes,No,2025-03-04 20:44:30.306712
CUST0216,Home,Table,Coffee,433.03,4,No,No,2025-01-28 18:01:18.306712
CUST0859,Toys,Doll,Barbie,184.28,4,Yes,Yes,2025-01-29 04:18:03.306712
CUST0933,Home,Lamp,Halogen,692.77,3,No,No,2025-02-03 10:37:17.306712
CUST0567,Clothing,T-Shirt,Round Neck,477.73,2,No,No,2025-04-05 14:19:03.306712
CUST0021,Toys,Puzzle,3D,457.97,3,No,No,2025-03-31 08:09:57.306712
CUST0497,Electronics,Mobile,iOS,305.29,2,No,No,2025-02-11 18:40:10.306712
CUST0025,Clothing,Jacket,Leather,464.97,2,No,No,2025-01-16 18:54:37.306712
CUST0279,Electronics,Laptop,Ultrabook,50.0,1,No,No,2025-01-26 05:54:15.306712
CUST0838,Home,Chair,Office,297.79,3,Yes,Yes,2025-03-24 14:50:48.306712
CUST0721,Books,Novel,Fiction,461.83,5,No,No,2025-03-26 14:42:23.306712
CUST0851,Toys,Car,Electric,168.22,2,Yes,No,2025-01-22 18:51:54.306712
CUST0754,Toys,Doll,Barbie,727.78,2,No,No,2025-04-04 05:40:17.306712
CUST0621,Home,Lamp,Halogen,54.81,1,No,No,2025-03-04 06:04:37.306712
CUST0762,Electronics,Laptop,Ultrabook,526.75,1,Yes,No,2025-02-27 01:31:46.306712
CUST0208,Electronics,Laptop,Ultrabook,120.14,4,No,No,2025-02-19 01:41:55.306712
CUST0299,Books,Novel,Fiction,50.0,4,No,No,2025-02-21 23:01:16.306712
CUST0575,Home,Lamp,Halogen,441.29,4,No,No,2025-04-11 15:12:59.306712
CUST0720,Toys,Car,Electric,532.11,2,Yes,No,2025-02-19 15:16:40.306712
CUST0018,Books,Textbook,Science,612.76,2,No,No,2025-02-18 16:44:37.306712
CUST0782,Toys,Car,Electric,652.79,3,No,No,2025-02-26 10:04:05.306712
CUST0230,Toys,Puzzle,3D,491.02,0,No,No,2025-03-29 09:14:30.306712
CUST0238,Books,Biography,Celebrity,389.34,3,Yes,No,2025-03-16 22:04:39.306712
CUST0319,Home,Chair,Office,253.53,4,No,No,2025-01-22 18:28:28.306712
CUST0575,Clothing,T-Shirt,V-Neck,711.63,3,Yes,No,2025-01-21 15:40:37.306712
CUST0145,Books,Textbook,Science,437.48,6,No,No,2025-03-05 07:49:31.306712
CUST0741,Toys,Puzzle,Jigsaw,121.95,3,No,No,2025-03-29 00:23:35.306712
CUST0506,Home,Lamp,Halogen,769.68,2,No,No,2025-03-26 09:43:04.306712
CUST0346,Clothing,T-Shirt,V-Neck,562.28,2,Yes,No,2025-03-21 09:40:57.306712
CUST0579,Toys,Doll,Barbie,593.92,1,No,No,2025-02-08 13:01:29.306712
CUST0707,Clothing,Jacket,Denim,618.42,4,No,No,2025-03-07 11:30:57.306712
CUST0512,Home,Table,Coffee,72.73,1,Yes,No,2025-02-13 18:08:19.306712
CUST0473,Books,Textbook,Math,220.13,2,Yes,No,2025-04-12 22:49:27.306712
CUST0108,Books,Textbook,Math,536.3,2,No,No,2025-02-18 23:36:50.306712
CUST0131,Electronics,Mobile,Android,470.4,3,No,No,2025-01-29 15:28:08.306712
CUST0203,Books,Novel,Fiction,841.95,1,No,No,2025-04-09 11:34:23.306712
CUST0435,Books,Novel,Mystery,653.29,6,Yes,Yes,2025-04-08 09:16:14.306712
CUST0561,Books,Biography,Historical,786.6,4,No,No,2025-02-11 07:40:55.306712
CUST0121,Books,Biography,Celebrity,610.29,4,No,No,2025-03-05 05:40:07.306712
CUST0331,Toys,Doll,Barbie,645.16,6,Yes,Yes,2025-03-05 07:27:56.306712
CUST0702,Clothing,Jacket,Denim,597.46,4,Yes,No,2025-02-06 21:37:55.306712
CUST0484,Books,Novel,Mystery,658.55,6,No,No,2025-03-27 00:17:19.306712
CUST0738,Clothing,T-Shirt,V-Neck,591.72,2,Yes,No,2025-01-14 11:05:13.306712
CUST0326,Books,Novel,Fiction,681.64,4,No,No,2025-02-28 04:31:52.306712
CUST0069,Electronics,Laptop,Gaming,463.72,2,Yes,No,2025-02-01 20:31:45.306712
CUST0711,Electronics,Headphones,Wired,689.56,6,Yes,Yes,2025-01-19 10:35:36.306712
CUST0640,Books,Textbook,Math,183.13,1,No,No,2025-01-19 23:47:31.306712
CUST0359,Toys,Puzzle,3D,784.86,5,No,No,2025-03-15 13:27:46.306712
CUST0015,Clothing,Jeans,Regular,330.0,3,No,No,2025-04-03 04:41:54.306712
CUST0934,Books,Textbook,Science,444.24,1,Yes,No,2025-02-18 04:00:51.306712
CUST0640,Books,Biography,Historical,528.66,1,No,No,2025-01-21 00:44:03.306712
CUST0607,Clothing,T-Shirt,Round Neck,348.64,2,No,No,2025-02-09 16:36:55.306712
CUST0183,Home,Table,Coffee,504.42,1,No,No,2025-01-25 19:26:37.306712
CUST0817,Toys,Car,Remote Control,252.2,1,No,No,2025-02-14 13:31:51.306712
CUST0590,Toys,Car,Remote Control,545.79,6,No,No,2025-04-01 21:20:46.306712
CUST0755,Toys,Car,Remote Control,584.79,5,No,No,2025-02-02 19:55:18.306712
CUST0173,Electronics,Mobile,Android,766.79,5,Yes,Yes,2025-04-01 12:09:07.306712
CUST0630,Clothing,T-Shirt,Round Neck,357.26,1,No,No,2025-02-28 16:06:48.306712
CUST0896,Electronics,Laptop,Gaming,313.08,5,No,No,2025-04-10 11:55:28.306712
CUST0994,Electronics,Mobile,iOS,739.23,2,No,No,2025-02-23 19:28:08.306712
CUST0681,Books,Biography,Celebrity,635.4,7,No,No,2025-03-03 02:09:37.306712
CUST0779,Electronics,Mobile,iOS,721.77,3,Yes,Yes,2025-02-19 22:33:05.306712
CUST0724,Books,Biography,Celebrity,454.19,4,No,No,2025-04-04 22:23:48.306712
CUST0535,Home,Table,Coffee,585.07,2,No,No,2025-04-09 06:24:23.306712
CUST0620,Clothing,T-Shirt,V-Neck,368.89,4,No,No,2025-03-23 13:45:43.306712
CUST0147,Books,Textbook,Science,599.82,8,No,No,2025-03-02 02:12:09.306712
CUST0712,Home,Table,Coffee,645.03,4,No,No,2025-03-08 16:12:54.306712
CUST0922,Books,Textbook,Science,137.99,4,No,No,2025-01-30 19:00:03.306712
CUST0026,Home,Lamp,Halogen,313.02,4,Yes,No,2025-02-03 06:20:43.306712
CUST0632,Toys,Puzzle,3D,785.95,3,No,No,2025-02-18 20:09:53.306712
CUST0184,Electronics,Mobile,iOS,329.21,2,No,No,2025-02-17 13:22:22.306712
CUST0539,Clothing,T-Shirt,V-Neck,727.66,1,No,No,2025-02-14 09:32:58.306712
CUST0097,Home,Lamp,LED,492.62,1,No,No,2025-03-13 10:05:19.306712
CUST0280,Electronics,Headphones,Wired,497.82,2,No,No,2025-03-16 19:24:39.306712
CUST0491,Books,Novel,Mystery,414.43,2,No,No,2025-02-09 03:04:23.306712
CUST0641,Electronics,Headphones,Wireless,900.59,3,No,No,2025-04-07 07:34:10.306712
CUST0736,Books,Textbook,Science,515.41,3,No,No,2025-03-02 02:41:05.306712
CUST0178,Books,Textbook,Math,639.47,2,Yes,No,2025-01-17 05:11:58.306712
CUST0379,Electronics,Headphones,Wireless,724.88,2,Yes,No,2025-03-23 00:27:40.306712
CUST0754,Clothing,T-Shirt,Round Neck,742.6,2,No,No,2025-02-23 05:52:36.306712
CUST0855,Electronics,Mobile,iOS,532.99,0,Yes,No,2025-03-16 09:38:01.306712
CUST0728,Electronics,Laptop,Gaming,726.42,3,No,No,2025-04-06 19:13:52.306712
CUST0558,Home,Chair,Office,749.72,1,Yes,No,2025-02-14 19:22:03.306712
CUST0858,Home,Table,Coffee,470.93,3,No,No,2025-04-11 10:41:36.306712
CUST0601,Home,Table,Coffee,455.37,4,No,No,2025-03-19 00:35:17.306712
CUST0413,Books,Textbook,Math,705.83,5,Yes,Yes,2025-04-03 14:42:07.306712
CUST0780,Toys,Puzzle,3D,328.57,3,No,No,2025-01-21 15:51:47.306712
CUST0177,Books,Novel,Mystery,598.36,2,No,No,2025-03-13 14:10:38.306712
CUST0204,Toys,Doll,Barbie,715.9,3,Yes,No,2025-04-05 06:29:35.306712
CUST0858,Electronics,Laptop,Ultrabook,638.37,3,No,No,2025-03-08 22:23:59.306712
CUST0360,Electronics,Laptop,Ultrabook,773.49,6,No,No,2025-03-09 16:08:29.306712
CUST0857,Electronics,Headphones,Wired,471.94,3,No,No,2025-01-22 01:38:03.306712
CUST0120,Electronics,Mobile,Android,502.56,1,No,No,2025-01-31 12:49:06.306712
CUST0326,Toys,Car,Electric,266.3,2,No,No,2025-03-28 22:47:42.306712
CUST0174,Electronics,Mobile,iOS,270.85,5,Yes,Yes,2025-04-08 16:13:20.306712
CUST0742,Clothing,Jeans,Slim,251.6,4,No,No,2025-03-27 01:47:23.306712
CUST0774,Clothing,Jeans,Slim,508.27,3,Yes,Yes,2025-02-10 09:08:19.306712
CUST0183,Home,Chair,Dining,610.99,3,No,No,2025-02-22 16:51:06.306712
CUST0232,Clothing,Jeans,Slim,549.24,3,Yes,Yes,2025-02-11 03:26:38.306712
CUST0266,Books,Biography,Historical,316.34,3,No,No,2025-03-02 01:43:05.306712
CUST0364,Toys,Doll,Action,736.58,8,Yes,No,2025-03-05 06:58:47.306712
CUST0461,Clothing,T-Shirt,V-Neck,191.11,1,No,No,2025-01-28 15:01:08.306712
CUST0551,Toys,Puzzle,3D,290.37,3,No,No,2025-02-16 04:35:15.306712
CUST0662,Home,Chair,Dining,639.85,2,Yes,No,2025-03-22 10:30:48.306712
CUST0992,Toys,Car,Remote Control,764.24,3,Yes,Yes,2025-03-29 14:22:31.306712
CUST0216,Home,Chair,Dining,177.22,2,No,No,2025-02-07 20:01:01.306712
CUST0033,Electronics,Headphones,Wireless,231.14,2,No,No,2025-02-28 15:31:15.306712
CUST0144,Books,Textbook,Science,449.36,2,No,No,2025-02-18 15:41:01.306712
CUST0578,Books,Textbook,Math,419.78,3,No,No,2025-02-13 19:22:59.306712
CUST0719,Electronics,Headphones,Wired,914.23,3,No,No,2025-04-07 21:53:08.306712
CUST0923,Electronics,Mobile,iOS,522.04,5,No,No,2025-02-28 16:11:15.306712
CUST0343,Home,Table,Coffee,175.28,6,No,No,2025-01-31 16:12:12.306712
CUST0936,Home,Lamp,LED,384.9,3,No,No,2025-02-27 20:01:15.306712
CUST0560,Clothing,T-Shirt,V-Neck,313.31,4,No,No,2025-04-02 01:49:27.306712
CUST0632,Books,Textbook,Science,577.6,5,No,No,2025-03-25 11:27:00.306712
CUST0409,Books,Novel,Mystery,341.66,1,No,No,2025-03-24 17:46:54.306712
CUST0383,Toys,Doll,Action,685.38,5,No,No,2025-03-20 09:21:05.306712
CUST0411,Home,Chair,Office,482.41,1,No,No,2025-03-28 14:31:26.306712
CUST0958,Toys,Puzzle,3D,481.01,2,No,No,2025-02-23 20:36:26.306712
CUST0793,Home,Table,Study,546.36,1,No,No,2025-03-12 02:10:09.306712
CUST0030,Clothing,Jacket,Leather,103.25,4,Yes,No,2025-04-09 14:07:06.306712
CUST0612,Toys,Puzzle,Jigsaw,395.96,6,No,No,2025-01-26 02:52:10.306712
CUST0680,Home,Chair,Office,50.0,2,No,No,2025-02-12 12:51:41.306712
CUST0812,Clothing,Jeans,Regular,922.42,4,No,No,2025-02-20 22:56:04.306712
CUST0170,Books,Novel,Fiction,665.56,2,No,No,2025-02-01 23:10:58.306712
CUST0905,Clothing,Jeans,Regular,660.47,2,Yes,No,2025-01-21 07:29:23.306712
CUST0190,Clothing,T-Shirt,V-Neck,419.95,1,No,No,2025-01-22 06:18:21.306712
CUST0742,Clothing,T-Shirt,V-Neck,878.17,4,Yes,Yes,2025-01-28 23:28:02.306712
CUST0353,Electronics,Laptop,Ultrabook,736.55,1,No,No,2025-03-22 08:28:36.306712
CUST0218,Books,Textbook,Science,660.66,4,No,No,2025-04-04 05:22:51.306712
CUST0475,Clothing,T-Shirt,V-Neck,285.85,2,No,No,2025-01-25 23:38:03.306712
CUST0326,Clothing,Jeans,Regular,693.22,3,Yes,No,2025-04-03 02:27:12.306712
CUST0691,Books,Textbook,Science,661.95,3,No,No,2025-03-06 08:46:49.306712
CUST0074,Home,Lamp,LED,511.75,3,No,No,2025-02-04 00:47:11.306712
CUST0907,Toys,Puzzle,Jigsaw,300.05,3,No,No,2025-02-18 08:20:35.306712
CUST0371,Home,Table,Coffee,907.18,6,No,No,2025-03-13 18:55:30.306712
CUST0614,Books,Novel,Fiction,431.76,7,No,No,2025-01-26 21:57:05.306712
CUST0512,Clothing,T-Shirt,Round Neck,960.82,2,No,No,2025-02-11 19:46:05.306712
CUST0446,Electronics,Laptop,Ultrabook,636.88,5,Yes,No,2025-02-23 20:10:52.306712
CUST0155,Home,Lamp,Halogen,632.03,2,No,No,2025-03-20 01:42:06.306712
CUST0841,Books,Novel,Mystery,732.58,6,Yes,No,2025-02-23 10:55:12.306712
CUST0184,Clothing,Jeans,Slim,470.57,2,No,No,2025-02-27 15:33:01.306712
CUST0826,Electronics,Laptop,Gaming,361.1,4,No,No,2025-03-18 04:29:11.306712
CUST0884,Books,Novel,Fiction,586.98,4,Yes,Yes,2025-03-10 07:18:30.306712
CUST0520,Books,Textbook,Science,699.59,2,No,No,2025-01-14 15:12:19.306712
CUST0498,Books,Biography,Historical,419.34,8,Yes,Yes,2025-02-07 14:53:52.306712
CUST0760,Electronics,Headphones,Wired,430.06,6,No,No,2025-03-03 06:05:24.306712
CUST0382,Books,Textbook,Science,505.13,0,No,No,2025-04-05 11:15:24.306712
CUST0548,Home,Chair,Office,503.84,7,Yes,No,2025-03-06 03:10:47.306712
CUST0778,Books,Textbook,Math,196.55,3,Yes,Yes,2025-02-15 05:44:18.306712
CUST0971,Toys,Doll,Barbie,602.74,1,No,No,2025-03-04 11:59:50.306712
CUST0833,Toys,Car,Remote Control,367.7,2,No,No,2025-02-24 17:33:52.306712
CUST0050,Books,Biography,Historical,622.96,1,No,No,2025-01-25 07:26:14.306712
CUST0889,Books,Biography,Celebrity,181.25,5,Yes,Yes,2025-03-12 16:44:16.306712
CUST0703,Home,Lamp,Halogen,561.89,5,Yes,Yes,2025-02-11 06:16:06.306712
CUST0786,Electronics,Headphones,Wired,724.28,4,Yes,Yes,2025-02-17 03:48:18.306712
CUST0428,Electronics,Laptop,Ultrabook,562.94,4,Yes,Yes,2025-01-16 23:11:27.306712
CUST0611,Electronics,Laptop,Gaming,661.18,3,No,No,2025-03-06 02:08:50.306712
CUST0757,Books,Novel,Fiction,502.14,3,Yes,Yes,2025-01-22 16:34:19.306712
CUST0130,Clothing,Jacket,Denim,584.52,2,Yes,No,2025-02-24 08:44:20.306712
CUST0915,Home,Lamp,Halogen,587.35,1,No,No,2025-03-21 09:40:10.306712
CUST0633,Clothing,Jacket,Denim,522.85,1,No,No,2025-01-17 10:54:08.306712
CUST0079,Home,Lamp,LED,435.27,5,Yes,Yes,2025-03-24 18:48:07.306712
CUST0654,Electronics,Laptop,Gaming,454.66,7,Yes,Yes,2025-03-16 07:54:58.306712
CUST0768,Home,Lamp,Halogen,478.77,8,No,No,2025-01-15 16:21:33.306712
CUST0189,Home,Table,Coffee,404.76,3,No,No,2025-04-04 18:12:41.306712
CUST0935,Books,Novel,Fiction,65.96,3,No,No,2025-03-09 22:29:02.306712
CUST0268,Home,Table,Coffee,316.98,2,No,No,2025-03-21 21:56:17.306712
CUST0819,Electronics,Laptop,Ultrabook,349.95,2,No,No,2025-02-03 09:40:33.306712
CUST0779,Books,Biography,Historical,617.65,0,No,No,2025-02-09 09:19:05.306712
CUST0514,Electronics,Headphones,Wired,390.32,4,No,No,2025-04-11 20:03:53.306712
CUST0186,Home,Lamp,LED,553.24,0,No,No,2025-02-22 01:00:23.306712
CUST0213,Electronics,Laptop,Gaming,207.06,5,No,No,2025-02-09 04:27:33.306712
CUST0274,Books,Textbook,Science,726.59,3,No,No,2025-01-22 22:34:20.306712
CUST0227,Clothing,T-Shirt,V-Neck,699.28,2,No,No,2025-02-03 23:18:13.306712
CUST0066,Toys,Doll,Action,871.52,2,No,No,2025-03-11 14:08:28.306712
CUST0431,Toys,Doll,Action,605.51,3,Yes,Yes,2025-03-08 15:38:14.306712
CUST0013,Home,Lamp,Halogen,620.8,5,Yes,Yes,2025-02-25 15:41:22.306712
CUST0156,Books,Textbook,Science,350.39,1,No,No,2025-02-02 23:01:21.306712
CUST0546,Clothing,Jacket,Denim,485.15,3,No,No,2025-02-07 08:00:31.306712
CUST0413,Electronics,Headphones,Wireless,650.82,4,Yes,No,2025-03-09 00:11:08.306712
CUST0354,Electronics,Mobile,iOS,468.34,0,No,No,2025-02-12 00:38:58.306712
CUST0299,Home,Lamp,Halogen,372.39,4,Yes,Yes,2025-03-15 04:14:15.306712
CUST0599,Clothing,Jacket,Denim,556.47,3,Yes,No,2025-02-22 20:08:15.306712
CUST0784,Electronics,Laptop,Ultrabook,281.65,6,No,No,2025-02-05 07:08:09.306712
CUST0385,Toys,Puzzle,3D,673.26,2,No,No,2025-03-13 10:53:53.306712
CUST0972,Electronics,Mobile,iOS,536.93,3,Yes,Yes,2025-01-24 05:59:41.306712
CUST0585,Home,Chair,Office,207.47,4,No,No,2025-03-28 23:08:57.306712
CUST0797,Books,Textbook,Science,542.46,1,No,No,2025-02-16 16:28:43.306712
CUST0770,Clothing,Jeans,Regular,548.12,3,No,No,2025-02-13 12:27:57.306712
CUST0789,Home,Table,Coffee,471.32,3,No,No,2025-03-18 23:58:50.306712
CUST0906,Home,Table,Study,493.47,3,No,No,2025-02-04 08:43:16.306712
CUST0880,Books,Biography,Celebrity,433.99,3,Yes,Yes,2025-04-13 06:33:37.306712
CUST0461,Clothing,T-Shirt,V-Neck,810.99,2,No,No,2025-02-10 12:14:27.306712
CUST0004,Toys,Doll,Action,413.4,1,Yes,No,2025-03-18 05:14:12.306712
CUST0177,Electronics,Laptop,Ultrabook,209.63,4,No,No,2025-02-23 02:50:26.306712
CUST0421,Clothing,Jacket,Leather,518.84,3,Yes,No,2025-01-26 23:05:53.306712
CUST0625,Toys,Car,Electric,648.07,2,Yes,No,2025-03-12 17:17:49.306712
CUST0585,Books,Novel,Mystery,299.19,2,No,No,2025-03-13 17:10:05.306712
CUST0256,Clothing,Jacket,Denim,393.45,3,No,No,2025-03-20 22:53:00.306712
CUST0094,Home,Chair,Dining,538.76,1,No,No,2025-03-08 02:35:19.306712
CUST0524,Clothing,T-Shirt,V-Neck,498.72,5,No,No,2025-02-18 08:11:02.306712
CUST0741,Clothing,T-Shirt,V-Neck,308.03,2,No,No,2025-03-23 17:07:44.306712
CUST0944,Clothing,Jeans,Slim,455.02,3,No,No,2025-02-10 22:53:57.306712
CUST0067,Electronics,Mobile,iOS,504.28,5,Yes,Yes,2025-03-20 21:16:15.306712
CUST0618,Books,Novel,Fiction,736.11,2,Yes,No,2025-02-27 07:21:22.306712
CUST0513,Electronics,Headphones,Wired,426.33,4,No,No,2025-04-08 04:18:30.306712
CUST0943,Clothing,T-Shirt,V-Neck,403.93,3,No,No,2025-03-24 14:41:30.306712
CUST0986,Electronics,Mobile,Android,316.24,0,Yes,No,2025-03-20 17:25:55.306712
CUST0694,Books,Textbook,Science,231.68,4,No,No,2025-04-07 05:12:04.306712
CUST0395,Electronics,Laptop,Ultrabook,148.97,3,No,No,2025-04-09 06:34:22.306712
CUST0734,Toys,Puzzle,Jigsaw,443.5,5,Yes,Yes,2025-04-03 21:00:29.306712
CUST0744,Electronics,Laptop,Ultrabook,297.16,3,No,No,2025-04-03 22:17:55.306712
CUST0843,Electronics,Laptop,Ultrabook,340.9,1,Yes,No,2025-03-24 02:03:30.306712
CUST0950,Toys,Car,Remote Control,694.43,2,No,No,2025-02-24 02:53:08.306712
CUST0807,Electronics,Mobile,Android,730.4,5,No,No,2025-04-05 18:01:08.306712
CUST0269,Toys,Puzzle,Jigsaw,313.41,1,No,No,2025-02-18 02:07:34.306712
CUST0423,Home,Chair,Office,374.45,2,Yes,No,2025-03-31 17:58:30.306712
CUST0495,Clothing,Jeans,Slim,370.33,5,No,No,2025-02-14 13:13:03.306712
CUST0658,Electronics,Laptop,Ultrabook,464.97,1,Yes,No,2025-03-27 13:39:35.306712
CUST0251,Home,Lamp,Halogen,753.96,7,No,No,2025-03-21 10:08:26.306712
CUST0456,Home,Lamp,Halogen,533.42,6,No,No,2025-03-09 16:16:35.306712
CUST0282,Toys,Puzzle,Jigsaw,246.48,0,No,No,2025-01-27 21:07:22.306712
CUST0535,Home,Chair,Office,532.2,1,No,No,2025-04-08 23:08:53.306712
CUST0380,Toys,Doll,Action,491.79,1,Yes,No,2025-02-12 06:46:40.306712
CUST0968,Clothing,Jacket,Denim,551.08,3,Yes,Yes,2025-02-25 05:09:19.306712
CUST0690,Home,Chair,Office,761.13,1,Yes,No,2025-01-27 17:37:57.306712
CUST0623,Home,Lamp,Halogen,205.6,3,No,No,2025-03-16 07:57:56.306712
CUST0234,Electronics,Mobile,iOS,237.59,2,No,No,2025-01-27 21:54:49.306712
CUST0599,Electronics,Laptop,Ultrabook,495.7,4,Yes,No,2025-03-26 21:14:35.306712
CUST0892,Toys,Doll,Action,541.55,0,No,No,2025-03-14 13:19:05.306712
CUST0922,Clothing,Jeans,Slim,597.12,4,Yes,No,2025-03-03 03:50:18.306712
CUST0322,Toys,Doll,Action,749.12,3,No,No,2025-04-07 12:45:01.306712
CUST0949,Books,Textbook,Math,593.28,1,No,No,2025-04-08 01:16:18.306712
CUST0538,Books,Novel,Mystery,449.38,2,Yes,No,2025-04-10 14:40:29.306712
CUST0389,Electronics,Headphones,Wireless,304.2,1,Yes,No,2025-02-15 17:58:29.306712
CUST0231,Home,Chair,Office,739.48,2,No,No,2025-01-28 01:56:00.306712
CUST0285,Toys,Car,Electric,639.06,4,No,No,2025-03-17 14:48:14.306712
CUST0202,Home,Lamp,Halogen,592.9,5,Yes,No,2025-03-16 12:19:58.306712
CUST0929,Electronics,Headphones,Wireless,483.33,7,No,No,2025-03-26 11:44:15.306712
CUST0208,Home,Table,Coffee,687.27,6,No,No,2025-02-21 04:45:13.306712
CUST0642,Electronics,Laptop,Gaming,405.8,5,No,No,2025-02-08 20:46:52.306712
CUST0567,Toys,Car,Electric,498.47,2,No,No,2025-03-31 23:29:06.306712
CUST0058,Books,Textbook,Math,532.5,1,No,No,2025-02-06 06:22:34.306712
CUST0263,Clothing,Jacket,Leather,459.37,2,Yes,No,2025-02-04 16:16:21.306712
CUST0707,Books,Novel,Fiction,419.28,7,Yes,No,2025-02-08 07:28:31.306712
CUST0566,Home,Chair,Office,378.56,5,No,No,2025-03-25 17:00:05.306712
CUST0851,Electronics,Mobile,iOS,612.56,1,Yes,No,2025-01-19 10:01:40.306712
CUST0213,Clothing,T-Shirt,V-Neck,596.18,2,No,No,2025-02-27 14:01:56.306712
CUST0101,Toys,Puzzle,3D,639.63,6,Yes,No,2025-01-20 14:25:52.306712
CUST0202,Books,Novel,Mystery,481.2,6,No,No,2025-01-21 14:30:21.306712
CUST0488,Clothing,T-Shirt,Round Neck,492.23,2,Yes,No,2025-03-12 14:19:38.306712
CUST0499,Home,Table,Coffee,716.42,4,Yes,No,2025-04-07 02:48:05.306712
CUST0927,Electronics,Headphones,Wired,526.8,4,Yes,No,2025-02-01 10:06:57.306712
CUST0604,Toys,Doll,Barbie,364.6,5,No,No,2025-02-06 22:49:00.306712
CUST0773,Books,Textbook,Science,743.4,1,No,No,2025-03-02 08:03:18.306712
CUST0647,Clothing,Jeans,Regular,664.2,1,No,No,2025-03-04 10:22:31.306712
CUST0291,Home,Lamp,LED,120.85,4,No,No,2025-02-15 15:07:15.306712
CUST0282,Toys,Car,Remote Control,514.48,3,No,No,2025-03-15 06:42:18.306712
CUST0451,Electronics,Mobile,iOS,658.95,4,No,No,2025-01-14 03:23:17.306712
CUST0327,Toys,Doll,Action,151.42,2,Yes,No,2025-01-29 08:19:27.306712
CUST0184,Electronics,Laptop,Ultrabook,64.92,3,No,No,2025-01-22 16:33:40.306712
CUST0948,Books,Biography,Historical,421.45,3,No,No,2025-02-01 07:18:43.306712
CUST0798,Electronics,Mobile,Android,199.63,4,No,No,2025-02-12 08:01:50.306712
CUST0514,Home,Lamp,Halogen,446.79,6,No,No,2025-01-23 12:00:58.306712
CUST0702,Home,Table,Coffee,367.22,1,Yes,No,2025-03-09 22:44:52.306712
CUST0689,Clothing,Jeans,Slim,421.75,1,No,No,2025-02-01 03:22:14.306712
CUST0785,Books,Novel,Fiction,322.22,0,No,No,2025-03-13 17:53:31.306712
CUST0679,Clothing,Jeans,Regular,424.32,3,No,No,2025-03-17 22:56:43.306712
CUST0610,Books,Textbook,Science,672.82,3,Yes,Yes,2025-02-08 00:41:58.306712
CUST0484,Home,Lamp,LED,327.3,5,No,No,2025-02-12 05:46:30.306712
CUST0342,Home,Table,Study,168.56,3,Yes,Yes,2025-02-23 19:13:04.306712
CUST0577,Books,Biography,Historical,577.72,6,No,No,2025-03-28 12:18:34.306712
CUST0963,Books,Novel,Mystery,849.26,5,Yes,Yes,2025-04-01 16:51:06.306712
CUST0144,Books,Biography,Historical,190.28,4,Yes,No,2025-02-02 03:23:33.306712
CUST0214,Home,Lamp,Halogen,659.0,1,No,No,2025-01-15 19:22:40.306712
CUST0330,Books,Biography,Celebrity,332.63,3,No,No,2025-03-08 16:35:42.306712
CUST0574,Clothing,T-Shirt,V-Neck,692.79,4,Yes,No,2025-01-23 21:08:40.306712
CUST0077,Clothing,T-Shirt,V-Neck,480.56,5,Yes,No,2025-03-24 12:52:07.306712
CUST0608,Books,Novel,Mystery,503.85,2,No,No,2025-03-21 06:53:39.306712
CUST0983,Books,Novel,Mystery,389.16,3,No,No,2025-03-13 09:55:36.306712
CUST0601,Books,Novel,Fiction,297.25,5,No,No,2025-01-18 22:57:30.306712
CUST0655,Home,Lamp,Halogen,457.12,4,No,No,2025-02-25 01:06:20.306712
CUST0946,Home,Chair,Dining,379.92,6,No,No,2025-01-26 13:06:28.306712
CUST0902,Electronics,Laptop,Ultrabook,458.53,5,No,No,2025-04-03 12:59:06.306712
CUST0156,Clothing,Jacket,Denim,401.19,5,No,No,2025-03-10 05:55:27.306712
CUST0205,Toys,Puzzle,3D,383.84,1,No,No,2025-02-06 07:37:17.306712
CUST0336,Toys,Car,Remote Control,525.53,3,Yes,No,2025-04-02 20:40:20.306712
CUST0299,Electronics,Mobile,Android,623.75,3,No,No,2025-04-08 01:08:20.306712
CUST0805,Home,Lamp,Halogen,634.08,4,No,No,2025-03-27 01:28:28.306712
CUST0906,Clothing,T-Shirt,V-Neck,503.32,2,No,No,2025-02-27 23:28:53.306712
CUST0234,Books,Biography,Celebrity,676.8,2,Yes,No,2025-02-01 19:52:15.306712
CUST0694,Home,Lamp,LED,191.08,4,No,No,2025-01-27 03:03:16.306712
CUST0123,Books,Biography,Celebrity,1074.82,3,No,No,2025-04-01 18:28:08.306712
CUST0499,Electronics,Headphones,Wireless,395.24,4,No,No,2025-04-12 03:36:16.306712
CUST0525,Home,Chair,Dining,877.43,4,No,No,2025-01-16 14:57:47.306712
CUST0983,Toys,Doll,Action,735.83,3,No,No,2025-02-09 22:48:57.306712
CUST0589,Home,Table,Coffee,749.73,0,Yes,No,2025-03-25 19:33:24.306712
CUST0078,Toys,Puzzle,Jigsaw,404.6,3,No,No,2025-03-06 03:17:53.306712
CUST0163,Toys,Puzzle,3D,637.37,3,No,No,2025-03-13 17:40:41.306712
CUST0666,Clothing,T-Shirt,V-Neck,479.37,4,No,No,2025-04-02 21:42:39.306712
CUST0284,Books,Biography,Historical,396.19,5,No,No,2025-03-17 15:50:44.306712
CUST0339,Electronics,Mobile,iOS,339.65,2,No,No,2025-02-26 14:12:29.306712
CUST0541,Books,Novel,Mystery,486.48,0,No,No,2025-03-10 07:26:17.306712
CUST0301,Electronics,Headphones,Wired,538.72,3,Yes,Yes,2025-02-04 09:01:32.306712
CUST0331,Books,Novel,Mystery,212.0,1,Yes,No,2025-04-06 13:50:07.306712
CUST0229,Toys,Car,Remote Control,496.27,3,No,No,2025-03-06 04:42:02.306712
CUST0469,Clothing,Jacket,Denim,920.08,4,No,No,2025-04-10 05:36:36.306712
CUST0902,Toys,Puzzle,Jigsaw,50.0,7,No,No,2025-03-29 13:24:13.306712
CUST0152,Clothing,Jeans,Slim,860.21,4,No,No,2025-01-23 07:18:28.306712
CUST0027,Toys,Car,Electric,728.49,4,No,No,2025-03-30 04:28:58.306712
CUST0131,Toys,Doll,Barbie,303.37,2,Yes,No,2025-02-14 07:14:29.306712
CUST0892,Home,Chair,Office,50.0,3,No,No,2025-02-02 02:12:01.306712
CUST0311,Clothing,Jeans,Regular,588.72,1,No,No,2025-02-05 03:04:55.306712
CUST0959,Clothing,Jeans,Slim,161.05,2,No,No,2025-01-26 20:09:44.306712
CUST0899,Books,Novel,Mystery,862.11,2,No,No,2025-01-15 23:26:38.306712
CUST0455,Clothing,Jeans,Slim,621.15,4,No,No,2025-02-25 21:21:00.306712
CUST0450,Books,Novel,Fiction,650.01,4,No,No,2025-03-29 08:43:27.306712
CUST0390,Toys,Puzzle,Jigsaw,218.04,4,Yes,No,2025-03-03 16:54:22.306712
CUST0936,Toys,Car,Electric,492.1,6,No,No,2025-01-29 07:44:48.306712
CUST0775,Clothing,T-Shirt,V-Neck,264.09,4,No,No,2025-03-26 10:01:22.306712
CUST0620,Home,Table,Study,670.37,2,No,No,2025-02-22 19:31:11.306712
CUST0196,Clothing,T-Shirt,V-Neck,280.81,6,No,No,2025-02-28 21:58:25.306712
CUST0262,Toys,Puzzle,3D,427.77,1,No,No,2025-01-15 01:49:24.306712
CUST0008,Books,Biography,Celebrity,219.14,1,No,No,2025-04-06 18:18:20.306712
CUST0103,Home,Lamp,Halogen,383.26,1,Yes,No,2025-04-04 17:28:08.306712
CUST0067,Books,Textbook,Science,543.26,4,No,No,2025-02-04 18:38:48.306712
CUST0719,Electronics,Headphones,Wired,523.31,3,No,No,2025-04-08 13:17:39.306712
CUST0483,Electronics,Laptop,Ultrabook,177.38,1,No,No,2025-01-17 21:55:13.306712
CUST0145,Clothing,T-Shirt,Round Neck,411.05,1,Yes,No,2025-01-25 22:20:35.306712
CUST0532,Clothing,T-Shirt,V-Neck,655.81,4,No,No,2025-03-28 12:27:40.306712
CUST0040,Electronics,Headphones,Wireless,679.02,2,No,No,2025-04-07 14:55:56.306712
CUST0758,Home,Lamp,Halogen,327.13,3,No,No,2025-04-03 10:30:54.306712
CUST0162,Books,Novel,Fiction,684.34,1,No,No,2025-03-04 20:37:36.306712
CUST0989,Clothing,Jacket,Leather,133.75,4,Yes,Yes,2025-04-13 07:30:07.306712
CUST0113,Clothing,T-Shirt,V-Neck,360.98,1,Yes,No,2025-02-02 07:44:08.306712
CUST0314,Books,Textbook,Science,272.24,5,No,No,2025-04-11 18:16:51.306712
CUST0862,Home,Table,Study,369.22,5,Yes,Yes,2025-01-16 00:23:25.306712
CUST0340,Electronics,Laptop,Gaming,658.73,4,No,No,2025-03-25 20:45:41.306712
CUST0893,Clothing,Jeans,Slim,325.5,3,No,No,2025-03-06 21:16:10.306712
CUST0387,Toys,Car,Electric,145.91,2,No,No,2025-01-28 20:46:14.306712
CUST0103,Electronics,Laptop,Gaming,558.81,3,Yes,Yes,2025-01-19 22:45:07.306712
CUST0116,Books,Biography,Celebrity,586.61,3,No,No,2025-04-06 15:09:13.306712
CUST0920,Toys,Doll,Barbie,562.65,2,Yes,No,2025-04-06 16:57:36.306712
CUST0618,Electronics,Laptop,Ultrabook,655.76,7,No,No,2025-02-28 02:11:09.306712
CUST0922,Home,Chair,Dining,214.79,1,Yes,No,2025-03-18 05:39:53.306712
CUST0553,Home,Table,Coffee,736.71,3,Yes,Yes,2025-03-27 04:50:36.306712
CUST0852,Toys,Puzzle,Jigsaw,478.03,4,No,No,2025-02-03 19:14:02.306712
CUST0528,Clothing,T-Shirt,Round Neck,482.35,3,No,No,2025-03-18 12:16:20.306712
CUST0085,Electronics,Headphones,Wired,459.25,4,Yes,Yes,2025-03-14 05:17:23.306712
CUST0108,Clothing,T-Shirt,V-Neck,408.74,0,No,No,2025-01-31 10:24:48.306712
CUST0748,Home,Lamp,Halogen,212.25,5,No,No,2025-03-19 09:35:06.306712
CUST0605,Toys,Car,Remote Control,258.88,3,No,No,2025-03-28 06:52:56.306712
CUST0922,Clothing,Jeans,Regular,269.35,0,No,No,2025-02-18 21:28:51.306712
CUST0678,Clothing,Jacket,Leather,540.58,2,No,No,2025-03-27 03:01:08.306712
CUST0928,Books,Textbook,Math,444.2,4,No,No,2025-03-31 14:48:36.306712
CUST0203,Clothing,T-Shirt,Round Neck,666.16,1,Yes,No,2025-03-16 02:59:54.306712
CUST0035,Clothing,T-Shirt,V-Neck,700.02,2,Yes,No,2025-02-13 19:45:24.306712
CUST0012,Toys,Doll,Action,140.57,3,Yes,No,2025-01-31 17:41:13.306712
CUST0644,Toys,Doll,Action,849.41,6,No,No,2025-02-03 08:48:23.306712
CUST0465,Toys,Doll,Action,281.29,2,No,No,2025-01-24 22:44:25.306712
CUST0763,Home,Table,Study,862.47,3,No,No,2025-02-15 06:03:43.306712
CUST0914,Clothing,Jeans,Regular,416.55,4,No,No,2025-04-01 20:37:17.306712
CUST0893,Books,Textbook,Science,774.16,1,No,No,2025-03-18 21:40:55.306712
CUST0099,Home,Table,Study,875.74,5,No,No,2025-01-19 15:16:37.306712
CUST0801,Home,Lamp,LED,499.2,3,No,No,2025-03-07 06:13:35.306712
CUST0130,Electronics,Mobile,iOS,672.23,4,Yes,No,2025-01-25 04:28:09.306712
CUST0564,Home,Chair,Dining,211.25,5,No,No,2025-02-12 07:38:04.306712
CUST0464,Books,Textbook,Math,456.41,5,No,No,2025-04-07 16:22:57.306712
CUST0996,Toys,Puzzle,3D,371.08,1,No,No,2025-04-03 03:00:08.306712
CUST0964,Toys,Puzzle,Jigsaw,443.74,2,No,No,2025-04-05 01:34:25.306712
CUST0697,Clothing,T-Shirt,Round Neck,476.29,1,Yes,No,2025-03-25 17:10:35.306712
CUST0763,Home,Table,Coffee,703.66,3,No,No,2025-03-09 03:48:51.306712
CUST0881,Toys,Car,Electric,380.81,4,No,No,2025-04-01 04:56:34.306712
CUST0546,Home,Table,Coffee,628.42,1,No,No,2025-03-21 20:37:40.306712
CUST0970,Toys,Puzzle,3D,242.52,2,No,No,2025-01-28 22:06:56.306712
CUST0103,Clothing,Jacket,Leather,530.41,3,Yes,No,2025-03-27 10:24:05.306712
CUST0734,Clothing,Jacket,Denim,577.58,3,No,No,2025-04-06 20:10:28.306712
CUST0208,Home,Chair,Dining,430.91,2,No,No,2025-02-11 07:05:19.306712
CUST0400,Toys,Doll,Action,290.62,6,No,No,2025-02-27 22:43:50.306712
CUST0330,Clothing,Jacket,Denim,645.5,0,No,No,2025-01-13 13:01:33.306712
CUST0077,Home,Table,Study,306.72,5,No,No,2025-02-02 18:38:09.306712
CUST0946,Toys,Car,Electric,469.93,3,Yes,Yes,2025-02-22 08:26:46.306712
CUST0144,Clothing,Jeans,Slim,378.24,3,No,No,2025-03-28 17:49:57.306712
CUST0996,Clothing,Jeans,Slim,354.51,6,Yes,No,2025-02-20 11:17:49.306712
CUST0606,Clothing,T-Shirt,V-Neck,255.92,4,No,No,2025-01-20 08:33:09.306712
CUST0232,Home,Chair,Dining,551.9,4,No,No,2025-01-25 11:54:40.306712
CUST0744,Toys,Car,Electric,503.76,3,No,No,2025-02-02 11:49:23.306712
CUST0455,Clothing,Jacket,Denim,601.66,2,Yes,No,2025-03-28 08:29:33.306712
CUST0336,Electronics,Headphones,Wireless,768.76,4,No,No,2025-03-05 01:20:06.306712
CUST0319,Toys,Puzzle,3D,368.08,7,No,No,2025-02-05 01:13:23.306712
CUST0677,Books,Biography,Historical,535.45,3,No,No,2025-03-07 01:25:40.306712
CUST0761,Toys,Doll,Barbie,570.2,4,Yes,Yes,2025-03-27 17:43:56.306712
CUST0933,Home,Lamp,LED,742.31,0,No,No,2025-02-19 13:09:55.306712
CUST0859,Home,Chair,Dining,551.35,1,Yes,No,2025-02-23 20:38:43.306712
CUST0600,Clothing,Jacket,Denim,648.63,6,Yes,No,2025-02-04 07:38:08.306712
CUST0536,Electronics,Mobile,iOS,317.53,3,Yes,Yes,2025-04-06 00:45:53.306712
CUST0681,Books,Textbook,Science,407.5,2,No,No,2025-02-23 10:46:25.306712
CUST0059,Electronics,Laptop,Ultrabook,329.71,3,No,No,2025-04-11 08:22:43.306712
CUST0258,Toys,Doll,Action,781.9,3,Yes,No,2025-02-06 21:39:16.306712
CUST0366,Electronics,Mobile,Android,354.35,5,No,No,2025-03-23 17:50:06.306712
CUST0826,Books,Novel,Mystery,578.14,3,No,No,2025-02-04 00:04:25.306712
CUST0606,Books,Textbook,Science,743.99,4,No,No,2025-01-23 14:27:32.306712
CUST0800,Books,Textbook,Science,638.94,4,Yes,No,2025-04-08 00:21:56.306712
CUST0948,Books,Novel,Fiction,105.64,3,No,No,2025-03-11 19:48:03.306712
CUST0859,Electronics,Headphones,Wireless,735.36,5,No,No,2025-01-24 21:56:04.306712
CUST0990,Clothing,Jeans,Regular,286.11,4,No,No,2025-04-02 15:57:01.306712
CUST0404,Electronics,Laptop,Ultrabook,262.04,1,No,No,2025-04-06 06:02:55.306712
CUST0472,Toys,Car,Electric,440.2,4,Yes,No,2025-04-02 11:00:13.306712
CUST0825,Books,Textbook,Math,782.97,3,No,No,2025-02-03 11:36:37.306712
CUST0581,Clothing,T-Shirt,V-Neck,513.96,2,No,No,2025-01-23 02:25:56.306712
CUST0300,Books,Novel,Mystery,491.06,0,No,No,2025-04-05 23:31:02.306712
CUST0913,Home,Lamp,Halogen,301.04,6,No,No,2025-02-16 17:18:11.306712
CUST0997,Clothing,Jeans,Regular,466.78,5,Yes,No,2025-02-14 00:22:14.306712
CUST0470,Home,Chair,Office,506.17,5,No,No,2025-03-08 17:32:58.306712
CUST0790,Toys,Car,Remote Control,995.39,6,No,No,2025-03-26 10:10:08.306712
CUST0411,Home,Chair,Dining,333.66,5,No,No,2025-04-06 16:19:57.306712
CUST0092,Home,Lamp,LED,50.0,2,No,No,2025-02-13 05:46:47.306712
CUST0849,Home,Chair,Office,635.37,1,No,No,2025-03-16 14:13:56.306712
CUST0416,Home,Table,Study,283.78,7,No,No,2025-03-16 14:17:12.306712
CUST0191,Books,Novel,Mystery,289.5,2,No,No,2025-04-06 14:46:14.306712
CUST0725,Books,Biography,Celebrity,82.63,2,Yes,No,2025-04-01 18:04:45.306712
CUST0449,Home,Chair,Office,275.63,1,No,No,2025-02-13 20:17:12.306712
CUST0017,Electronics,Mobile,iOS,489.35,1,Yes,No,2025-04-11 17:55:48.306712
CUST0519,Toys,Doll,Barbie,854.19,3,Yes,Yes,2025-03-22 01:09:05.306712
CUST0078,Clothing,T-Shirt,Round Neck,786.33,3,Yes,No,2025-04-12 07:36:04.306712
CUST0898,Books,Biography,Historical,364.79,2,No,No,2025-03-24 00:20:31.306712
CUST0349,Toys,Doll,Action,642.53,3,No,No,2025-01-26 10:11:22.306712
CUST0944,Books,Novel,Mystery,390.13,1,No,No,2025-03-14 01:34:27.306712
CUST0584,Electronics,Laptop,Gaming,155.4,3,No,No,2025-02-25 11:23:08.306712
CUST0846,Electronics,Mobile,Android,356.0,5,Yes,No,2025-02-09 02:10:29.306712
CUST0027,Books,Novel,Fiction,388.32,4,Yes,Yes,2025-02-04 10:25:48.306712
CUST0451,Clothing,T-Shirt,Round Neck,462.2,6,No,No,2025-02-11 07:46:48.306712
CUST0250,Electronics,Headphones,Wired,532.14,2,No,No,2025-04-04 20:43:19.306712
CUST0450,Books,Textbook,Math,389.19,1,No,No,2025-02-22 12:59:07.306712
CUST0191,Toys,Car,Remote Control,535.65,2,Yes,No,2025-03-15 09:48:44.306712
CUST0590,Books,Textbook,Science,523.76,1,No,No,2025-03-23 03:02:21.306712
CUST0816,Home,Lamp,Halogen,661.92,4,No,No,2025-02-18 10:53:48.306712
CUST0374,Clothing,Jeans,Regular,786.01,4,No,No,2025-01-20 23:43:09.306712
CUST0982,Clothing,Jeans,Slim,540.21,2,No,No,2025-03-31 17:59:03.306712
CUST0552,Toys,Puzzle,Jigsaw,529.25,5,No,No,2025-04-12 14:05:02.306712
CUST0804,Toys,Car,Remote Control,618.26,3,No,No,2025-03-06 11:40:51.306712
CUST0322,Electronics,Headphones,Wireless,509.74,4,No,No,2025-03-24 10:10:16.306712
CUST0357,Toys,Puzzle,3D,728.38,6,No,No,2025-02-08 15:19:41.306712
CUST0589,Electronics,Laptop,Ultrabook,812.79,0,No,No,2025-03-02 18:36:20.306712
CUST0606,Books,Novel,Fiction,333.95,6,No,No,2025-01-15 15:44:02.306712
CUST0574,Books,Textbook,Math,268.9,5,Yes,No,2025-02-28 18:49:19.306712
CUST0889,Clothing,T-Shirt,V-Neck,50.0,7,No,No,2025-01-19 20:37:28.306712
CUST0978,Home,Table,Study,487.04,2,No,No,2025-04-10 13:15:56.306712
CUST0746,Electronics,Headphones,Wired,541.04,1,No,No,2025-02-24 08:06:31.306712
CUST0722,Clothing,Jeans,Slim,684.82,3,Yes,No,2025-02-12 14:08:49.306712
CUST0552,Home,Lamp,LED,800.54,2,No,No,2025-03-09 20:03:57.306712
CUST0818,Toys,Doll,Barbie,555.4,4,No,No,2025-03-28 21:48:39.306712
CUST0553,Toys,Doll,Barbie,840.75,2,No,No,2025-03-13 16:39:35.306712
CUST0055,Home,Table,Coffee,179.96,2,No,No,2025-03-29 17:11:58.306712
CUST0073,Toys,Puzzle,3D,641.3,1,No,No,2025-03-25 10:06:41.306712
CUST0166,Clothing,T-Shirt,Round Neck,391.54,3,No,No,2025-04-04 15:36:57.306712
CUST0186,Electronics,Headphones,Wired,50.0,7,No,No,2025-03-25 06:07:09.306712
CUST0123,Home,Chair,Office,677.21,6,No,No,2025-02-21 16:33:14.306712
CUST0588,Books,Biography,Celebrity,558.84,4,No,No,2025-03-22 02:57:59.306712
CUST0486,Clothing,Jeans,Slim,402.6,4,Yes,Yes,2025-02-16 23:46:39.306712
CUST0182,Books,Biography,Celebrity,560.78,1,Yes,No,2025-01-22 07:37:43.306712
CUST0189,Home,Lamp,LED,338.73,6,No,No,2025-02-04 12:18:42.306712
CUST0360,Electronics,Laptop,Ultrabook,651.75,1,No,No,2025-03-27 12:03:31.306712
CUST0097,Toys,Doll,Barbie,583.46,6,No,No,2025-04-08 21:07:20.306712
CUST0621,Electronics,Headphones,Wireless,434.84,5,No,No,2025-03-20 19:01:54.306712
CUST0383,Electronics,Mobile,Android,665.85,3,No,No,2025-03-05 21:08:35.306712
CUST0013,Electronics,Laptop,Ultrabook,530.97,4,No,No,2025-02-12 05:50:54.306712
CUST0029,Toys,Car,Remote Control,549.04,3,No,No,2025-04-06 22:39:09.306712
CUST0072,Clothing,T-Shirt,V-Neck,332.68,3,No,No,2025-01-31 03:47:44.306712
CUST0549,Clothing,Jeans,Slim,660.88,3,Yes,No,2025-04-12 02:44:53.306712
CUST0159,Toys,Doll,Barbie,716.84,1,No,No,2025-04-10 01:24:00.306712
CUST0452,Clothing,Jacket,Leather,727.86,7,No,No,2025-04-02 13:48:06.306712
CUST0839,Books,Novel,Fiction,309.41,4,Yes,No,2025-04-09 17:56:09.306712
CUST0982,Electronics,Laptop,Ultrabook,920.2,0,No,No,2025-01-23 23:20:08.306712
CUST0358,Clothing,Jacket,Leather,148.14,2,No,No,2025-04-10 21:53:28.306712
CUST0103,Books,Novel,Fiction,208.57,2,No,No,2025-03-14 01:02:31.306712
CUST0943,Home,Lamp,Halogen,467.71,4,Yes,No,2025-01-24 19:23:26.306712
CUST0685,Toys,Puzzle,3D,519.62,4,No,No,2025-02-06 09:56:28.306712
CUST0375,Clothing,T-Shirt,V-Neck,705.77,2,Yes,No,2025-01-31 19:03:58.306712
CUST0814,Books,Novel,Mystery,387.01,2,No,No,2025-01-19 04:48:22.306712
CUST0939,Books,Textbook,Math,625.83,0,Yes,No,2025-04-05 19:39:32.306712
CUST0533,Electronics,Headphones,Wired,459.22,4,No,No,2025-04-12 01:00:22.306712
CUST0540,Toys,Car,Remote Control,643.18,3,Yes,No,2025-03-16 22:57:47.306712
CUST0206,Home,Lamp,LED,925.83,1,No,No,2025-02-25 23:53:42.306712
CUST0782,Clothing,Jeans,Regular,529.26,0,No,No,2025-02-21 18:08:41.306712
CUST0446,Books,Novel,Mystery,462.32,3,Yes,Yes,2025-01-23 15:16:54.306712
CUST0330,Toys,Doll,Action,583.13,2,Yes,No,2025-02-12 04:59:41.306712
CUST0510,Home,Table,Coffee,545.13,3,Yes,No,2025-01-17 13:12:46.306712
CUST0193,Electronics,Laptop,Gaming,464.33,2,No,No,2025-03-16 17:40:57.306712
CUST0322,Electronics,Headphones,Wireless,504.05,3,Yes,Yes,2025-02-11 22:07:01.306712
CUST0395,Clothing,Jeans,Slim,193.56,4,Yes,No,2025-03-20 22:25:22.306712
CUST0895,Books,Textbook,Math,499.43,4,Yes,No,2025-03-20 15:21:27.306712
CUST0716,Electronics,Mobile,Android,426.29,3,Yes,Yes,2025-01-31 12:55:36.306712
CUST0914,Clothing,Jacket,Denim,404.8,0,No,No,2025-01-20 14:13:09.306712
CUST0732,Clothing,Jeans,Slim,480.44,4,No,No,2025-03-09 23:04:01.306712
CUST0656,Toys,Puzzle,Jigsaw,299.13,1,Yes,No,2025-04-13 00:49:07.306712
CUST0391,Clothing,Jacket,Leather,418.22,6,No,No,2025-04-13 06:00:20.306712
CUST0298,Electronics,Mobile,iOS,571.19,6,Yes,No,2025-02-20 08:46:17.306712
CUST0847,Clothing,Jeans,Regular,957.95,5,No,No,2025-01-17 20:29:34.306712
CUST0160,Clothing,Jacket,Leather,570.4,2,Yes,No,2025-03-14 21:00:59.306712
CUST0685,Home,Lamp,Halogen,457.26,4,Yes,Yes,2025-04-08 19:40:37.306712
CUST0670,Home,Lamp,LED,537.39,3,Yes,Yes,2025-02-22 16:03:09.306712
CUST0387,Home,Chair,Dining,756.4,0,No,No,2025-02-07 02:43:34.306712
CUST0615,Electronics,Headphones,Wired,560.38,3,No,No,2025-01-17 13:36:05.306712
CUST0713,Books,Novel,Fiction,434.87,2,No,No,2025-01-20 08:32:08.306712
CUST0653,Electronics,Mobile,Android,260.57,2,No,No,2025-04-11 02:31:12.306712
CUST0811,Books,Novel,Fiction,834.6,4,Yes,No,2025-01-29 18:11:40.306712
CUST0967,Home,Table,Study,194.98,4,No,No,2025-02-10 03:50:59.306712
CUST0550,Home,Lamp,Halogen,526.63,3,No,No,2025-01-24 01:00:24.306712
CUST0780,Electronics,Laptop,Gaming,507.44,2,Yes,No,2025-01-21 21:46:07.306712
CUST0569,Books,Novel,Fiction,222.66,8,No,No,2025-03-04 19:45:18.306712
CUST0037,Books,Biography,Historical,559.75,6,No,No,2025-01-24 07:47:53.306712
CUST0235,Electronics,Laptop,Gaming,208.86,3,No,No,2025-01-21 15:01:21.306712
CUST0781,Electronics,Mobile,iOS,219.41,2,No,No,2025-03-14 06:00:12.306712
CUST0380,Books,Textbook,Math,758.34,0,No,No,2025-02-25 10:11:31.306712
CUST0612,Electronics,Headphones,Wireless,649.6,1,Yes,No,2025-03-29 03:03:05.306712
CUST0216,Home,Chair,Office,254.24,4,Yes,No,2025-02-15 15:35:57.306712
CUST0881,Home,Chair,Dining,480.02,3,No,No,2025-02-27 08:49:21.306712
CUST0206,Electronics,Laptop,Ultrabook,717.01,1,Yes,No,2025-01-28 08:56:42.306712
CUST0970,Home,Table,Coffee,493.16,2,No,No,2025-02-04 09:02:20.306712
CUST0189,Clothing,Jeans,Regular,361.02,1,No,No,2025-01-15 23:10:39.306712
CUST0893,Books,Novel,Fiction,555.2,3,No,No,2025-03-12 22:10:17.306712
CUST0542,Home,Table,Coffee,917.45,1,No,No,2025-01-27 10:15:46.306712
CUST0561,Home,Chair,Office,766.16,3,No,No,2025-03-20 23:48:53.306712
CUST0067,Books,Textbook,Math,432.13,5,Yes,No,2025-01-30 00:07:59.306712
CUST0742,Home,Lamp,LED,896.65,4,No,No,2025-01-27 10:32:58.306712
CUST0924,Electronics,Headphones,Wireless,339.92,2,No,No,2025-01-14 01:57:13.306712
CUST0391,Electronics,Headphones,Wireless,822.67,6,No,No,2025-04-02 12:16:28.306712
CUST0397,Toys,Puzzle,Jigsaw,678.71,3,Yes,No,2025-01-16 22:12:45.306712
CUST0578,Toys,Puzzle,Jigsaw,532.4,2,No,No,2025-03-17 12:09:41.306712
CUST0844,Books,Textbook,Science,443.73,5,No,No,2025-02-09 22:24:04.306712
CUST0703,Toys,Doll,Action,517.1,2,Yes,No,2025-04-11 21:13:02.306712
CUST0767,Clothing,Jacket,Denim,462.19,1,No,No,2025-03-13 23:40:59.306712
CUST0257,Home,Table,Study,506.01,0,No,No,2025-03-01 00:39:13.306712
CUST0942,Clothing,Jeans,Regular,250.9,3,No,No,2025-02-04 05:47:11.306712
CUST0148,Home,Table,Coffee,396.27,3,No,No,2025-02-20 05:21:36.306712
CUST0264,Clothing,Jeans,Slim,603.4,4,No,No,2025-02-24 10:13:15.306712
CUST0825,Home,Chair,Office,339.63,0,No,No,2025-02-27 03:55:16.306712
CUST0421,Toys,Puzzle,3D,608.61,4,No,No,2025-01-25 15:31:46.306712
CUST0861,Home,Chair,Dining,422.08,5,No,No,2025-02-23 09:31:50.306712
CUST0905,Books,Biography,Celebrity,646.39,2,No,No,2025-02-25 14:32:50.306712
CUST0976,Books,Biography,Celebrity,660.33,3,No,No,2025-02-15 07:20:09.306712
CUST0334,Books,Novel,Fiction,628.75,3,No,No,2025-02-06 09:26:24.306712
CUST0223,Clothing,Jacket,Leather,631.19,2,No,No,2025-04-08 07:51:06.306712
CUST0747,Toys,Doll,Action,499.69,1,No,No,2025-03-07 17:36:48.306712
CUST0884,Books,Biography,Celebrity,175.68,1,No,No,2025-02-03 05:43:29.306712
CUST0403,Clothing,Jeans,Slim,548.77,3,Yes,No,2025-02-26 10:11:00.306712
CUST0308,Toys,Doll,Barbie,446.54,2,Yes,No,2025-02-01 20:51:37.306712
CUST0223,Home,Table,Coffee,690.56,3,No,No,2025-03-18 13:18:04.306712
CUST0394,Toys,Doll,Barbie,474.0,3,No,No,2025-02-25 12:25:15.306712
CUST0025,Clothing,Jeans,Slim,508.34,6,No,No,2025-02-09 01:05:01.306712
CUST0764,Toys,Puzzle,3D,280.67,2,No,No,2025-03-10 08:12:36.306712
CUST0801,Clothing,T-Shirt,V-Neck,255.48,3,Yes,Yes,2025-02-06 08:43:15.306712
CUST0889,Clothing,Jeans,Regular,600.25,2,No,No,2025-03-13 18:26:21.306712
CUST0956,Toys,Car,Electric,607.3,8,No,No,2025-03-20 03:50:14.306712
CUST0100,Electronics,Mobile,Android,354.51,1,No,No,2025-01-14 08:24:05.306712
CUST0943,Electronics,Laptop,Gaming,743.51,8,No,No,2025-02-12 22:13:46.306712
CUST0954,Home,Chair,Office,502.8,2,No,No,2025-02-03 04:33:19.306712
CUST0315,Electronics,Laptop,Ultrabook,924.26,3,No,No,2025-03-11 03:44:07.306712
CUST0927,Books,Biography,Celebrity,696.86,6,No,No,2025-03-22 19:42:58.306712
CUST0180,Home,Lamp,LED,221.91,1,Yes,No,2025-04-01 09:46:48.306712
CUST0576,Clothing,T-Shirt,Round Neck,369.29,4,No,No,2025-02-22 19:39:18.306712
CUST0122,Toys,Car,Remote Control,472.07,4,No,No,2025-01-28 21:01:19.306712
CUST0576,Toys,Car,Remote Control,521.22,5,Yes,No,2025-02-09 19:31:33.306712
CUST0707,Clothing,T-Shirt,Round Neck,340.65,1,No,No,2025-04-11 18:45:22.306712
CUST0456,Electronics,Mobile,Android,716.07,0,No,No,2025-04-08 23:17:26.306712
CUST0391,Books,Biography,Celebrity,430.01,2,Yes,No,2025-01-30 01:23:51.306712
CUST0786,Electronics,Headphones,Wired,564.27,2,Yes,No,2025-02-25 07:39:30.306712
CUST0599,Toys,Puzzle,3D,565.28,3,No,No,2025-04-10 07:20:42.306712
CUST0021,Books,Textbook,Science,587.19,6,No,No,2025-04-09 11:48:30.306712
CUST0348,Electronics,Laptop,Gaming,633.48,0,Yes,No,2025-01-30 17:11:25.306712
CUST0139,Toys,Doll,Action,523.57,3,No,No,2025-04-12 12:25:00.306712
CUST0154,Electronics,Headphones,Wireless,292.01,2,No,No,2025-03-16 02:02:53.306712
CUST0329,Home,Table,Coffee,652.22,3,No,No,2025-02-16 22:44:25.306712
CUST0618,Books,Novel,Mystery,467.52,3,No,No,2025-01-29 22:08:26.306712
CUST0374,Home,Chair,Dining,537.82,4,Yes,No,2025-04-11 07:19:36.306712
CUST0938,Electronics,Laptop,Ultrabook,419.02,3,Yes,No,2025-01-18 13:23:47.306712
CUST0665,Clothing,Jacket,Denim,569.02,6,Yes,Yes,2025-02-24 13:02:52.306712
CUST0346,Electronics,Laptop,Ultrabook,313.6,0,No,No,2025-03-18 12:44:23.306712
CUST0083,Home,Table,Coffee,396.12,0,No,No,2025-01-26 04:38:17.306712
CUST0893,Toys,Puzzle,Jigsaw,826.38,5,No,No,2025-02-11 21:34:06.306712
CUST0390,Clothing,Jeans,Regular,423.48,1,Yes,No,2025-02-20 05:13:58.306712
CUST0037,Home,Table,Study,158.62,3,Yes,Yes,2025-04-01 11:40:04.306712
CUST0525,Books,Biography,Celebrity,564.25,7,Yes,Yes,2025-02-16 02:59:51.306712
CUST0737,Home,Table,Coffee,352.42,1,Yes,No,2025-03-01 23:15:33.306712
CUST0289,Home,Chair,Dining,607.84,3,Yes,No,2025-01-21 17:47:21.306712
CUST0825,Home,Table,Coffee,433.37,2,No,No,2025-01-15 17:48:47.306712
CUST0831,Clothing,T-Shirt,Round Neck,422.46,2,Yes,No,2025-01-20 17:36:02.306712
CUST0182,Home,Chair,Office,434.98,1,No,No,2025-03-10 00:50:45.306712
CUST0821,Clothing,T-Shirt,Round Neck,536.15,1,Yes,No,2025-01-14 10:40:37.306712
CUST0741,Electronics,Headphones,Wired,351.81,2,Yes,No,2025-04-07 23:49:14.306712
CUST0931,Toys,Puzzle,Jigsaw,389.69,5,Yes,No,2025-04-08 02:35:35.306712
CUST0993,Books,Textbook,Science,510.59,6,No,No,2025-03-30 20:01:17.306712
CUST0681,Electronics,Headphones,Wireless,420.33,1,No,No,2025-01-18 23:04:45.306712
CUST0722,Clothing,T-Shirt,Round Neck,176.43,3,No,No,2025-01-31 12:37:21.306712
CUST0094,Electronics,Mobile,iOS,788.91,3,No,No,2025-03-31 08:44:48.306712
CUST0703,Clothing,T-Shirt,Round Neck,815.67,1,Yes,No,2025-03-24 02:53:04.306712
CUST0082,Books,Biography,Historical,373.03,2,Yes,No,2025-02-28 17:27:54.306712
CUST0838,Clothing,Jacket,Denim,970.17,3,No,No,2025-03-13 07:01:15.306712
CUST0724,Clothing,Jeans,Regular,789.4,3,No,No,2025-03-25 12:52:16.306712
CUST0693,Toys,Puzzle,3D,754.38,10,No,No,2025-01-31 11:06:54.306712
CUST0520,Electronics,Mobile,Android,492.33,5,Yes,No,2025-02-08 01:38:45.306712
CUST0148,Toys,Car,Electric,750.41,3,No,No,2025-03-22 11:14:35.306712
CUST0127,Electronics,Mobile,Android,316.8,4,Yes,No,2025-03-27 22:28:35.306712
CUST0234,Clothing,Jeans,Regular,489.58,6,No,No,2025-03-12 21:55:27.306712
CUST0423,Toys,Car,Remote Control,214.53,4,Yes,Yes,2025-02-06 20:57:26.306712
CUST0845,Home,Table,Coffee,605.71,2,No,No,2025-03-06 00:28:30.306712
CUST0008,Home,Lamp,LED,640.48,1,No,No,2025-01-19 18:51:18.306712
CUST0064,Electronics,Laptop,Ultrabook,347.15,3,No,No,2025-04-11 03:37:48.306712
CUST0751,Electronics,Headphones,Wired,286.04,4,No,No,2025-01-21 06:30:09.306712
CUST0691,Books,Novel,Fiction,631.66,2,Yes,No,2025-02-13 10:07:23.306712
CUST0603,Home,Table,Coffee,529.81,2,No,No,2025-03-09 18:32:12.306712
CUST0269,Home,Lamp,Halogen,436.26,4,Yes,No,2025-03-01 03:43:43.306712
CUST0380,Books,Biography,Celebrity,323.59,3,Yes,Yes,2025-03-26 20:06:22.306712
CUST0195,Clothing,Jacket,Leather,697.05,2,Yes,No,2025-01-17 15:41:56.306712
CUST0708,Home,Lamp,Halogen,452.64,7,Yes,No,2025-02-14 00:02:01.306712
CUST0946,Books,Biography,Celebrity,642.66,0,Yes,No,2025-02-26 09:50:57.306712
CUST0157,Clothing,Jacket,Denim,366.59,4,No,No,2025-02-23 05:56:03.306712
CUST0973,Electronics,Mobile,iOS,317.09,6,Yes,Yes,2025-04-08 00:01:57.306712
CUST0648,Clothing,Jeans,Regular,496.83,5,No,No,2025-01-14 20:42:29.306712
CUST0445,Clothing,T-Shirt,Round Neck,556.4,0,No,No,2025-02-03 13:50:02.306712
CUST0098,Electronics,Laptop,Ultrabook,715.77,3,No,No,2025-01-28 01:29:37.306712
CUST0278,Home,Chair,Office,68.15,1,No,No,2025-03-02 19:02:49.306712
CUST0402,Clothing,Jeans,Regular,349.8,1,Yes,No,2025-02-04 14:52:22.306712
CUST0195,Books,Textbook,Science,623.93,1,No,No,2025-02-24 12:49:48.306712
CUST0446,Clothing,Jeans,Slim,476.23,6,No,No,2025-02-16 19:36:44.306712
CUST0985,Electronics,Mobile,iOS,600.23,4,No,No,2025-03-23 01:21:26.306712
CUST0489,Toys,Doll,Barbie,503.38,1,No,No,2025-02-05 08:08:48.306712
CUST0532,Books,Novel,Mystery,570.95,8,No,No,2025-03-02 03:09:56.306712
CUST0014,Home,Table,Coffee,428.15,3,Yes,Yes,2025-02-12 15:58:48.306712
CUST0701,Toys,Doll,Barbie,383.97,4,Yes,No,2025-03-05 22:20:41.306712
CUST0289,Home,Table,Study,419.47,0,No,No,2025-04-01 20:56:16.306712
CUST0706,Clothing,Jeans,Regular,398.59,1,No,No,2025-01-19 15:17:37.306712
CUST0019,Books,Biography,Celebrity,323.05,3,Yes,Yes,2025-02-14 04:18:16.306712
CUST0705,Clothing,Jeans,Regular,530.21,1,No,No,2025-03-30 21:35:35.306712
CUST0288,Toys,Doll,Action,552.31,3,No,No,2025-03-22 07:25:39.306712
CUST0200,Clothing,Jeans,Slim,98.84,6,No,No,2025-03-23 06:12:21.306712
CUST0608,Toys,Puzzle,Jigsaw,742.01,4,No,No,2025-03-01 22:41:39.306712
CUST0577,Books,Novel,Mystery,438.72,1,No,No,2025-03-04 02:49:34.306712
CUST0902,Electronics,Laptop,Gaming,516.74,3,Yes,No,2025-01-21 09:39:45.306712
CUST0542,Books,Biography,Celebrity,430.22,2,No,No,2025-01-20 00:08:58.306712
CUST0461,Books,Novel,Mystery,659.09,3,No,No,2025-03-23 15:04:00.306712
CUST0147,Home,Chair,Dining,505.83,3,No,No,2025-02-06 10:47:17.306712
CUST0229,Electronics,Laptop,Ultrabook,333.12,4,No,No,2025-04-03 14:12:39.306712
CUST0636,Books,Textbook,Math,487.5,3,No,No,2025-03-30 14:19:07.306712
CUST0280,Home,Lamp,Halogen,651.53,2,Yes,No,2025-03-13 05:25:14.306712
CUST0905,Toys,Puzzle,Jigsaw,583.59,3,No,No,2025-04-13 04:36:01.306712
CUST0612,Toys,Puzzle,3D,207.38,5,No,No,2025-03-25 17:11:39.306712
CUST0063,Clothing,Jacket,Denim,548.72,4,No,No,2025-02-06 14:36:41.306712
CUST0810,Books,Biography,Historical,832.17,3,Yes,Yes,2025-02-02 08:06:56.306712
CUST0148,Home,Chair,Office,412.54,1,Yes,No,2025-03-17 18:37:17.306712
CUST0660,Books,Novel,Mystery,470.98,5,No,No,2025-02-27 15:35:22.306712
CUST0795,Clothing,Jeans,Regular,486.61,3,Yes,No,2025-03-12 03:57:40.306712
CUST0455,Home,Chair,Dining,610.98,2,Yes,No,2025-02-26 18:37:36.306712
CUST0283,Clothing,Jacket,Denim,629.32,7,No,No,2025-02-10 03:44:50.306712
CUST0167,Toys,Puzzle,3D,551.27,3,No,No,2025-01-15 03:42:46.306712
CUST0127,Electronics,Laptop,Ultrabook,616.75,7,No,No,2025-02-18 07:37:10.306712
CUST0146,Home,Table,Study,664.82,1,Yes,No,2025-03-07 22:05:27.306712
CUST0027,Books,Textbook,Science,560.63,1,No,No,2025-02-20 21:52:17.306712
CUST0183,Home,Table,Coffee,844.45,4,Yes,No,2025-02-13 23:12:34.306712
CUST0580,Toys,Puzzle,Jigsaw,797.23,3,No,No,2025-03-24 16:23:37.306712
CUST0735,Clothing,Jeans,Slim,882.78,4,No,No,2025-04-13 12:08:56.306712
CUST0070,Clothing,T-Shirt,Round Neck,414.05,8,No,No,2025-03-05 06:22:08.306712
CUST0168,Clothing,T-Shirt,V-Neck,478.43,5,No,No,2025-02-17 04:15:39.306712
CUST0347,Electronics,Laptop,Ultrabook,420.51,3,No,No,2025-03-27 09:48:39.306712
CUST0072,Books,Biography,Historical,785.89,2,No,No,2025-03-05 10:47:36.306712
CUST0427,Books,Textbook,Math,527.7,5,No,No,2025-03-07 17:21:42.306712
CUST0843,Electronics,Mobile,iOS,665.32,3,No,No,2025-01-28 22:50:22.306712
CUST0119,Home,Chair,Office,774.96,2,Yes,No,2025-01-18 23:53:22.306712
CUST0661,Toys,Puzzle,Jigsaw,462.86,3,Yes,No,2025-03-22 05:00:00.306712
CUST0231,Books,Novel,Fiction,186.59,3,No,No,2025-02-03 18:30:39.306712
CUST0777,Clothing,T-Shirt,Round Neck,726.82,4,No,No,2025-03-03 02:38:48.306712
CUST0328,Home,Lamp,Halogen,693.51,2,Yes,No,2025-01-15 09:04:15.306712
CUST0523,Home,Lamp,LED,327.75,5,No,No,2025-03-19 12:34:51.306712
CUST0732,Books,Textbook,Math,150.36,4,No,No,2025-01-17 09:42:42.306712
CUST0205,Toys,Puzzle,Jigsaw,773.82,4,No,No,2025-02-04 18:59:22.306712
CUST0597,Books,Novel,Mystery,421.17,2,Yes,No,2025-03-22 15:34:15.306712
CUST0083,Toys,Doll,Barbie,578.26,1,No,No,2025-02-21 01:42:06.306712
CUST0218,Clothing,Jacket,Leather,369.08,3,Yes,No,2025-03-26 18:26:21.306712
CUST0638,Home,Lamp,Halogen,773.53,7,Yes,No,2025-01-29 00:42:37.306712
CUST0855,Clothing,Jacket,Denim,447.91,2,No,No,2025-02-14 23:36:36.306712
CUST0201,Home,Lamp,Halogen,500.16,2,No,No,2025-01-25 01:52:57.306712
CUST0667,Home,Lamp,LED,612.05,2,No,No,2025-02-25 18:23:36.306712
CUST0618,Toys,Doll,Barbie,591.98,3,Yes,Yes,2025-01-17 13:16:37.306712
CUST0397,Electronics,Headphones,Wireless,285.73,4,No,No,2025-02-01 22:34:05.306712
CUST0778,Toys,Car,Remote Control,783.33,4,No,No,2025-04-04 09:04:07.306712
CUST0707,Clothing,Jacket,Denim,670.19,3,No,No,2025-02-17 13:14:57.306712
CUST0475,Electronics,Headphones,Wireless,213.86,3,No,No,2025-03-09 13:03:00.306712
CUST0912,Home,Chair,Office,521.04,2,No,No,2025-02-12 14:19:29.306712
CUST0013,Clothing,T-Shirt,V-Neck,623.52,1,Yes,No,2025-02-02 13:02:18.306712
CUST0512,Books,Textbook,Science,744.47,3,Yes,Yes,2025-02-20 10:43:32.306712
CUST0617,Clothing,Jeans,Regular,438.13,4,No,No,2025-03-08 23:01:48.306712
CUST0612,Home,Table,Coffee,680.32,2,No,No,2025-01-21 01:11:44.306712
CUST0632,Electronics,Mobile,Android,446.9,2,No,No,2025-03-14 15:13:16.306712
CUST0052,Electronics,Laptop,Gaming,318.93,3,No,No,2025-02-11 23:17:01.306712
CUST0456,Books,Textbook,Math,615.61,3,Yes,Yes,2025-02-18 05:49:12.306712
CUST0221,Clothing,Jeans,Regular,171.98,2,Yes,No,2025-01-20 21:31:35.306712
CUST0287,Books,Textbook,Math,669.9,1,No,No,2025-02-11 09:21:25.306712
CUST0789,Electronics,Mobile,iOS,326.65,4,No,No,2025-01-27 06:42:31.306712
CUST0270,Books,Novel,Fiction,277.88,6,Yes,No,2025-03-26 18:27:16.306712
CUST0976,Electronics,Laptop,Gaming,402.42,4,No,No,2025-01-14 21:37:33.306712
CUST0116,Electronics,Headphones,Wireless,554.6,0,Yes,No,2025-02-26 16:59:55.306712
CUST0891,Toys,Car,Remote Control,548.49,0,No,No,2025-02-08 17:30:11.306712
CUST0024,Toys,Doll,Barbie,369.09,0,Yes,No,2025-03-25 12:34:00.306712
CUST0709,Clothing,T-Shirt,Round Neck,564.47,1,Yes,No,2025-02-21 02:32:05.306712
CUST0695,Books,Novel,Fiction,555.68,1,Yes,No,2025-03-02 19:16:57.306712
CUST0443,Books,Biography,Historical,722.47,4,Yes,No,2025-03-10 12:09:06.306712
CUST0919,Electronics,Headphones,Wireless,939.84,6,No,No,2025-03-29 05:20:38.306712
CUST0898,Home,Table,Study,672.67,8,No,No,2025-03-24 07:17:32.306712
CUST0491,Clothing,Jeans,Slim,498.68,1,No,No,2025-03-19 16:18:37.306712
CUST0279,Clothing,T-Shirt,V-Neck,746.07,4,Yes,No,2025-03-17 15:14:10.306712
CUST0046,Toys,Doll,Action,850.28,3,Yes,No,2025-03-23 23:35:57.306712
CUST0869,Electronics,Laptop,Ultrabook,483.07,3,No,No,2025-01-22 02:13:34.306712
CUST0613,Home,Lamp,Halogen,401.47,4,No,No,2025-03-07 09:11:25.306712
CUST0168,Home,Table,Study,836.79,4,Yes,No,2025-03-07 00:16:49.306712
CUST0150,Home,Table,Study,420.19,5,Yes,Yes,2025-03-10 20:11:36.306712
CUST0412,Home,Lamp,Halogen,580.09,4,No,No,2025-03-29 00:10:17.306712
CUST0300,Clothing,Jacket,Denim,156.36,5,No,No,2025-03-20 02:43:19.306712
CUST0556,Books,Biography,Celebrity,405.6,3,No,No,2025-01-21 21:38:04.306712
CUST0617,Home,Chair,Dining,656.25,2,Yes,No,2025-04-13 06:57:12.306712
CUST0368,Books,Biography,Historical,728.82,1,Yes,No,2025-04-09 21:26:54.306712
CUST0044,Home,Table,Coffee,720.63,2,No,No,2025-03-12 15:29:22.306712
CUST0350,Toys,Car,Electric,493.6,4,Yes,No,2025-03-10 05:00:09.306712
CUST0143,Clothing,Jacket,Denim,378.99,3,No,No,2025-01-21 10:40:40.306712
CUST0844,Books,Novel,Fiction,387.68,2,No,No,2025-03-04 22:53:06.306712
CUST0107,Toys,Puzzle,3D,684.08,0,Yes,No,2025-03-07 22:50:24.306712
CUST0681,Clothing,Jacket,Leather,458.34,2,No,No,2025-03-20 22:03:44.306712
CUST0727,Home,Lamp,LED,346.08,3,No,No,2025-02-14 02:38:32.306712
CUST0750,Home,Table,Study,294.77,3,Yes,No,2025-04-03 01:27:04.306712
CUST0403,Clothing,Jacket,Denim,681.29,1,Yes,No,2025-03-27 07:25:26.306712
CUST0418,Electronics,Mobile,iOS,887.51,2,No,No,2025-01-28 15:00:43.306712
CUST0855,Clothing,Jacket,Leather,809.78,3,No,No,2025-04-10 05:28:13.306712
CUST0813,Toys,Puzzle,3D,797.23,1,Yes,No,2025-01-27 12:34:29.306712
CUST0938,Electronics,Headphones,Wired,640.76,3,Yes,Yes,2025-02-21 22:31:47.306712
CUST0311,Clothing,Jacket,Leather,426.43,1,No,No,2025-04-02 14:06:40.306712
CUST0196,Electronics,Mobile,Android,377.16,4,Yes,Yes,2025-02-02 14:45:02.306712
CUST0191,Electronics,Mobile,iOS,169.41,7,Yes,Yes,2025-01-25 01:22:56.306712
CUST0433,Home,Table,Study,484.07,6,No,No,2025-01-14 12:49:41.306712
CUST0715,Toys,Doll,Action,546.03,3,No,No,2025-02-20 03:43:07.306712
CUST0384,Clothing,Jeans,Regular,737.86,8,Yes,No,2025-04-12 18:55:19.306712
CUST0490,Toys,Car,Electric,766.69,5,No,No,2025-03-20 10:39:36.306712
CUST0504,Electronics,Laptop,Ultrabook,437.93,4,No,No,2025-02-16 15:14:57.306712
CUST0032,Home,Table,Study,670.57,5,Yes,No,2025-02-19 18:24:59.306712
CUST0771,Toys,Puzzle,3D,641.42,1,No,No,2025-03-21 08:44:08.306712
CUST0602,Toys,Doll,Action,356.5,2,No,No,2025-01-16 03:52:51.306712
CUST0390,Electronics,Laptop,Gaming,684.82,4,No,No,2025-02-28 14:44:00.306712
CUST0259,Toys,Puzzle,Jigsaw,759.38,4,Yes,Yes,2025-04-04 03:42:36.306712
CUST0733,Electronics,Laptop,Ultrabook,453.56,7,No,No,2025-03-27 05:37:12.306712
CUST0346,Clothing,Jacket,Denim,203.54,4,No,No,2025-01-16 20:13:29.306712
CUST0331,Home,Table,Study,191.02,6,No,No,2025-02-03 12:48:44.306712
CUST0629,Books,Novel,Fiction,50.0,1,No,No,2025-03-20 21:37:36.306712
CUST0132,Toys,Car,Electric,505.84,3,No,No,2025-03-03 15:57:13.306712
CUST0456,Electronics,Headphones,Wireless,566.9,4,Yes,Yes,2025-03-22 04:38:06.306712
CUST0579,Books,Textbook,Math,878.15,2,Yes,No,2025-02-07 02:12:38.306712
CUST0600,Electronics,Headphones,Wired,641.41,4,No,No,2025-01-30 09:27:42.306712
CUST0924,Books,Biography,Historical,645.18,8,No,No,2025-01-17 08:58:51.306712
CUST0298,Toys,Doll,Action,798.52,3,No,No,2025-01-24 03:45:43.306712
CUST0704,Clothing,T-Shirt,Round Neck,595.6,2,No,No,2025-03-01 07:41:02.306712
CUST0498,Clothing,T-Shirt,V-Neck,432.49,2,No,No,2025-03-29 19:48:26.306712
CUST0763,Clothing,Jeans,Slim,948.81,2,Yes,No,2025-02-11 20:33:27.306712
CUST0188,Clothing,Jeans,Regular,514.62,6,No,No,2025-02-04 17:11:14.306712
CUST0731,Books,Textbook,Math,475.88,2,Yes,No,2025-01-23 08:48:07.306712
CUST0169,Clothing,T-Shirt,Round Neck,296.03,0,Yes,No,2025-02-25 01:02:33.306712
CUST0509,Home,Table,Study,634.12,1,No,No,2025-01-15 12:03:28.306712
CUST0726,Toys,Car,Remote Control,272.19,3,No,No,2025-03-16 03:28:03.306712
CUST0557,Electronics,Laptop,Ultrabook,357.57,6,Yes,Yes,2025-02-24 20:50:02.306712
CUST0571,Books,Novel,Fiction,430.15,4,No,No,2025-01-21 23:29:33.306712
CUST0270,Home,Lamp,Halogen,96.92,2,No,No,2025-03-03 17:51:43.306712
CUST0942,Clothing,T-Shirt,Round Neck,769.39,4,No,No,2025-01-15 20:22:50.306712
CUST0166,Electronics,Headphones,Wireless,479.2,1,No,No,2025-03-19 00:55:39.306712
CUST0202,Books,Textbook,Science,683.5,6,Yes,No,2025-02-28 21:44:32.306712
CUST0069,Clothing,Jacket,Denim,645.97,2,Yes,No,2025-01-24 18:09:05.306712
CUST0574,Electronics,Mobile,Android,464.13,4,No,No,2025-01-27 19:38:20.306712
CUST0308,Clothing,Jacket,Denim,552.32,2,No,No,2025-01-14 14:17:05.306712
CUST0381,Electronics,Headphones,Wireless,202.08,2,No,No,2025-01-24 10:56:04.306712
CUST0538,Home,Table,Coffee,820.22,4,No,No,2025-02-11 23:02:42.306712
CUST0902,Clothing,Jeans,Slim,859.4,1,No,No,2025-04-07 01:30:42.306712
CUST0492,Clothing,T-Shirt,V-Neck,473.95,2,No,No,2025-02-28 22:39:52.306712
CUST0491,Clothing,T-Shirt,Round Neck,258.76,1,Yes,No,2025-02-20 03:58:31.306712
CUST0567,Toys,Puzzle,Jigsaw,364.12,5,No,No,2025-03-19 06:36:59.306712
CUST0131,Toys,Puzzle,Jigsaw,558.12,9,No,No,2025-02-28 21:17:47.306712
CUST0526,Electronics,Headphones,Wireless,567.72,4,No,No,2025-02-06 11:54:42.306712
CUST0642,Books,Textbook,Science,538.73,3,Yes,No,2025-04-03 21:31:30.306712
CUST0269,Books,Novel,Mystery,692.01,5,No,No,2025-01-17 16:11:12.306712
CUST0892,Home,Lamp,LED,424.09,1,No,No,2025-02-01 05:00:20.306712
CUST0688,Home,Lamp,Halogen,654.75,6,Yes,No,2025-04-07 16:18:28.306712
CUST0231,Clothing,Jeans,Regular,232.35,2,Yes,No,2025-03-17 05:35:11.306712
CUST0893,Clothing,T-Shirt,V-Neck,516.01,4,No,No,2025-03-02 18:36:24.306712
CUST0792,Electronics,Laptop,Gaming,780.32,3,No,No,2025-02-23 00:37:11.306712
CUST0068,Toys,Puzzle,Jigsaw,919.23,2,Yes,No,2025-03-29 13:13:53.306712
CUST0657,Electronics,Laptop,Ultrabook,404.26,3,No,No,2025-02-20 16:34:52.306712
CUST0288,Books,Textbook,Science,531.35,4,No,No,2025-02-11 23:24:03.306712
CUST0857,Toys,Car,Remote Control,614.45,2,No,No,2025-04-12 18:23:19.306712
CUST0316,Books,Textbook,Science,611.84,4,Yes,Yes,2025-04-08 02:08:58.306712
CUST0860,Toys,Car,Electric,289.18,2,No,No,2025-02-28 01:48:56.306712
CUST0346,Electronics,Headphones,Wired,848.06,0,No,No,2025-02-15 18:04:30.306712
CUST0546,Toys,Car,Electric,594.81,4,No,No,2025-02-06 22:27:21.306712
CUST0645,Home,Lamp,Halogen,337.47,2,No,No,2025-03-12 05:19:59.306712
CUST0526,Clothing,Jeans,Regular,923.44,4,No,No,2025-04-11 14:10:20.306712
CUST0246,Toys,Puzzle,3D,818.81,3,No,No,2025-02-12 06:02:37.306712
CUST0197,Home,Table,Study,698.19,9,Yes,Yes,2025-03-12 13:05:05.306712
CUST0435,Clothing,Jacket,Leather,693.84,2,Yes,No,2025-04-01 09:34:00.306712
CUST0789,Home,Chair,Dining,646.7,2,No,No,2025-03-23 16:43:45.306712
CUST0556,Toys,Doll,Barbie,330.59,5,Yes,No,2025-03-10 23:46:31.306712
CUST0533,Clothing,T-Shirt,V-Neck,558.42,2,No,No,2025-03-16 12:14:13.306712
CUST0253,Clothing,Jacket,Denim,413.92,8,No,No,2025-01-31 06:48:15.306712
CUST0909,Books,Biography,Historical,773.64,2,No,No,2025-02-20 12:45:59.306712
CUST0496,Home,Table,Study,493.17,1,Yes,No,2025-03-06 16:27:17.306712
CUST0350,Clothing,Jeans,Slim,923.15,5,No,No,2025-02-07 00:39:09.306712
CUST0128,Books,Textbook,Science,669.21,4,No,No,2025-01-13 19:48:53.306712
CUST0069,Clothing,Jeans,Regular,151.7,4,No,No,2025-02-26 15:52:15.306712
CUST0958,Toys,Car,Remote Control,455.27,2,No,No,2025-03-04 03:11:38.306712
CUST0582,Books,Novel,Mystery,127.56,4,No,No,2025-01-18 11:01:27.306712
CUST0438,Books,Textbook,Math,591.53,2,Yes,No,2025-02-28 18:13:12.306712
CUST0448,Books,Biography,Historical,733.03,1,Yes,No,2025-01-27 01:47:25.306712
CUST0186,Electronics,Laptop,Gaming,691.23,4,No,No,2025-01-17 11:49:10.306712
CUST0868,Electronics,Laptop,Gaming,295.82,2,No,No,2025-03-07 18:16:40.306712
CUST0549,Home,Chair,Office,460.71,1,No,No,2025-04-13 09:21:02.306712
CUST0761,Books,Novel,Fiction,533.65,1,Yes,No,2025-04-10 01:06:30.306712
CUST0677,Toys,Puzzle,Jigsaw,578.59,2,No,No,2025-01-24 07:51:26.306712
CUST0346,Toys,Car,Remote Control,611.96,2,No,No,2025-02-10 02:24:29.306712
CUST0441,Clothing,T-Shirt,Round Neck,475.03,5,No,No,2025-03-14 12:58:23.306712
CUST0619,Toys,Doll,Action,650.31,3,Yes,No,2025-01-28 05:41:43.306712
CUST0024,Toys,Car,Remote Control,424.48,3,No,No,2025-03-28 12:36:32.306712
CUST0226,Clothing,Jeans,Slim,373.03,0,No,No,2025-03-07 02:28:50.306712
CUST0632,Electronics,Mobile,Android,353.31,2,Yes,No,2025-03-09 23:17:17.306712
CUST0759,Toys,Doll,Action,322.01,2,Yes,No,2025-01-25 14:27:19.306712
CUST0098,Clothing,Jeans,Slim,663.5,3,No,No,2025-02-06 00:09:35.306712
CUST0471,Toys,Puzzle,Jigsaw,597.85,5,No,No,2025-04-12 14:25:27.306712
CUST0226,Home,Chair,Office,528.93,1,No,No,2025-02-05 16:34:41.306712
CUST0688,Home,Lamp,Halogen,674.63,3,No,No,2025-02-25 19:50:32.306712
CUST0219,Clothing,T-Shirt,Round Neck,358.56,3,No,No,2025-02-22 04:09:23.306712
CUST0730,Books,Biography,Historical,514.94,6,No,No,2025-03-26 06:34:47.306712
CUST0910,Books,Textbook,Science,735.74,1,No,No,2025-01-15 17:51:28.306712
CUST0555,Home,Chair,Dining,123.13,3,No,No,2025-02-24 21:40:15.306712
CUST0809,Toys,Doll,Action,463.08,0,No,No,2025-01-15 12:28:23.306712
CUST0512,Toys,Car,Remote Control,553.75,4,Yes,No,2025-03-13 09:34:30.306712
CUST0211,Home,Chair,Office,434.63,5,No,No,2025-03-12 20:31:30.306712
CUST0858,Books,Novel,Mystery,282.5,4,No,No,2025-02-02 14:51:07.306712
CUST0224,Home,Lamp,Halogen,685.06,2,No,No,2025-02-09 02:59:54.306712
CUST0255,Home,Chair,Dining,770.98,0,No,No,2025-03-12 19:19:06.306712
CUST0899,Books,Novel,Fiction,445.6,4,No,No,2025-03-17 04:16:22.306712
CUST0715,Electronics,Laptop,Gaming,375.59,4,Yes,Yes,2025-02-16 00:32:21.306712
CUST0369,Books,Novel,Mystery,369.0,5,Yes,Yes,2025-02-25 17:53:25.306712
CUST0932,Books,Novel,Mystery,206.4,4,Yes,Yes,2025-02-04 16:46:40.306712
CUST0276,Home,Lamp,Halogen,504.97,2,Yes,No,2025-01-28 20:35:50.306712
CUST0173,Clothing,Jacket,Leather,737.35,7,No,No,2025-04-05 15:17:51.306712
CUST0038,Books,Biography,Historical,349.79,5,Yes,No,2025-01-22 05:51:11.306712
CUST0725,Clothing,T-Shirt,Round Neck,679.09,3,No,No,2025-02-06 19:39:19.306712
CUST0082,Toys,Doll,Action,538.97,1,No,No,2025-01-27 23:27:55.306712
CUST0301,Clothing,Jeans,Regular,360.58,3,No,No,2025-04-08 01:47:57.306712
CUST0938,Clothing,T-Shirt,V-Neck,225.44,3,No,No,2025-02-12 18:16:43.306712
CUST0171,Toys,Puzzle,Jigsaw,399.21,5,Yes,No,2025-03-14 19:06:28.306712
CUST0054,Toys,Car,Electric,904.81,1,No,No,2025-02-10 11:51:24.306712
CUST0562,Books,Biography,Historical,480.05,3,No,No,2025-02-05 10:41:35.306712
CUST0018,Clothing,Jacket,Leather,133.67,1,No,No,2025-01-20 01:12:49.306712
CUST0792,Electronics,Laptop,Gaming,319.78,2,No,No,2025-03-06 08:24:12.306712
CUST0128,Books,Textbook,Science,532.03,2,Yes,No,2025-03-24 17:23:59.306712
CUST0184,Clothing,Jacket,Leather,348.29,3,Yes,Yes,2025-01-14 08:34:57.306712
CUST0334,Clothing,Jeans,Slim,306.77,5,Yes,No,2025-04-10 09:19:33.306712
CUST0059,Books,Novel,Fiction,849.18,2,Yes,No,2025-01-18 04:51:09.306712
CUST0481,Clothing,T-Shirt,Round Neck,345.64,2,No,No,2025-04-07 04:04:52.306712
CUST0624,Home,Table,Study,480.16,3,No,No,2025-02-27 09:41:03.306712
CUST0252,Books,Novel,Fiction,395.15,1,No,No,2025-03-23 18:36:49.306712
CUST0255,Clothing,Jacket,Leather,567.26,2,No,No,2025-01-20 00:29:44.306712
CUST0387,Clothing,T-Shirt,V-Neck,426.87,1,Yes,No,2025-02-27 05:52:48.306712
CUST0542,Books,Textbook,Science,559.15,3,Yes,No,2025-03-25 00:27:07.306712
CUST0414,Toys,Doll,Action,571.09,2,Yes,No,2025-03-30 20:36:40.306712
CUST0621,Toys,Car,Remote Control,454.09,4,Yes,No,2025-03-05 07:58:35.306712
CUST0960,Books,Novel,Mystery,948.49,0,No,No,2025-01-25 18:21:43.306712
CUST0825,Electronics,Mobile,Android,454.48,1,No,No,2025-03-12 17:49:59.306712
CUST0377,Home,Chair,Dining,339.33,3,No,No,2025-02-19 15:39:35.306712
CUST0385,Home,Lamp,LED,866.09,2,No,No,2025-02-13 01:08:43.306712
CUST0499,Clothing,T-Shirt,Round Neck,541.45,4,No,No,2025-02-24 19:04:40.306712
CUST0794,Clothing,Jeans,Slim,597.03,2,Yes,No,2025-03-17 12:38:51.306712
CUST0813,Home,Lamp,LED,737.94,4,Yes,Yes,2025-04-10 22:31:38.306712
CUST0233,Books,Biography,Celebrity,790.84,5,No,No,2025-02-21 06:29:48.306712
CUST0478,Books,Biography,Historical,534.48,2,No,No,2025-02-27 11:46:03.306712
CUST0134,Books,Novel,Fiction,549.31,3,No,No,2025-01-27 15:19:43.306712
CUST0919,Electronics,Laptop,Ultrabook,394.44,1,No,No,2025-01-18 15:58:44.306712
CUST0359,Books,Biography,Celebrity,444.33,3,No,No,2025-01-21 02:14:34.306712
CUST0613,Home,Lamp,Halogen,197.02,0,No,No,2025-01-17 10:37:50.306712
CUST0957,Books,Novel,Mystery,576.91,1,Yes,No,2025-02-14 16:32:31.306712
CUST0199,Home,Table,Coffee,615.92,2,Yes,No,2025-01-14 13:57:52.306712
CUST0104,Clothing,Jacket,Denim,325.82,2,No,No,2025-01-19 07:44:55.306712
CUST0026,Toys,Puzzle,3D,178.87,5,No,No,2025-01-15 20:27:06.306712
CUST0460,Books,Biography,Celebrity,484.79,2,No,No,2025-02-16 04:35:51.306712
CUST0637,Home,Lamp,Halogen,1122.65,5,No,No,2025-01-18 10:50:44.306712
CUST0821,Toys,Car,Electric,711.74,2,Yes,No,2025-04-09 06:58:59.306712
CUST0449,Books,Biography,Historical,843.52,5,No,No,2025-03-19 04:50:24.306712
CUST0799,Toys,Car,Electric,627.87,3,No,No,2025-01-28 09:29:12.306712
CUST0956,Books,Biography,Celebrity,472.54,3,No,No,2025-03-25 12:36:12.306712
CUST0740,Home,Chair,Office,463.98,2,No,No,2025-03-28 12:02:38.306712
CUST0937,Clothing,T-Shirt,V-Neck,539.63,8,No,No,2025-02-09 06:46:08.306712
CUST0404,Clothing,T-Shirt,Round Neck,512.74,1,Yes,No,2025-02-11 22:02:02.306712
CUST0013,Clothing,T-Shirt,V-Neck,320.71,5,No,No,2025-03-09 18:45:18.306712
CUST0199,Books,Novel,Mystery,739.25,1,No,No,2025-03-07 14:56:05.306712
CUST0582,Home,Chair,Office,346.45,5,No,No,2025-01-19 22:31:29.306712
CUST0168,Electronics,Laptop,Ultrabook,789.13,2,No,No,2025-03-30 22:04:23.306712
CUST0068,Clothing,Jeans,Slim,845.81,3,No,No,2025-04-13 07:11:34.306712
CUST0689,Books,Novel,Fiction,814.39,7,Yes,No,2025-04-02 07:34:34.306712
CUST0921,Home,Table,Study,766.88,5,No,No,2025-04-06 02:13:45.306712
CUST0481,Home,Table,Study,528.64,4,No,No,2025-03-15 19:45:38.306712
CUST0681,Home,Table,Coffee,203.42,3,No,No,2025-03-19 08:10:35.306712
CUST0699,Toys,Car,Remote Control,498.88,4,No,No,2025-04-01 18:45:30.306712
CUST0609,Clothing,T-Shirt,Round Neck,1003.33,3,Yes,Yes,2025-02-08 22:26:49.306712
CUST0337,Toys,Doll,Action,363.14,2,No,No,2025-03-24 19:53:21.306712
CUST0415,Electronics,Headphones,Wired,576.25,7,Yes,No,2025-02-07 12:33:07.306712
CUST0110,Clothing,Jacket,Leather,663.64,2,No,No,2025-04-05 12:00:07.306712
CUST0803,Clothing,T-Shirt,V-Neck,529.5,2,Yes,No,2025-04-11 09:24:42.306712
CUST0157,Electronics,Headphones,Wired,929.21,6,No,No,2025-02-22 13:44:04.306712
CUST0761,Books,Biography,Celebrity,291.87,6,No,No,2025-02-11 13:07:09.306712
CUST0084,Clothing,T-Shirt,V-Neck,318.24,1,Yes,No,2025-03-18 20:49:47.306712
CUST0068,Home,Chair,Dining,422.6,2,Yes,No,2025-02-21 22:04:30.306712
CUST0835,Books,Novel,Mystery,813.85,4,No,No,2025-02-28 10:46:39.306712
CUST0032,Home,Lamp,LED,1003.94,0,No,No,2025-02-12 09:54:40.306712
CUST0242,Books,Biography,Celebrity,526.98,2,No,No,2025-03-11 15:19:38.306712
CUST0220,Books,Biography,Historical,630.93,3,Yes,Yes,2025-03-13 18:56:22.306712
CUST0824,Clothing,Jeans,Slim,420.66,1,No,No,2025-03-12 13:36:04.306712
CUST0335,Toys,Doll,Barbie,332.58,3,No,No,2025-01-23 06:45:22.306712
CUST0085,Electronics,Headphones,Wireless,556.7,4,No,No,2025-01-28 01:50:06.306712
CUST0554,Books,Biography,Historical,734.23,4,No,No,2025-03-31 13:23:57.306712
CUST0828,Clothing,T-Shirt,Round Neck,707.71,5,No,No,2025-02-28 06:11:47.306712
CUST0182,Electronics,Mobile,iOS,470.32,0,No,No,2025-04-05 09:53:07.306712
CUST0376,Home,Table,Coffee,274.02,4,No,No,2025-01-17 10:24:37.306712
CUST0170,Home,Lamp,LED,963.47,3,Yes,Yes,2025-03-11 02:22:20.306712
CUST0085,Electronics,Headphones,Wireless,282.78,2,Yes,No,2025-04-03 06:16:19.306712
CUST0945,Clothing,T-Shirt,V-Neck,515.86,3,No,No,2025-04-03 12:42:21.306712
CUST0503,Electronics,Laptop,Ultrabook,562.27,6,No,No,2025-03-14 06:16:10.306712
CUST0857,Toys,Puzzle,3D,164.16,2,No,No,2025-01-26 23:12:02.306712
CUST0067,Books,Textbook,Science,695.02,1,No,No,2025-01-28 18:57:23.306712
CUST0659,Toys,Puzzle,3D,541.64,6,Yes,No,2025-03-21 09:45:46.306712
CUST0291,Electronics,Laptop,Ultrabook,220.9,5,Yes,No,2025-03-21 23:27:24.306712
CUST0485,Books,Biography,Celebrity,532.12,5,No,No,2025-02-11 00:27:49.306712
CUST0670,Books,Biography,Historical,496.37,2,No,No,2025-03-31 14:57:21.306712
CUST0868,Home,Table,Study,434.28,2,No,No,2025-02-02 22:48:45.306712
CUST0247,Books,Novel,Fiction,647.22,3,Yes,Yes,2025-01-19 05:05:41.306712
CUST0602,Electronics,Mobile,Android,646.64,5,No,No,2025-02-26 02:15:42.306712
CUST0130,Clothing,Jacket,Leather,627.31,1,No,No,2025-02-09 22:25:01.306712
CUST0789,Home,Table,Study,528.31,4,No,No,2025-03-10 17:59:58.306712
CUST0245,Books,Biography,Celebrity,640.63,1,No,No,2025-01-25 09:55:25.306712
CUST0953,Toys,Car,Remote Control,346.86,5,No,No,2025-03-23 08:32:59.306712
CUST0215,Books,Textbook,Math,344.73,3,Yes,Yes,2025-02-20 10:49:07.306712
CUST0197,Home,Chair,Office,380.97,5,Yes,Yes,2025-04-06 07:59:36.306712
CUST0823,Home,Lamp,LED,88.5,2,No,No,2025-04-02 09:30:28.306712
CUST0510,Books,Textbook,Science,449.37,3,No,No,2025-03-30 14:24:46.306712
CUST0727,Home,Lamp,LED,259.29,4,No,No,2025-04-02 17:06:35.306712
CUST0335,Books,Textbook,Science,159.79,3,No,No,2025-04-12 09:27:20.306712
CUST0770,Toys,Car,Electric,692.63,4,Yes,Yes,2025-03-30 13:12:20.306712
CUST0169,Home,Lamp,LED,241.41,6,Yes,Yes,2025-02-14 23:46:28.306712
CUST0152,Electronics,Mobile,Android,296.55,5,No,No,2025-03-04 07:04:34.306712
CUST0619,Books,Biography,Historical,489.67,4,Yes,No,2025-02-23 01:54:36.306712
CUST0040,Electronics,Headphones,Wired,477.24,3,No,No,2025-03-23 13:48:10.306712
CUST0352,Toys,Doll,Action,688.25,3,No,No,2025-01-13 18:34:49.306712
CUST0108,Books,Textbook,Math,382.17,5,No,No,2025-02-03 00:00:41.306712
CUST0152,Home,Table,Study,284.33,2,No,No,2025-03-06 01:12:59.306712
CUST0401,Toys,Car,Electric,596.53,1,No,No,2025-02-24 17:40:48.306712
CUST0789,Electronics,Laptop,Ultrabook,576.13,4,No,No,2025-03-06 19:40:43.306712
CUST0774,Books,Novel,Mystery,591.56,5,Yes,Yes,2025-02-22 01:21:51.306712
CUST0604,Electronics,Laptop,Ultrabook,332.52,5,No,No,2025-02-27 12:20:08.306712
CUST0937,Toys,Car,Electric,429.56,7,No,No,2025-04-13 03:09:23.306712
CUST0323,Toys,Puzzle,3D,341.54,6,No,No,2025-02-08 04:59:55.306712
CUST0308,Electronics,Mobile,iOS,417.59,1,No,No,2025-02-20 20:10:54.306712
CUST0272,Electronics,Headphones,Wireless,199.14,2,No,No,2025-01-17 10:40:35.306712
CUST0228,Books,Novel,Mystery,558.75,3,No,No,2025-01-13 17:26:44.306712
CUST0441,Electronics,Mobile,iOS,449.92,0,Yes,No,2025-03-06 11:26:33.306712
CUST0834,Toys,Doll,Barbie,400.34,0,No,No,2025-03-03 05:22:06.306712
CUST0890,Home,Table,Coffee,124.84,4,No,No,2025-03-02 17:26:48.306712
CUST0595,Clothing,Jacket,Denim,804.06,0,Yes,No,2025-03-30 04:58:33.306712
CUST0119,Clothing,Jeans,Regular,791.8,6,No,No,2025-01-30 17:11:36.306712
CUST0559,Clothing,T-Shirt,V-Neck,553.88,3,No,No,2025-01-21 05:51:45.306712
CUST0337,Clothing,Jeans,Slim,422.95,3,No,No,2025-01-23 03:57:37.306712
CUST0133,Home,Chair,Dining,194.18,4,No,No,2025-03-19 17:38:05.306712
CUST0264,Books,Novel,Mystery,662.12,4,No,No,2025-02-02 07:46:25.306712
CUST0747,Clothing,Jeans,Slim,386.22,3,No,No,2025-03-28 18:59:49.306712
CUST0955,Home,Lamp,LED,184.17,2,No,No,2025-01-20 21:49:15.306712
CUST0160,Electronics,Mobile,Android,730.36,4,No,No,2025-01-19 21:57:06.306712
CUST0798,Home,Chair,Office,784.55,1,Yes,No,2025-03-28 18:32:55.306712
CUST0463,Home,Chair,Dining,708.21,4,No,No,2025-03-04 02:24:16.306712
CUST0126,Books,Textbook,Science,763.41,0,No,No,2025-03-30 18:32:33.306712
CUST0086,Home,Chair,Dining,463.65,2,Yes,No,2025-01-30 15:14:25.306712
CUST0398,Clothing,Jacket,Denim,346.78,4,No,No,2025-03-24 22:18:32.306712
CUST0019,Toys,Puzzle,Jigsaw,378.17,2,Yes,No,2025-01-29 06:22:12.306712
CUST0150,Home,Chair,Office,450.99,0,No,No,2025-02-28 23:37:52.306712
CUST0947,Home,Chair,Dining,279.58,1,No,No,2025-04-06 09:00:56.306712
CUST0399,Books,Novel,Mystery,482.64,4,No,No,2025-02-03 03:02:11.306712
CUST0172,Clothing,Jacket,Denim,608.59,3,No,No,2025-03-29 14:30:08.306712
CUST0601,Electronics,Headphones,Wireless,359.25,3,No,No,2025-04-04 12:45:14.306712
CUST0673,Books,Textbook,Science,502.77,1,Yes,No,2025-02-20 02:37:10.306712
CUST0330,Home,Chair,Office,757.64,2,No,No,2025-01-17 00:58:20.306712
CUST0464,Clothing,T-Shirt,V-Neck,667.63,3,No,No,2025-01-15 04:05:51.306712
CUST0681,Home,Table,Study,534.39,1,No,No,2025-02-22 20:27:56.306712
CUST0768,Electronics,Laptop,Ultrabook,384.42,3,No,No,2025-01-21 18:47:28.306712
CUST0138,Electronics,Headphones,Wireless,553.26,1,Yes,No,2025-03-12 01:43:31.306712
CUST0140,Books,Biography,Celebrity,488.34,2,No,No,2025-01-25 03:14:48.306712
CUST0640,Electronics,Headphones,Wired,430.63,5,No,No,2025-02-06 09:30:39.306712
CUST0320,Toys,Doll,Action,164.07,1,No,No,2025-01-17 06:56:09.306712
CUST0880,Electronics,Mobile,iOS,773.72,2,No,No,2025-03-19 01:21:12.306712
CUST0988,Clothing,Jacket,Denim,361.1,4,No,No,2025-04-02 16:54:18.306712
CUST0389,Clothing,Jeans,Regular,557.89,5,No,No,2025-04-06 00:13:57.306712
CUST0422,Electronics,Headphones,Wired,215.33,2,No,No,2025-01-20 19:13:29.306712
CUST0511,Home,Table,Study,389.16,4,No,No,2025-02-22 00:16:47.306712
CUST0024,Electronics,Laptop,Ultrabook,566.81,3,No,No,2025-01-31 10:45:41.306712
CUST0729,Electronics,Mobile,Android,202.77,3,No,No,2025-02-17 16:57:47.306712
CUST0117,Electronics,Laptop,Ultrabook,598.54,2,Yes,No,2025-02-13 09:55:19.306712
CUST0910,Electronics,Mobile,Android,506.93,4,No,No,2025-03-11 00:53:31.306712
CUST0820,Electronics,Mobile,Android,423.5,5,Yes,Yes,2025-04-05 04:57:45.306712
CUST0779,Toys,Car,Electric,511.72,3,No,No,2025-04-02 07:18:49.306712
CUST0730,Toys,Car,Remote Control,725.78,1,No,No,2025-04-11 12:04:45.306712
CUST0566,Home,Chair,Dining,586.84,3,Yes,No,2025-01-17 11:07:37.306712
CUST0320,Books,Novel,Mystery,699.22,3,Yes,Yes,2025-01-18 13:29:43.306712
CUST0141,Electronics,Mobile,Android,407.7,4,No,No,2025-01-23 21:07:51.306712
CUST0913,Books,Novel,Mystery,576.95,1,No,No,2025-04-02 02:28:30.306712
CUST0370,Books,Textbook,Math,575.7,4,Yes,Yes,2025-03-11 20:59:28.306712
CUST0963,Toys,Puzzle,Jigsaw,625.95,6,No,No,2025-02-14 22:37:29.306712
CUST0173,Clothing,Jacket,Leather,270.68,0,No,No,2025-03-15 18:09:47.306712
CUST0832,Electronics,Laptop,Gaming,698.16,2,No,No,2025-03-25 06:18:33.306712
CUST0726,Clothing,T-Shirt,Round Neck,562.04,4,No,No,2025-02-22 02:42:08.306712
CUST0006,Toys,Doll,Barbie,475.24,5,Yes,Yes,2025-02-05 14:34:35.306712
CUST0061,Books,Novel,Mystery,663.54,3,Yes,Yes,2025-03-05 18:01:16.306712
CUST0300,Home,Chair,Dining,453.24,2,No,No,2025-03-11 20:47:46.306712
CUST0422,Toys,Doll,Action,657.45,3,No,No,2025-02-06 16:29:07.306712
CUST0632,Electronics,Headphones,Wired,542.43,1,No,No,2025-02-07 06:23:36.306712
CUST0664,Toys,Doll,Barbie,456.89,3,No,No,2025-01-24 15:15:51.306712
CUST0416,Toys,Puzzle,3D,272.92,1,No,No,2025-03-21 15:02:51.306712
CUST0132,Toys,Puzzle,Jigsaw,471.32,3,No,No,2025-03-19 15:48:02.306712
CUST0255,Clothing,Jacket,Leather,371.44,3,No,No,2025-02-04 22:08:04.306712
CUST0256,Electronics,Headphones,Wireless,576.67,6,No,No,2025-03-20 22:11:46.306712
CUST0405,Clothing,T-Shirt,V-Neck,840.79,1,No,No,2025-01-24 10:36:37.306712
CUST0589,Electronics,Headphones,Wireless,392.29,3,No,No,2025-03-24 03:29:02.306712
CUST0114,Electronics,Laptop,Gaming,803.04,2,No,No,2025-02-15 15:37:16.306712
CUST0212,Books,Novel,Fiction,616.56,2,Yes,No,2025-03-24 19:58:34.306712
CUST0664,Electronics,Laptop,Ultrabook,902.84,2,No,No,2025-02-22 10:11:48.306712
CUST0388,Toys,Car,Remote Control,343.82,4,No,No,2025-02-25 13:25:34.306712
CUST0680,Clothing,Jacket,Leather,281.04,4,Yes,Yes,2025-02-16 19:10:00.306712
CUST0193,Clothing,Jeans,Regular,881.04,4,No,No,2025-02-09 02:25:45.306712
CUST0448,Electronics,Laptop,Gaming,366.07,2,No,No,2025-02-24 13:50:55.306712
CUST0475,Clothing,T-Shirt,Round Neck,608.96,5,No,No,2025-03-27 03:55:26.306712
CUST0470,Toys,Doll,Barbie,201.06,1,No,No,2025-02-22 15:30:14.306712
CUST0114,Home,Chair,Dining,732.94,1,Yes,No,2025-02-09 15:05:00.306712
CUST0182,Books,Novel,Mystery,554.58,4,No,No,2025-03-30 19:00:16.306712
CUST0781,Toys,Puzzle,3D,606.08,9,No,No,2025-02-16 06:44:05.306712
CUST0311,Clothing,Jeans,Slim,420.33,1,No,No,2025-03-21 08:21:43.306712
CUST0885,Home,Lamp,Halogen,463.34,3,No,No,2025-02-08 16:30:27.306712
CUST0165,Books,Novel,Mystery,281.25,7,No,No,2025-04-11 08:33:14.306712
CUST0137,Electronics,Mobile,iOS,530.64,5,Yes,Yes,2025-03-08 01:51:52.306712
CUST0522,Clothing,T-Shirt,V-Neck,776.48,5,Yes,No,2025-03-05 04:36:57.306712
CUST0261,Electronics,Laptop,Ultrabook,323.19,2,No,No,2025-03-26 23:26:48.306712
CUST0414,Electronics,Mobile,Android,638.8,1,No,No,2025-02-05 22:17:55.306712
CUST0921,Home,Lamp,LED,389.65,2,No,No,2025-03-28 01:51:24.306712
CUST0981,Toys,Car,Electric,521.95,1,Yes,No,2025-03-15 10:25:40.306712
CUST0509,Toys,Puzzle,Jigsaw,272.19,1,Yes,No,2025-01-15 09:48:12.306712
CUST0336,Toys,Doll,Action,460.94,2,No,No,2025-01-13 15:36:18.306712
CUST0493,Clothing,T-Shirt,Round Neck,516.72,1,No,No,2025-03-25 15:19:40.306712
CUST0314,Books,Biography,Celebrity,438.39,4,Yes,No,2025-03-15 13:31:18.306712
CUST0412,Toys,Car,Remote Control,343.56,5,Yes,Yes,2025-02-28 07:42:09.306712
CUST0640,Clothing,T-Shirt,V-Neck,531.27,5,No,No,2025-01-17 22:55:54.306712
CUST0879,Home,Lamp,Halogen,349.14,4,Yes,No,2025-03-06 04:59:03.306712
CUST0342,Books,Novel,Mystery,235.04,1,No,No,2025-03-09 02:46:16.306712
CUST0017,Electronics,Mobile,Android,435.19,5,Yes,Yes,2025-04-07 15:24:48.306712
CUST0045,Clothing,Jeans,Regular,426.88,4,Yes,No,2025-03-26 05:18:01.306712
CUST0075,Electronics,Headphones,Wired,547.72,3,No,No,2025-03-24 06:16:02.306712
CUST0139,Clothing,Jacket,Leather,708.57,6,Yes,Yes,2025-01-22 21:53:35.306712
CUST0038,Home,Chair,Dining,291.76,0,No,No,2025-01-25 04:28:07.306712
CUST0288,Toys,Doll,Barbie,632.17,5,No,No,2025-01-22 14:01:58.306712
CUST0349,Clothing,Jacket,Leather,899.59,2,Yes,No,2025-01-22 14:05:47.306712
CUST0825,Home,Table,Coffee,305.05,2,Yes,No,2025-01-17 19:07:36.306712
CUST0488,Home,Table,Coffee,836.68,1,No,No,2025-03-18 07:48:54.306712
CUST0776,Electronics,Laptop,Gaming,300.8,4,No,No,2025-03-31 18:22:09.306712
CUST0422,Home,Chair,Office,740.01,5,No,No,2025-03-03 09:54:32.306712
CUST0597,Clothing,Jacket,Denim,445.75,4,No,No,2025-01-13 12:25:06.306712
CUST0438,Home,Lamp,Halogen,259.87,4,No,No,2025-03-08 12:26:39.306712
CUST0713,Clothing,T-Shirt,Round Neck,83.73,1,No,No,2025-03-15 09:41:56.306712
CUST0586,Electronics,Headphones,Wired,449.11,2,No,No,2025-02-01 04:51:48.306712
CUST0177,Clothing,T-Shirt,Round Neck,578.11,5,Yes,No,2025-02-01 12:34:46.306712
CUST0848,Clothing,T-Shirt,Round Neck,836.89,2,No,No,2025-02-11 03:36:06.306712
CUST0472,Electronics,Headphones,Wired,502.59,5,No,No,2025-02-04 09:56:48.306712
CUST0634,Clothing,T-Shirt,Round Neck,528.8,4,No,No,2025-03-24 23:18:27.306712
CUST0935,Clothing,Jeans,Regular,586.83,0,No,No,2025-04-04 13:18:07.306712
CUST0704,Books,Novel,Fiction,364.18,3,No,No,2025-04-04 10:40:35.306712
CUST0923,Clothing,Jeans,Regular,477.54,3,No,No,2025-01-14 05:57:51.306712
CUST0176,Home,Chair,Office,463.32,1,No,No,2025-03-20 23:03:42.306712
CUST0864,Books,Novel,Fiction,635.42,4,No,No,2025-03-28 17:25:26.306712
CUST0162,Clothing,T-Shirt,Round Neck,631.81,3,No,No,2025-02-22 19:20:42.306712
CUST0112,Books,Novel,Fiction,187.79,1,No,No,2025-02-08 08:21:11.306712
CUST0731,Toys,Car,Remote Control,581.07,3,No,No,2025-04-09 13:38:10.306712
CUST0464,Clothing,Jacket,Leather,272.28,3,Yes,No,2025-02-23 18:15:31.306712
CUST0177,Toys,Doll,Action,98.54,4,No,No,2025-02-13 03:54:23.306712
CUST0267,Toys,Puzzle,Jigsaw,150.42,3,No,No,2025-02-01 13:32:36.306712
CUST0416,Home,Lamp,Halogen,711.88,5,No,No,2025-01-22 08:18:17.306712
CUST0896,Toys,Puzzle,Jigsaw,644.77,5,No,No,2025-04-10 23:17:24.306712
CUST0056,Clothing,Jacket,Leather,565.08,4,Yes,No,2025-02-20 19:42:10.306712
CUST0932,Toys,Car,Electric,361.86,8,No,No,2025-01-18 15:18:31.306712
CUST0531,Clothing,Jacket,Leather,531.77,2,No,No,2025-04-01 01:52:25.306712
CUST0130,Clothing,T-Shirt,Round Neck,296.27,2,No,No,2025-02-05 22:55:31.306712
CUST0552,Toys,Puzzle,3D,460.1,2,No,No,2025-03-05 11:43:02.306712
CUST0551,Electronics,Laptop,Ultrabook,129.33,4,No,No,2025-02-14 17:59:41.306712
CUST0563,Clothing,T-Shirt,Round Neck,506.99,4,No,No,2025-02-24 00:51:48.306712
CUST0503,Clothing,T-Shirt,Round Neck,297.01,3,Yes,No,2025-01-22 04:28:46.306712
CUST0531,Clothing,Jacket,Denim,566.52,3,Yes,Yes,2025-03-24 12:04:00.306712
CUST0650,Toys,Puzzle,3D,520.35,2,No,No,2025-02-27 06:10:29.306712
CUST0169,Home,Lamp,LED,470.51,2,Yes,No,2025-01-16 17:20:41.306712
CUST0784,Electronics,Mobile,Android,545.51,3,Yes,No,2025-03-24 17:07:25.306712
CUST0032,Electronics,Laptop,Gaming,260.99,0,No,No,2025-03-28 01:26:28.306712
CUST0761,Toys,Puzzle,Jigsaw,510.7,5,No,No,2025-03-21 07:15:23.306712
CUST0195,Books,Novel,Mystery,371.6,4,No,No,2025-03-30 14:14:16.306712
CUST0916,Toys,Car,Remote Control,333.26,4,Yes,Yes,2025-03-15 18:10:47.306712
CUST0767,Toys,Puzzle,Jigsaw,504.92,7,Yes,No,2025-02-12 21:10:52.306712
CUST0389,Electronics,Headphones,Wired,725.42,1,No,No,2025-03-27 13:43:20.306712
CUST0300,Home,Chair,Office,680.32,4,No,No,2025-03-07 11:57:01.306712
CUST0833,Clothing,Jacket,Denim,446.87,2,No,No,2025-02-10 09:23:19.306712
CUST0503,Toys,Puzzle,Jigsaw,361.31,2,No,No,2025-01-30 13:40:14.306712
CUST0845,Home,Table,Coffee,135.73,4,No,No,2025-02-13 00:08:23.306712
CUST0389,Books,Novel,Mystery,580.92,4,No,No,2025-02-27 21:07:10.306712
CUST0027,Electronics,Headphones,Wireless,797.56,2,No,No,2025-01-13 18:42:58.306712
CUST0678,Home,Chair,Dining,590.61,4,Yes,Yes,2025-02-15 15:55:45.306712
CUST0091,Home,Table,Study,452.13,2,No,No,2025-03-05 23:16:24.306712
CUST0154,Books,Biography,Historical,1025.03,3,Yes,Yes,2025-01-28 00:02:00.306712
CUST0817,Home,Table,Coffee,632.79,4,No,No,2025-02-13 17:40:42.306712
CUST0379,Electronics,Laptop,Ultrabook,468.01,3,Yes,No,2025-03-30 17:42:37.306712
CUST0591,Books,Textbook,Math,389.86,1,No,No,2025-03-08 03:43:16.306712
CUST0732,Electronics,Headphones,Wired,429.68,1,Yes,No,2025-01-18 15:47:11.306712
CUST0417,Clothing,T-Shirt,V-Neck,548.45,3,No,No,2025-03-12 23:12:08.306712
CUST0877,Toys,Car,Remote Control,446.18,2,No,No,2025-03-14 12:27:30.306712
CUST0364,Electronics,Headphones,Wireless,299.14,2,No,No,2025-01-25 17:15:34.306712
CUST0067,Electronics,Laptop,Gaming,550.19,3,No,No,2025-01-25 09:26:20.306712
CUST0887,Books,Biography,Historical,573.21,1,No,No,2025-04-09 22:31:47.306712
CUST0570,Toys,Car,Electric,488.08,6,Yes,Yes,2025-03-25 16:52:47.306712
CUST0265,Clothing,Jacket,Denim,889.36,0,No,No,2025-03-02 21:40:05.306712
CUST0902,Clothing,Jacket,Leather,507.3,4,No,No,2025-02-19 05:12:38.306712
CUST0736,Clothing,Jacket,Leather,107.61,4,No,No,2025-02-21 07:35:26.306712
CUST0275,Clothing,T-Shirt,Round Neck,595.66,2,Yes,No,2025-01-27 05:55:23.306712
CUST0714,Books,Textbook,Science,506.72,2,Yes,No,2025-03-24 23:52:49.306712
CUST0175,Toys,Car,Remote Control,372.94,6,No,No,2025-02-22 02:04:29.306712
CUST0305,Clothing,T-Shirt,Round Neck,307.3,4,No,No,2025-04-08 21:27:35.306712
CUST0430,Clothing,Jeans,Regular,203.58,1,Yes,No,2025-02-03 06:33:54.306712
CUST0107,Home,Lamp,LED,312.59,2,No,No,2025-02-27 08:39:32.306712
CUST0895,Electronics,Laptop,Ultrabook,522.29,4,No,No,2025-03-15 20:00:42.306712
CUST0400,Clothing,Jeans,Regular,1075.16,6,Yes,No,2025-04-07 14:45:55.306712
CUST0895,Electronics,Mobile,iOS,738.69,4,No,No,2025-03-31 01:54:38.306712
CUST0235,Home,Lamp,LED,318.57,2,No,No,2025-02-11 00:52:57.306712
CUST0197,Electronics,Headphones,Wireless,347.87,0,Yes,No,2025-02-28 02:59:23.306712
CUST0387,Home,Lamp,Halogen,260.55,2,No,No,2025-04-07 07:20:01.306712
CUST0298,Toys,Car,Electric,687.67,3,No,No,2025-03-29 11:10:41.306712
CUST0232,Electronics,Laptop,Gaming,541.9,3,No,No,2025-03-08 11:59:10.306712
CUST0715,Toys,Car,Electric,560.35,5,No,No,2025-04-04 03:12:38.306712
CUST0283,Home,Table,Coffee,146.13,5,No,No,2025-02-27 17:19:16.306712
CUST0625,Electronics,Headphones,Wired,164.57,4,Yes,Yes,2025-03-21 04:37:33.306712
CUST0655,Electronics,Laptop,Gaming,296.14,2,No,No,2025-02-02 09:02:50.306712
CUST0939,Clothing,T-Shirt,V-Neck,818.1,2,No,No,2025-02-01 09:01:16.306712
CUST0849,Toys,Doll,Action,407.28,4,Yes,No,2025-01-25 08:54:10.306712
CUST0405,Clothing,T-Shirt,Round Neck,613.36,3,No,No,2025-01-22 06:03:05.306712
CUST0097,Toys,Doll,Action,390.65,9,No,No,2025-03-24 12:50:24.306712
CUST0900,Electronics,Headphones,Wireless,440.41,2,No,No,2025-03-13 09:20:52.306712
CUST1000,Clothing,T-Shirt,Round Neck,660.97,5,No,No,2025-03-15 18:14:38.306712
CUST0696,Clothing,Jeans,Slim,594.42,1,Yes,No,2025-01-26 14:05:30.306712
CUST0415,Home,Chair,Office,527.84,0,No,No,2025-04-09 04:18:10.306712
CUST0417,Electronics,Headphones,Wireless,72.89,1,Yes,No,2025-01-21 15:37:20.306712
CUST0941,Toys,Car,Remote Control,429.94,0,No,No,2025-03-28 03:23:53.306712
CUST0985,Home,Lamp,LED,50.0,7,No,No,2025-02-27 08:04:17.306712
CUST0984,Toys,Doll,Barbie,515.24,1,Yes,No,2025-01-14 13:04:09.306712
CUST0934,Clothing,T-Shirt,Round Neck,881.76,1,No,No,2025-04-02 05:14:24.306712
CUST0031,Toys,Puzzle,3D,638.77,3,No,No,2025-03-30 02:32:54.306712
CUST0425,Electronics,Headphones,Wireless,707.89,0,No,No,2025-04-04 19:56:37.306712
CUST0612,Toys,Puzzle,Jigsaw,558.12,2,No,No,2025-03-21 08:16:57.306712
CUST0387,Home,Lamp,Halogen,896.5,7,No,No,2025-02-08 03:06:12.306712
CUST0747,Home,Table,Coffee,978.46,2,Yes,No,2025-03-24 21:03:22.306712
CUST0930,Books,Novel,Fiction,610.97,2,No,No,2025-02-20 13:04:19.306712
CUST0377,Toys,Doll,Barbie,657.18,1,No,No,2025-04-09 12:27:40.306712
CUST0060,Electronics,Laptop,Gaming,677.97,7,No,No,2025-04-02 00:10:30.306712
CUST0127,Toys,Car,Remote Control,557.28,5,Yes,Yes,2025-02-10 21:10:43.306712
CUST0232,Clothing,Jeans,Regular,367.4,2,No,No,2025-02-15 19:20:02.306712
CUST0859,Electronics,Headphones,Wireless,382.26,5,No,No,2025-03-27 23:01:26.306712
CUST0418,Clothing,T-Shirt,Round Neck,497.1,4,No,No,2025-02-03 10:33:10.306712
CUST0622,Toys,Car,Electric,441.98,1,No,No,2025-01-20 15:28:22.306712
CUST0246,Books,Biography,Celebrity,751.88,4,Yes,Yes,2025-01-20 23:01:47.306712
CUST0095,Home,Chair,Dining,644.8,7,No,No,2025-01-26 03:14:46.306712
CUST0533,Toys,Doll,Barbie,628.17,3,No,No,2025-04-04 01:16:14.306712
CUST0376,Electronics,Laptop,Gaming,478.38,3,No,No,2025-03-02 07:31:12.306712
CUST0959,Books,Biography,Celebrity,370.82,2,Yes,No,2025-03-31 06:44:27.306712
CUST0762,Electronics,Headphones,Wireless,229.96,5,Yes,Yes,2025-01-26 00:17:46.306712
CUST0437,Electronics,Mobile,Android,524.25,2,No,No,2025-04-08 10:42:05.306712
CUST0057,Toys,Puzzle,3D,389.07,1,No,No,2025-02-20 10:20:31.306712
CUST0408,Toys,Puzzle,Jigsaw,453.62,3,No,No,2025-02-20 00:18:33.306712
CUST0158,Books,Novel,Mystery,457.5,4,No,No,2025-03-26 20:33:13.306712
CUST0218,Electronics,Mobile,Android,112.29,2,No,No,2025-02-07 04:07:39.306712
CUST0920,Home,Lamp,LED,619.27,4,No,No,2025-04-02 20:52:35.306712
CUST0441,Toys,Car,Electric,601.9,2,No,No,2025-02-24 20:42:57.306712
CUST0586,Electronics,Laptop,Ultrabook,768.45,5,Yes,Yes,2025-03-09 00:17:27.306712
CUST0660,Clothing,Jacket,Leather,573.68,4,Yes,No,2025-04-04 05:29:04.306712
CUST0271,Home,Table,Coffee,282.95,3,No,No,2025-01-24 18:06:07.306712
CUST0248,Home,Table,Coffee,506.5,1,No,No,2025-03-31 13:54:59.306712
CUST0541,Books,Novel,Mystery,307.7,3,No,No,2025-02-11 11:37:05.306712
CUST0244,Books,Textbook,Math,476.65,0,Yes,No,2025-02-22 01:38:46.306712
CUST0048,Clothing,T-Shirt,V-Neck,366.56,3,Yes,No,2025-01-25 13:27:44.306712
CUST0055,Electronics,Headphones,Wired,654.69,5,No,No,2025-02-26 08:21:07.306712
CUST0708,Electronics,Headphones,Wireless,807.27,2,No,No,2025-03-03 18:31:42.306712
CUST0378,Toys,Car,Electric,642.75,3,No,No,2025-04-01 11:59:42.306712
CUST0297,Home,Table,Coffee,565.59,2,No,No,2025-01-15 00:57:22.306712
CUST0732,Books,Biography,Historical,283.78,7,Yes,Yes,2025-03-12 13:17:39.306712
CUST0724,Toys,Car,Remote Control,813.02,2,Yes,No,2025-03-28 22:34:32.306712
CUST0640,Toys,Doll,Action,569.66,2,Yes,No,2025-04-04 02:53:58.306712
CUST0566,Toys,Car,Remote Control,556.66,3,No,No,2025-01-22 05:06:44.306712
CUST0911,Toys,Doll,Barbie,883.8,3,Yes,No,2025-02-18 01:27:51.306712
CUST0594,Books,Textbook,Math,468.46,3,Yes,Yes,2025-03-09 09:32:21.306712
CUST0106,Home,Chair,Dining,506.61,1,No,No,2025-03-09 19:11:24.306712
CUST0634,Clothing,T-Shirt,Round Neck,694.41,4,No,No,2025-01-24 00:41:13.306712
CUST0190,Clothing,Jeans,Slim,483.43,3,No,No,2025-03-29 21:02:21.306712
CUST0993,Books,Biography,Historical,410.03,6,Yes,Yes,2025-03-22 10:34:08.306712
CUST0024,Toys,Doll,Barbie,467.76,2,No,No,2025-02-21 03:35:40.306712
CUST0656,Electronics,Laptop,Ultrabook,405.11,3,No,No,2025-04-10 01:47:52.306712
CUST0032,Books,Novel,Fiction,663.5,3,Yes,Yes,2025-03-24 20:10:45.306712
CUST0234,Toys,Car,Electric,176.42,3,Yes,Yes,2025-03-18 20:02:23.306712
CUST0617,Home,Table,Coffee,657.77,3,Yes,No,2025-03-05 00:22:32.306712
CUST0142,Toys,Puzzle,3D,721.76,4,No,No,2025-04-03 21:36:48.306712
CUST0004,Home,Lamp,LED,799.9,2,Yes,No,2025-01-27 08:08:56.306712
CUST0924,Toys,Car,Remote Control,410.89,4,No,No,2025-02-15 15:34:52.306712
CUST0031,Toys,Puzzle,3D,415.15,0,No,No,2025-03-11 20:11:41.306712
CUST0782,Home,Table,Coffee,661.53,1,No,No,2025-02-24 15:50:04.306712
CUST0677,Home,Chair,Dining,50.0,3,Yes,No,2025-02-15 23:27:06.306712
CUST0417,Electronics,Mobile,Android,738.55,1,No,No,2025-03-09 01:16:37.306712
CUST0494,Books,Novel,Fiction,236.32,5,No,No,2025-03-28 22:15:19.306712
CUST0195,Toys,Doll,Action,673.13,2,No,No,2025-04-13 04:52:21.306712
CUST0769,Electronics,Laptop,Gaming,444.28,3,No,No,2025-03-29 23:15:09.306712
CUST0274,Books,Textbook,Math,763.51,5,No,No,2025-02-05 20:50:32.306712
CUST0602,Home,Table,Study,706.83,1,Yes,No,2025-03-15 06:59:01.306712
CUST0921,Electronics,Mobile,Android,440.73,2,No,No,2025-02-28 22:59:42.306712
CUST0771,Clothing,T-Shirt,Round Neck,334.45,5,No,No,2025-03-19 08:05:37.306712
CUST0873,Toys,Doll,Action,451.42,3,No,No,2025-04-11 14:27:18.306712
CUST0907,Books,Novel,Fiction,563.95,3,Yes,Yes,2025-03-28 14:42:45.306712
CUST0397,Toys,Puzzle,Jigsaw,463.46,3,No,No,2025-01-21 09:26:40.306712
CUST0685,Clothing,Jacket,Denim,637.47,2,No,No,2025-04-03 11:14:13.306712
CUST0993,Electronics,Mobile,Android,787.51,2,No,No,2025-02-18 22:27:40.306712
CUST0541,Electronics,Headphones,Wired,773.81,3,No,No,2025-01-21 06:51:31.306712
CUST0301,Toys,Puzzle,3D,346.13,1,No,No,2025-01-18 18:47:05.306712
CUST0465,Books,Novel,Fiction,569.23,3,No,No,2025-04-08 03:44:16.306712
CUST0597,Books,Textbook,Science,344.69,6,No,No,2025-03-15 09:09:56.306712
CUST0148,Electronics,Headphones,Wired,398.54,1,No,No,2025-02-03 22:01:45.306712
CUST0653,Home,Lamp,LED,655.43,5,Yes,No,2025-02-25 06:59:23.306712
CUST0454,Toys,Doll,Action,335.04,2,No,No,2025-01-29 06:25:01.306712
CUST0060,Books,Novel,Mystery,672.39,2,No,No,2025-03-28 14:02:32.306712
CUST0884,Books,Textbook,Math,650.21,3,No,No,2025-03-12 09:42:34.306712
CUST0141,Home,Chair,Office,603.95,4,No,No,2025-03-26 22:11:19.306712
CUST0894,Books,Textbook,Science,84.06,4,No,No,2025-04-13 02:32:56.306712
CUST0394,Electronics,Mobile,Android,194.12,1,No,No,2025-03-29 04:21:55.306712
CUST0797,Home,Chair,Dining,502.63,5,Yes,No,2025-03-20 00:12:33.306712
CUST0547,Home,Chair,Office,948.7,3,Yes,Yes,2025-02-26 13:47:14.306712
CUST0238,Electronics,Mobile,iOS,318.87,2,Yes,No,2025-02-17 06:07:13.306712
CUST0733,Clothing,T-Shirt,V-Neck,508.02,3,No,No,2025-04-12 10:12:56.306712
CUST0985,Books,Novel,Mystery,355.31,1,No,No,2025-03-07 09:24:39.306712
CUST0950,Electronics,Laptop,Gaming,50.0,4,Yes,Yes,2025-04-10 19:17:21.306712
CUST0930,Clothing,Jacket,Leather,491.2,1,No,No,2025-01-21 03:20:26.306712
CUST0618,Clothing,T-Shirt,V-Neck,578.81,3,No,No,2025-01-24 10:37:32.306712
CUST0225,Books,Novel,Mystery,699.72,4,No,No,2025-01-26 08:36:51.306712
CUST0479,Books,Textbook,Science,428.83,4,Yes,Yes,2025-01-31 23:50:10.306712
CUST0224,Books,Novel,Mystery,50.0,2,No,No,2025-02-12 07:47:33.306712
CUST0271,Toys,Puzzle,Jigsaw,640.97,2,No,No,2025-04-07 10:46:04.306712
CUST0593,Home,Chair,Office,419.91,3,Yes,No,2025-02-11 01:18:36.306712
CUST0523,Electronics,Mobile,iOS,286.37,1,No,No,2025-02-09 05:54:40.306712
CUST0292,Electronics,Mobile,iOS,503.58,1,No,No,2025-02-02 09:37:51.306712
CUST0699,Home,Chair,Dining,524.96,2,No,No,2025-02-28 04:18:31.306712
CUST0548,Electronics,Mobile,iOS,623.57,3,No,No,2025-03-26 10:39:44.306712
CUST0810,Books,Textbook,Math,111.66,3,No,No,2025-04-12 08:42:13.306712
CUST0192,Electronics,Mobile,Android,722.72,3,Yes,No,2025-04-08 18:30:47.306712
CUST0504,Toys,Car,Electric,914.25,4,Yes,Yes,2025-02-01 06:49:21.306712
CUST0268,Toys,Doll,Barbie,281.78,3,No,No,2025-03-10 02:16:11.306712
CUST0560,Home,Table,Study,792.92,2,Yes,No,2025-03-30 15:58:25.306712
CUST0749,Toys,Doll,Barbie,183.22,2,No,No,2025-03-28 02:11:12.306712
CUST0437,Clothing,Jacket,Leather,264.62,1,Yes,No,2025-04-08 14:55:42.306712
CUST0118,Toys,Puzzle,3D,850.42,3,Yes,Yes,2025-02-15 08:53:49.306712
CUST0235,Toys,Doll,Barbie,301.69,0,Yes,No,2025-03-02 08:34:11.306712
CUST0805,Toys,Car,Remote Control,425.41,4,No,No,2025-02-21 14:45:02.306712
CUST0698,Electronics,Laptop,Ultrabook,271.02,3,No,No,2025-03-22 11:34:48.306712
CUST0063,Books,Biography,Historical,606.48,4,Yes,No,2025-03-04 19:52:32.306712
CUST0799,Clothing,T-Shirt,V-Neck,607.27,4,No,No,2025-03-28 17:42:00.306712
CUST0003,Books,Textbook,Math,641.26,2,Yes,No,2025-01-21 16:45:27.306712
CUST0675,Clothing,T-Shirt,Round Neck,408.31,4,No,No,2025-03-15 14:17:08.306712
CUST0358,Home,Table,Coffee,201.31,3,No,No,2025-01-21 21:02:13.306712
CUST0403,Home,Chair,Dining,544.41,3,Yes,No,2025-02-25 22:26:43.306712
CUST0960,Electronics,Headphones,Wired,857.83,4,No,No,2025-02-21 19:46:05.306712
CUST0584,Clothing,Jacket,Leather,409.62,2,Yes,No,2025-03-05 06:30:05.306712
CUST0667,Clothing,T-Shirt,Round Neck,293.12,4,No,No,2025-02-14 07:04:54.306712
CUST0582,Books,Biography,Historical,333.54,4,Yes,No,2025-03-06 09:07:00.306712
CUST0792,Home,Chair,Dining,430.36,1,Yes,No,2025-03-15 00:54:55.306712
CUST0624,Toys,Doll,Barbie,397.61,6,No,No,2025-01-28 21:09:13.306712
CUST0130,Electronics,Laptop,Gaming,363.6,5,No,No,2025-03-13 06:20:31.306712
CUST0709,Clothing,Jacket,Denim,741.07,3,No,No,2025-03-24 08:02:01.306712
CUST0613,Home,Table,Study,834.8,0,Yes,No,2025-03-17 11:00:54.306712
CUST0134,Home,Table,Study,543.27,2,No,No,2025-04-05 15:50:26.306712
CUST0754,Toys,Car,Electric,271.96,1,No,No,2025-03-17 08:27:07.306712
CUST0087,Home,Lamp,Halogen,238.12,3,No,No,2025-03-15 07:02:27.306712
CUST0559,Toys,Doll,Barbie,294.79,5,Yes,No,2025-02-25 08:45:05.306712
CUST0094,Home,Chair,Office,580.29,3,No,No,2025-04-10 10:09:35.306712
CUST0558,Books,Biography,Celebrity,347.85,4,No,No,2025-02-28 21:05:38.306712
CUST0201,Toys,Car,Electric,550.48,3,No,No,2025-01-16 01:17:38.306712
CUST0957,Toys,Doll,Action,644.27,2,Yes,No,2025-02-19 10:42:38.306712
CUST0799,Electronics,Headphones,Wireless,945.38,5,No,No,2025-03-24 08:32:44.306712
CUST0643,Books,Biography,Celebrity,603.23,2,No,No,2025-02-19 20:05:32.306712
CUST0555,Clothing,Jacket,Denim,805.98,6,No,No,2025-03-03 14:48:51.306712
CUST0510,Clothing,T-Shirt,V-Neck,515.94,4,No,No,2025-03-04 14:50:29.306712
CUST0591,Clothing,Jeans,Slim,471.31,7,No,No,2025-03-31 06:15:56.306712
CUST0659,Toys,Doll,Barbie,330.13,2,Yes,No,2025-02-21 04:59:32.306712
CUST0659,Clothing,Jacket,Leather,705.98,3,No,No,2025-02-18 07:17:26.306712
CUST0054,Home,Chair,Dining,517.84,2,No,No,2025-03-27 20:48:03.306712
CUST0400,Books,Textbook,Science,540.5,4,No,No,2025-03-21 01:47:40.306712
CUST0468,Toys,Puzzle,Jigsaw,727.85,3,No,No,2025-03-19 20:25:54.306712
CUST0128,Clothing,Jeans,Slim,438.71,3,No,No,2025-03-30 01:57:23.306712
CUST0765,Home,Lamp,Halogen,436.66,5,No,No,2025-02-06 21:33:13.306712
CUST0187,Toys,Doll,Action,168.03,2,No,No,2025-03-12 03:22:42.306712
CUST0404,Clothing,T-Shirt,V-Neck,188.49,1,No,No,2025-04-03 18:00:46.306712
CUST0835,Toys,Doll,Barbie,321.36,4,No,No,2025-03-16 11:33:05.306712
CUST0253,Clothing,Jacket,Denim,488.92,2,No,No,2025-03-31 03:57:07.306712
CUST0401,Clothing,T-Shirt,Round Neck,422.63,1,Yes,No,2025-02-15 12:53:34.306712
CUST0415,Clothing,Jeans,Slim,385.99,7,Yes,No,2025-04-12 10:37:47.306712
CUST0336,Clothing,Jacket,Denim,77.86,3,Yes,No,2025-03-01 10:22:45.306712
CUST0183,Home,Lamp,LED,782.12,0,No,No,2025-03-10 09:04:58.306712
CUST0176,Books,Textbook,Math,358.17,2,No,No,2025-04-07 19:34:03.306712
CUST0712,Clothing,Jeans,Regular,563.57,1,Yes,No,2025-01-23 10:23:36.306712
CUST0229,Toys,Puzzle,3D,611.99,2,Yes,No,2025-02-18 08:34:24.306712
CUST0375,Electronics,Headphones,Wired,619.34,5,No,No,2025-03-04 21:24:29.306712
CUST0270,Books,Textbook,Science,506.64,4,No,No,2025-01-15 00:37:41.306712
CUST0625,Home,Lamp,Halogen,646.57,5,No,No,2025-04-03 14:16:10.306712
CUST0268,Clothing,T-Shirt,Round Neck,193.73,2,No,No,2025-02-12 06:40:36.306712
CUST0644,Toys,Puzzle,Jigsaw,238.66,2,No,No,2025-04-13 10:40:50.306712
CUST0853,Electronics,Laptop,Ultrabook,773.17,1,No,No,2025-01-29 12:14:54.306712
CUST0049,Clothing,Jacket,Denim,380.0,3,No,No,2025-03-11 00:18:23.306712
CUST0242,Home,Chair,Office,721.43,3,No,No,2025-04-04 22:11:41.306712
CUST0373,Clothing,Jeans,Regular,655.84,2,No,No,2025-01-22 01:44:23.306712
CUST0334,Home,Lamp,LED,342.77,1,No,No,2025-02-14 05:37:34.306712
CUST0848,Home,Chair,Office,485.13,1,No,No,2025-02-03 12:54:24.306712
CUST0747,Clothing,Jeans,Slim,570.0,2,Yes,No,2025-04-02 21:12:19.306712
CUST0430,Books,Textbook,Math,1040.78,3,No,No,2025-02-05 15:07:44.306712
CUST0818,Books,Biography,Celebrity,777.11,3,No,No,2025-01-17 22:54:19.306712
CUST0017,Toys,Doll,Barbie,400.93,4,No,No,2025-03-22 04:37:23.306712
CUST0886,Electronics,Laptop,Gaming,399.79,4,Yes,Yes,2025-02-16 20:45:15.306712
CUST0182,Books,Biography,Historical,603.76,5,Yes,No,2025-03-05 08:33:37.306712
CUST0485,Toys,Puzzle,Jigsaw,171.8,3,Yes,No,2025-01-14 03:52:33.306712
CUST0279,Home,Chair,Office,336.24,4,No,No,2025-04-05 12:30:02.306712
CUST0527,Toys,Car,Remote Control,342.06,4,No,No,2025-02-21 13:22:51.306712
CUST0167,Clothing,Jeans,Regular,270.9,4,No,No,2025-02-22 21:44:45.306712
CUST0060,Home,Table,Study,223.74,2,Yes,No,2025-03-31 10:23:04.306712
CUST0773,Books,Textbook,Science,725.56,1,No,No,2025-02-09 15:34:22.306712
CUST0306,Clothing,T-Shirt,V-Neck,769.73,4,Yes,No,2025-03-04 01:04:24.306712
CUST0346,Home,Table,Study,650.89,0,Yes,No,2025-03-25 15:57:15.306712
CUST0603,Books,Biography,Celebrity,198.64,1,Yes,No,2025-03-30 23:27:39.306712
CUST0730,Toys,Doll,Barbie,399.72,4,Yes,No,2025-02-12 01:50:08.306712
CUST0981,Toys,Puzzle,Jigsaw,478.77,3,Yes,No,2025-02-24 01:45:51.306712
CUST0341,Electronics,Mobile,Android,753.04,2,No,No,2025-04-09 04:33:09.306712
CUST0041,Electronics,Mobile,iOS,248.91,2,No,No,2025-02-18 16:11:53.306712
CUST0655,Clothing,Jacket,Leather,338.58,5,Yes,Yes,2025-02-05 11:06:12.306712
CUST0135,Electronics,Laptop,Ultrabook,433.32,3,Yes,Yes,2025-01-14 01:10:49.306712
CUST0332,Home,Lamp,LED,669.09,3,No,No,2025-03-05 04:03:12.306712
CUST0209,Books,Textbook,Math,139.08,4,No,No,2025-03-20 17:21:55.306712
CUST0103,Home,Lamp,Halogen,50.0,1,No,No,2025-04-06 03:27:36.306712
CUST0533,Toys,Car,Remote Control,251.45,1,No,No,2025-02-19 23:14:27.306712
CUST0601,Toys,Car,Remote Control,341.65,6,No,No,2025-01-27 11:54:53.306712
CUST0512,Clothing,Jeans,Regular,567.91,3,No,No,2025-04-10 18:43:04.306712
CUST0653,Books,Textbook,Science,453.27,2,No,No,2025-03-16 22:50:23.306712
CUST0424,Clothing,Jacket,Leather,715.24,3,No,No,2025-01-26 02:30:36.306712
CUST0376,Toys,Car,Electric,570.05,3,Yes,No,2025-02-10 11:05:18.306712
CUST0215,Electronics,Headphones,Wireless,563.11,2,No,No,2025-04-01 16:53:04.306712
CUST0834,Clothing,Jacket,Leather,775.58,3,No,No,2025-03-26 01:38:38.306712
CUST0137,Clothing,T-Shirt,Round Neck,901.59,0,No,No,2025-02-01 22:39:27.306712
CUST0622,Clothing,Jacket,Leather,340.01,3,Yes,No,2025-03-15 02:23:07.306712
CUST0095,Electronics,Laptop,Gaming,124.48,4,No,No,2025-04-09 11:31:29.306712
CUST0093,Toys,Puzzle,3D,233.73,3,Yes,Yes,2025-01-29 01:22:49.306712
CUST0209,Toys,Doll,Action,456.05,1,Yes,No,2025-01-15 20:39:04.306712
CUST0546,Clothing,Jeans,Regular,103.28,2,No,No,2025-03-04 20:49:01.306712
CUST0724,Electronics,Headphones,Wired,593.47,4,Yes,Yes,2025-01-31 01:10:56.306712
CUST0922,Home,Lamp,Halogen,282.04,4,No,No,2025-02-13 15:50:02.306712
CUST0267,Home,Table,Study,630.39,5,No,No,2025-03-01 11:36:55.306712
CUST0139,Books,Novel,Fiction,703.43,0,Yes,No,2025-02-14 02:31:07.306712
CUST0146,Toys,Puzzle,3D,871.33,0,No,No,2025-02-19 15:17:17.306712
CUST0922,Toys,Puzzle,Jigsaw,430.67,3,No,No,2025-02-20 14:46:58.306712
CUST0055,Toys,Puzzle,3D,774.73,4,No,No,2025-01-25 05:59:19.306712
CUST0661,Books,Novel,Fiction,328.57,1,Yes,No,2025-02-26 21:28:39.306712
CUST0704,Clothing,T-Shirt,V-Neck,460.96,6,No,No,2025-03-30 22:32:16.306712
CUST0735,Clothing,Jacket,Leather,453.0,4,Yes,No,2025-04-13 10:08:28.306712
CUST0030,Home,Chair,Office,462.18,2,No,No,2025-01-28 13:49:28.306712
CUST0591,Toys,Car,Electric,393.73,0,Yes,No,2025-03-26 10:50:40.306712
CUST0422,Clothing,T-Shirt,V-Neck,985.21,2,No,No,2025-04-01 02:56:45.306712
CUST0335,Toys,Puzzle,3D,699.96,4,No,No,2025-02-05 10:45:20.306712
CUST0567,Toys,Puzzle,Jigsaw,449.12,5,No,No,2025-04-10 13:40:46.306712
CUST0171,Home,Table,Study,187.82,5,No,No,2025-03-22 17:04:34.306712
CUST0988,Clothing,Jacket,Leather,632.27,4,Yes,Yes,2025-02-12 10:02:13.306712
CUST0274,Books,Novel,Mystery,470.11,4,No,No,2025-03-24 21:04:33.306712
CUST0661,Books,Textbook,Science,618.17,2,No,No,2025-02-03 18:11:48.306712
CUST0166,Books,Biography,Historical,181.98,3,Yes,No,2025-03-09 22:49:48.306712
CUST0341,Home,Lamp,Halogen,637.78,2,No,No,2025-03-13 20:25:51.306712
CUST0733,Electronics,Mobile,iOS,428.72,4,No,No,2025-03-13 02:42:33.306712
CUST0845,Toys,Doll,Barbie,515.52,0,No,No,2025-01-31 15:27:54.306712
CUST0585,Clothing,Jeans,Slim,654.16,1,No,No,2025-01-29 05:53:52.306712
CUST0057,Home,Chair,Dining,634.55,4,Yes,No,2025-04-11 22:12:05.306712
CUST0510,Electronics,Mobile,iOS,563.15,4,Yes,No,2025-04-02 21:06:56.306712
CUST0335,Clothing,Jacket,Leather,50.0,1,No,No,2025-01-26 04:40:52.306712
CUST0153,Electronics,Headphones,Wireless,287.85,2,No,No,2025-01-26 14:06:49.306712
CUST0813,Home,Lamp,LED,794.89,3,No,No,2025-03-07 17:05:12.306712
CUST0193,Clothing,T-Shirt,Round Neck,613.97,3,Yes,Yes,2025-03-08 07:36:17.306712
CUST0501,Toys,Car,Remote Control,624.25,3,Yes,No,2025-03-03 15:04:12.306712
CUST0885,Toys,Doll,Action,725.17,3,No,No,2025-03-20 21:05:56.306712
CUST0216,Home,Table,Study,349.81,5,Yes,Yes,2025-03-16 09:30:53.306712
CUST0548,Books,Novel,Fiction,626.39,1,No,No,2025-02-02 02:53:05.306712
CUST0018,Home,Lamp,LED,338.49,5,Yes,No,2025-03-17 04:06:32.306712
CUST0084,Toys,Car,Remote Control,648.13,2,No,No,2025-01-24 03:18:38.306712
CUST0472,Electronics,Laptop,Gaming,606.76,2,No,No,2025-02-02 21:39:25.306712
CUST0893,Toys,Puzzle,Jigsaw,342.05,2,Yes,No,2025-03-30 03:16:29.306712
CUST0153,Toys,Puzzle,3D,524.5,4,No,No,2025-03-18 23:27:12.306712
CUST0025,Electronics,Laptop,Gaming,560.92,1,No,No,2025-02-28 21:56:59.306712
CUST0284,Toys,Puzzle,Jigsaw,451.32,1,No,No,2025-03-13 22:27:07.306712
CUST0844,Clothing,T-Shirt,V-Neck,591.15,2,No,No,2025-02-28 03:36:23.306712
CUST0085,Clothing,Jacket,Denim,533.78,5,No,No,2025-01-22 12:44:33.306712
CUST0624,Electronics,Mobile,iOS,575.27,4,Yes,Yes,2025-01-28 03:53:54.306712
CUST0750,Clothing,T-Shirt,Round Neck,577.32,5,Yes,Yes,2025-04-07 15:49:52.306712
CUST0704,Books,Biography,Celebrity,563.7,5,No,No,2025-03-27 14:01:35.306712
CUST0677,Clothing,T-Shirt,Round Neck,280.71,0,No,No,2025-03-13 07:54:18.306712
CUST0790,Electronics,Mobile,Android,447.26,2,No,No,2025-02-19 15:40:57.306712
CUST0413,Electronics,Mobile,Android,520.86,5,No,No,2025-01-17 13:43:19.306712
CUST0124,Toys,Car,Electric,567.85,0,Yes,No,2025-02-25 20:36:05.306712
CUST0140,Home,Table,Study,763.74,1,No,No,2025-02-06 15:39:14.306712
CUST0203,Toys,Car,Electric,483.11,1,No,No,2025-01-17 02:28:18.306712
CUST0301,Toys,Puzzle,3D,369.45,1,No,No,2025-02-19 10:19:37.306712
CUST0346,Clothing,Jacket,Leather,277.93,5,No,No,2025-03-18 14:53:57.306712
CUST0184,Books,Textbook,Science,267.93,3,No,No,2025-03-29 21:55:28.306712
CUST0534,Electronics,Mobile,iOS,395.38,6,No,No,2025-01-30 14:37:52.306712
CUST0103,Electronics,Laptop,Gaming,354.09,6,No,No,2025-03-31 04:39:19.306712
CUST0572,Books,Textbook,Math,834.74,5,No,No,2025-04-13 00:27:07.306712
CUST0346,Electronics,Headphones,Wired,454.98,2,No,No,2025-01-26 13:55:20.306712
CUST0154,Toys,Doll,Action,795.37,5,Yes,Yes,2025-04-05 01:31:25.306712
CUST0843,Toys,Puzzle,3D,223.72,1,No,No,2025-02-16 11:42:12.306712
CUST0739,Books,Novel,Fiction,692.14,5,No,No,2025-04-01 16:49:54.306712
CUST0954,Clothing,Jacket,Denim,102.27,4,No,No,2025-01-25 22:56:14.306712
CUST0798,Toys,Doll,Barbie,296.95,2,No,No,2025-03-29 21:15:31.306712
CUST0100,Clothing,Jeans,Slim,534.09,2,No,No,2025-01-27 06:48:14.306712
CUST0283,Clothing,Jeans,Regular,411.44,3,Yes,No,2025-03-06 21:39:09.306712
CUST0376,Books,Biography,Historical,373.9,6,No,No,2025-02-03 02:13:37.306712
CUST0867,Electronics,Laptop,Gaming,748.39,2,Yes,No,2025-04-09 17:37:49.306712
CUST0761,Clothing,T-Shirt,Round Neck,868.36,0,No,No,2025-03-01 06:59:58.306712
CUST0953,Electronics,Laptop,Gaming,469.95,4,Yes,Yes,2025-01-29 05:34:54.306712
CUST0491,Clothing,Jacket,Denim,449.12,1,No,No,2025-02-09 11:49:39.306712
CUST0062,Clothing,Jacket,Leather,806.51,2,No,No,2025-02-25 12:44:01.306712
CUST0737,Electronics,Laptop,Ultrabook,228.19,3,Yes,No,2025-01-15 16:21:07.306712
CUST0423,Clothing,T-Shirt,Round Neck,443.96,1,No,No,2025-04-07 00:10:21.306712
CUST0289,Toys,Car,Electric,612.16,3,Yes,Yes,2025-02-07 20:31:12.306712
CUST0976,Clothing,Jacket,Leather,225.0,4,Yes,Yes,2025-03-23 11:23:41.306712
CUST0888,Home,Chair,Office,727.57,2,No,No,2025-01-19 04:51:40.306712
CUST0128,Electronics,Headphones,Wired,419.09,3,No,No,2025-04-11 15:56:59.306712
CUST0927,Books,Biography,Celebrity,735.41,4,No,No,2025-02-18 07:01:23.306712
CUST0434,Home,Table,Coffee,468.73,4,No,No,2025-02-18 12:26:01.306712
CUST0454,Toys,Car,Remote Control,507.71,4,No,No,2025-02-18 14:57:15.306712
CUST0292,Books,Novel,Fiction,258.33,2,No,No,2025-02-06 21:43:46.306712
CUST0492,Electronics,Mobile,iOS,367.14,3,Yes,Yes,2025-01-13 18:34:04.306712
CUST0114,Electronics,Headphones,Wireless,540.94,4,Yes,No,2025-03-31 21:57:00.306712
CUST0803,Toys,Puzzle,Jigsaw,714.2,3,No,No,2025-02-02 15:03:29.306712
CUST0028,Books,Textbook,Math,276.84,2,Yes,No,2025-01-23 06:05:51.306712
CUST0461,Books,Biography,Historical,504.93,1,No,No,2025-03-01 23:37:03.306712
CUST0166,Books,Textbook,Math,706.94,4,No,No,2025-03-07 08:40:55.306712
CUST0014,Toys,Puzzle,3D,680.13,2,No,No,2025-02-25 23:33:40.306712
CUST0110,Clothing,Jacket,Leather,613.29,1,Yes,No,2025-04-07 19:47:47.306712
CUST0738,Electronics,Laptop,Gaming,858.59,3,Yes,Yes,2025-02-01 11:43:00.306712
CUST0521,Electronics,Laptop,Ultrabook,288.59,2,Yes,No,2025-01-23 09:06:06.306712
CUST0253,Electronics,Laptop,Gaming,537.61,3,No,No,2025-02-14 18:08:33.306712
CUST0082,Electronics,Laptop,Ultrabook,829.68,6,No,No,2025-03-06 00:48:32.306712
CUST0977,Home,Lamp,Halogen,651.09,0,No,No,2025-02-01 21:03:28.306712
CUST0821,Books,Novel,Fiction,456.18,3,Yes,No,2025-01-15 21:58:01.306712
CUST0018,Toys,Doll,Barbie,513.63,3,Yes,Yes,2025-04-06 22:45:34.306712
CUST0541,Home,Lamp,Halogen,415.18,1,Yes,No,2025-03-22 19:15:38.306712
CUST0440,Toys,Doll,Action,447.3,2,Yes,No,2025-01-16 09:22:14.306712
CUST0210,Electronics,Headphones,Wireless,543.03,2,No,No,2025-02-14 21:55:31.306712
CUST0204,Clothing,Jacket,Denim,525.35,5,Yes,Yes,2025-04-02 03:19:35.306712
CUST0942,Books,Biography,Celebrity,819.22,2,Yes,No,2025-04-09 21:12:18.306712
CUST0404,Books,Novel,Fiction,391.09,3,Yes,Yes,2025-01-19 17:30:23.306712
CUST0538,Clothing,T-Shirt,V-Neck,466.97,2,No,No,2025-01-15 08:25:47.306712
CUST0033,Electronics,Laptop,Ultrabook,370.54,3,No,No,2025-02-22 18:45:55.306712
CUST0436,Electronics,Laptop,Ultrabook,901.22,2,No,No,2025-03-15 08:50:22.306712
CUST0604,Electronics,Mobile,Android,584.98,3,No,No,2025-01-18 10:03:22.306712
CUST0458,Toys,Doll,Action,523.94,1,No,No,2025-01-25 13:53:47.306712
CUST0936,Home,Chair,Office,459.0,4,No,No,2025-03-27 05:33:04.306712
CUST0671,Home,Table,Coffee,298.34,5,No,No,2025-03-07 07:31:46.306712
CUST0787,Toys,Puzzle,3D,229.1,3,No,No,2025-03-10 06:06:44.306712
CUST0004,Home,Chair,Office,906.19,4,No,No,2025-02-13 06:05:13.306712
CUST0804,Clothing,T-Shirt,V-Neck,241.01,2,Yes,No,2025-03-13 18:54:22.306712
CUST0624,Toys,Puzzle,3D,602.52,3,No,No,2025-03-17 06:51:07.306712
CUST0851,Toys,Doll,Action,617.8,3,No,No,2025-03-30 13:29:00.306712
CUST0621,Toys,Doll,Barbie,577.11,6,Yes,No,2025-02-01 19:07:19.306712
CUST0475,Toys,Doll,Barbie,446.0,9,No,No,2025-04-02 12:10:46.306712
CUST0425,Books,Textbook,Science,350.37,6,Yes,Yes,2025-04-11 16:10:18.306712
CUST0392,Electronics,Mobile,Android,649.72,3,No,No,2025-03-01 14:13:47.306712
CUST0294,Electronics,Laptop,Ultrabook,50.0,2,No,No,2025-03-09 22:46:12.306712
CUST0273,Clothing,T-Shirt,Round Neck,380.15,7,No,No,2025-03-28 12:14:42.306712
CUST0331,Books,Novel,Fiction,132.38,5,No,No,2025-03-26 01:27:42.306712
CUST0706,Toys,Car,Remote Control,780.84,5,No,No,2025-03-11 02:22:24.306712
CUST0583,Electronics,Headphones,Wired,92.5,4,Yes,No,2025-01-20 00:18:46.306712
CUST0729,Home,Chair,Dining,934.78,1,Yes,No,2025-04-05 20:28:06.306712
CUST0979,Clothing,T-Shirt,Round Neck,514.73,4,No,No,2025-02-27 21:00:59.306712
CUST0053,Toys,Doll,Barbie,343.11,3,Yes,Yes,2025-02-22 09:17:59.306712
CUST0057,Clothing,Jacket,Leather,464.34,2,Yes,No,2025-03-15 18:07:47.306712
CUST0823,Home,Chair,Office,289.43,1,No,No,2025-02-05 08:16:57.306712
CUST0379,Toys,Car,Remote Control,813.16,1,No,No,2025-04-10 23:17:37.306712
CUST0151,Electronics,Mobile,iOS,624.18,4,No,No,2025-01-15 16:25:42.306712
CUST0749,Toys,Car,Remote Control,971.66,1,No,No,2025-03-18 17:34:36.306712
CUST0521,Electronics,Mobile,iOS,498.24,1,Yes,No,2025-04-10 07:45:14.306712
CUST0267,Home,Table,Coffee,418.0,1,No,No,2025-01-29 02:41:53.306712
CUST0777,Electronics,Laptop,Ultrabook,488.37,3,No,No,2025-03-05 04:25:29.306712
CUST0526,Clothing,Jacket,Denim,454.7,1,No,No,2025-03-03 17:14:36.306712
CUST0383,Books,Novel,Fiction,284.68,1,No,No,2025-01-19 12:00:25.306712
CUST0832,Electronics,Laptop,Gaming,519.32,2,Yes,No,2025-02-23 04:02:51.306712
CUST0486,Home,Lamp,LED,398.7,2,No,No,2025-04-03 23:28:14.306712
CUST0863,Clothing,T-Shirt,V-Neck,359.07,0,No,No,2025-03-09 05:05:12.306712
CUST0088,Home,Table,Study,709.28,2,No,No,2025-01-22 09:25:15.306712
CUST0783,Electronics,Mobile,iOS,464.91,2,Yes,No,2025-03-19 23:31:44.306712
CUST0837,Toys,Doll,Barbie,416.33,3,Yes,No,2025-02-23 14:58:08.306712
CUST0574,Toys,Puzzle,3D,535.8,2,Yes,No,2025-03-25 00:22:59.306712
CUST0771,Books,Textbook,Science,347.06,7,No,No,2025-03-19 00:47:36.306712
CUST0651,Electronics,Laptop,Gaming,586.24,8,No,No,2025-03-11 16:18:09.306712
CUST0364,Clothing,Jacket,Leather,526.72,1,No,No,2025-02-07 14:54:12.306712
CUST0927,Electronics,Headphones,Wired,546.91,3,Yes,Yes,2025-02-23 23:31:58.306712
CUST0046,Books,Textbook,Math,620.22,3,Yes,Yes,2025-02-10 02:14:37.306712
CUST0691,Toys,Car,Electric,512.15,3,Yes,Yes,2025-02-19 03:34:37.306712
CUST0363,Electronics,Laptop,Ultrabook,346.49,0,No,No,2025-01-31 03:39:08.306712
CUST0300,Electronics,Headphones,Wired,556.51,4,No,No,2025-03-22 16:00:22.306712
CUST0656,Home,Table,Study,777.95,1,No,No,2025-02-19 18:21:33.306712
CUST0560,Clothing,Jacket,Denim,567.27,4,No,No,2025-03-13 21:48:30.306712
CUST0440,Electronics,Laptop,Ultrabook,147.68,1,No,No,2025-03-04 04:33:02.306712
CUST0320,Clothing,T-Shirt,V-Neck,542.69,5,No,No,2025-01-14 15:16:02.306712
CUST0157,Toys,Doll,Barbie,850.64,0,No,No,2025-02-19 23:29:46.306712
CUST0146,Clothing,Jeans,Slim,463.4,5,Yes,No,2025-02-21 23:43:14.306712
CUST0282,Toys,Car,Electric,361.34,1,No,No,2025-01-13 13:00:06.306712
CUST0515,Toys,Puzzle,3D,190.38,5,No,No,2025-03-06 09:57:42.306712
CUST0410,Toys,Car,Electric,429.7,5,No,No,2025-03-14 03:06:45.306712
CUST0043,Books,Novel,Mystery,669.05,2,No,No,2025-02-20 21:03:28.306712
CUST0492,Clothing,Jacket,Denim,499.46,1,No,No,2025-03-12 22:49:46.306712
CUST0590,Electronics,Laptop,Gaming,799.44,0,Yes,No,2025-03-15 00:27:15.306712
CUST0854,Electronics,Mobile,iOS,524.74,3,No,No,2025-01-20 16:17:31.306712
CUST0220,Electronics,Headphones,Wireless,561.17,1,No,No,2025-02-17 05:48:47.306712
CUST0678,Toys,Car,Electric,101.59,2,No,No,2025-04-03 04:41:04.306712
CUST0895,Clothing,Jacket,Denim,318.65,1,No,No,2025-01-23 23:46:05.306712
CUST0239,Clothing,Jeans,Regular,574.94,9,Yes,No,2025-02-15 16:29:17.306712
CUST0192,Clothing,T-Shirt,V-Neck,466.51,3,Yes,Yes,2025-03-04 03:01:11.306712
CUST0097,Books,Biography,Historical,473.99,4,No,No,2025-04-11 20:40:42.306712
CUST0170,Home,Lamp,Halogen,716.28,2,No,No,2025-03-02 15:00:53.306712
CUST0149,Home,Chair,Office,301.88,4,No,No,2025-02-24 03:39:09.306712
CUST0326,Electronics,Mobile,iOS,241.27,3,No,No,2025-02-09 01:44:10.306712
CUST0029,Toys,Doll,Action,427.7,6,No,No,2025-04-05 13:29:34.306712
CUST0065,Books,Textbook,Science,437.01,1,Yes,No,2025-04-10 13:22:29.306712
CUST0934,Electronics,Headphones,Wireless,590.61,5,Yes,No,2025-03-12 05:35:50.306712
CUST0552,Toys,Car,Electric,541.61,2,No,No,2025-03-07 14:06:55.306712
CUST0555,Electronics,Laptop,Ultrabook,50.0,3,No,No,2025-04-04 09:59:48.306712
CUST0565,Clothing,T-Shirt,V-Neck,600.68,1,No,No,2025-01-21 05:43:43.306712
CUST0454,Home,Lamp,LED,439.82,3,Yes,No,2025-04-05 00:55:31.306712
CUST0335,Toys,Puzzle,3D,846.78,2,No,No,2025-03-15 08:15:45.306712
CUST0386,Home,Table,Study,755.47,3,Yes,No,2025-03-06 18:46:25.306712
CUST0633,Clothing,Jacket,Denim,254.64,5,No,No,2025-03-22 03:06:58.306712
CUST0634,Toys,Doll,Action,194.99,5,Yes,No,2025-02-19 12:22:29.306712
CUST0581,Home,Table,Coffee,558.15,3,No,No,2025-02-14 06:55:41.306712
CUST0349,Toys,Doll,Action,399.24,4,No,No,2025-04-01 12:40:38.306712
CUST0676,Electronics,Mobile,Android,699.96,1,No,No,2025-03-14 02:13:11.306712
CUST0139,Toys,Car,Electric,457.59,4,No,No,2025-01-19 04:43:19.306712
CUST0866,Books,Biography,Historical,378.59,8,No,No,2025-03-22 04:18:30.306712
CUST0952,Books,Textbook,Math,615.15,3,Yes,Yes,2025-01-20 08:12:27.306712
CUST0486,Electronics,Laptop,Gaming,480.18,1,No,No,2025-02-04 13:18:41.306712
CUST0853,Toys,Car,Remote Control,596.7,3,No,No,2025-02-02 14:52:36.306712
CUST0432,Home,Chair,Dining,603.9,5,No,No,2025-03-23 09:07:21.306712
CUST0664,Clothing,T-Shirt,V-Neck,167.59,1,No,No,2025-02-14 07:41:26.306712
CUST0382,Toys,Puzzle,3D,758.03,1,No,No,2025-03-01 15:31:04.306712
CUST0008,Electronics,Mobile,iOS,765.54,3,No,No,2025-04-01 20:37:59.306712
CUST0140,Home,Table,Study,476.64,2,No,No,2025-01-30 21:08:00.306712
CUST0049,Home,Lamp,Halogen,586.86,5,No,No,2025-03-20 18:19:43.306712
CUST0886,Home,Table,Study,366.64,1,Yes,No,2025-02-24 09:17:49.306712
CUST0510,Books,Novel,Mystery,212.98,1,No,No,2025-03-31 03:07:11.306712
CUST0447,Home,Chair,Office,445.56,1,No,No,2025-04-03 03:23:10.306712
CUST0810,Home,Lamp,Halogen,525.74,4,No,No,2025-04-07 12:12:49.306712
CUST0373,Books,Biography,Celebrity,636.9,1,No,No,2025-03-06 16:42:34.306712
CUST0914,Electronics,Headphones,Wired,248.0,5,No,No,2025-03-30 11:35:53.306712
CUST0976,Home,Lamp,LED,438.87,2,No,No,2025-02-01 04:15:51.306712
CUST0801,Toys,Car,Electric,262.52,3,Yes,Yes,2025-02-06 01:18:23.306712
CUST0878,Home,Lamp,Halogen,300.25,4,No,No,2025-04-08 13:09:48.306712
CUST0391,Clothing,Jacket,Leather,336.31,3,No,No,2025-03-29 07:25:17.306712
CUST0429,Home,Table,Study,589.1,3,No,No,2025-01-18 18:28:45.306712
CUST0112,Books,Textbook,Science,490.04,2,No,No,2025-03-13 02:48:34.306712
CUST0623,Home,Chair,Office,304.69,2,Yes,No,2025-01-14 09:32:13.306712
CUST0712,Books,Novel,Fiction,574.08,0,No,No,2025-01-25 00:07:38.306712
CUST0180,Clothing,Jeans,Slim,514.94,4,No,No,2025-03-28 11:52:33.306712
CUST0818,Books,Biography,Celebrity,295.97,0,No,No,2025-03-21 21:13:18.306712
CUST0673,Books,Biography,Celebrity,274.87,2,Yes,No,2025-01-26 13:13:43.306712
CUST0783,Home,Table,Coffee,391.84,4,Yes,Yes,2025-01-23 13:44:19.306712
CUST0081,Clothing,Jeans,Slim,699.59,2,No,No,2025-01-22 11:16:36.306712
CUST0382,Toys,Doll,Action,536.54,3,No,No,2025-01-19 07:56:20.306712
CUST0007,Toys,Puzzle,Jigsaw,483.22,4,No,No,2025-02-28 14:03:57.306712
CUST0603,Toys,Doll,Action,493.96,4,No,No,2025-03-23 12:52:30.306712
CUST0507,Toys,Puzzle,Jigsaw,555.57,4,Yes,No,2025-01-30 07:03:46.306712
CUST0592,Toys,Doll,Action,968.88,2,No,No,2025-03-30 18:46:02.306712
CUST0919,Electronics,Laptop,Ultrabook,803.35,1,Yes,No,2025-01-26 14:33:54.306712
CUST0736,Books,Biography,Historical,631.58,4,No,No,2025-03-16 12:14:02.306712
CUST0832,Books,Novel,Fiction,564.52,3,Yes,No,2025-04-12 18:50:34.306712
CUST0169,Electronics,Mobile,iOS,559.43,1,No,No,2025-02-04 17:21:43.306712
CUST0754,Books,Biography,Historical,273.98,1,No,No,2025-02-24 06:22:10.306712
CUST0355,Toys,Car,Remote Control,265.0,6,No,No,2025-04-07 15:03:23.306712
CUST0771,Toys,Puzzle,3D,727.31,4,Yes,No,2025-04-03 00:36:45.306712
CUST0651,Clothing,Jeans,Regular,768.82,2,No,No,2025-03-04 10:02:22.306712
CUST0180,Home,Chair,Office,458.3,4,No,No,2025-03-19 17:29:27.306712
CUST0571,Clothing,Jacket,Denim,433.84,4,Yes,No,2025-02-17 15:47:27.306712
CUST0817,Home,Chair,Office,589.98,0,No,No,2025-03-20 02:58:41.306712
CUST0968,Books,Biography,Celebrity,334.11,9,No,No,2025-03-17 21:23:08.306712
CUST0377,Home,Table,Study,597.37,2,No,No,2025-02-15 09:03:19.306712
CUST0758,Clothing,T-Shirt,Round Neck,602.81,3,No,No,2025-01-24 07:47:28.306712
CUST0144,Clothing,T-Shirt,V-Neck,462.9,3,No,No,2025-02-10 05:23:09.306712
CUST0789,Toys,Car,Remote Control,719.32,4,No,No,2025-03-20 17:46:41.306712
CUST0963,Toys,Car,Electric,398.06,3,No,No,2025-02-26 06:31:33.306712
CUST0449,Books,Novel,Fiction,446.42,1,No,No,2025-03-19 00:35:40.306712
CUST0301,Clothing,Jeans,Slim,689.93,3,Yes,Yes,2025-04-07 17:52:45.306712
CUST0853,Toys,Car,Remote Control,216.61,1,No,No,2025-03-21 00:33:39.306712
CUST0174,Electronics,Laptop,Ultrabook,602.38,7,No,No,2025-03-23 20:26:51.306712
CUST0013,Toys,Puzzle,Jigsaw,128.23,2,No,No,2025-03-13 10:00:35.306712
CUST0803,Books,Novel,Fiction,443.01,3,Yes,Yes,2025-03-23 21:42:33.306712
CUST0651,Clothing,T-Shirt,V-Neck,720.08,2,No,No,2025-03-13 14:59:49.306712
CUST0812,Clothing,Jeans,Slim,413.07,3,No,No,2025-02-08 09:48:36.306712
CUST0640,Clothing,Jeans,Slim,658.54,3,No,No,2025-04-09 01:18:20.306712
CUST0313,Electronics,Mobile,Android,549.47,2,No,No,2025-03-04 11:32:42.306712
CUST0071,Books,Biography,Celebrity,587.62,3,No,No,2025-03-03 13:18:06.306712
CUST0294,Toys,Puzzle,3D,178.78,3,No,No,2025-02-16 00:54:12.306712
CUST0177,Home,Lamp,Halogen,613.05,0,No,No,2025-04-12 12:28:36.306712
CUST0687,Home,Lamp,Halogen,567.34,7,Yes,Yes,2025-04-03 16:34:34.306712
CUST0545,Clothing,Jacket,Denim,249.15,5,Yes,No,2025-02-28 15:17:30.306712
CUST0618,Toys,Puzzle,3D,319.0,5,No,No,2025-03-22 21:59:05.306712
CUST0804,Toys,Puzzle,Jigsaw,390.63,3,Yes,No,2025-03-17 16:56:03.306712
CUST0774,Home,Chair,Office,560.71,3,No,No,2025-01-27 18:55:53.306712
CUST0550,Books,Textbook,Science,403.69,3,No,No,2025-04-08 09:04:49.306712
CUST0552,Books,Textbook,Science,745.26,6,No,No,2025-03-11 10:26:24.306712
CUST0541,Toys,Puzzle,Jigsaw,710.65,5,No,No,2025-02-12 05:24:30.306712
CUST0323,Books,Textbook,Math,636.92,3,No,No,2025-04-04 19:44:33.306712
CUST0491,Electronics,Laptop,Ultrabook,451.22,5,Yes,No,2025-02-07 03:34:57.306712
CUST0386,Clothing,T-Shirt,Round Neck,822.95,1,No,No,2025-04-07 04:27:11.306712
CUST0747,Toys,Car,Remote Control,363.81,1,Yes,No,2025-03-23 11:43:23.306712
CUST0259,Clothing,Jeans,Slim,468.93,3,No,No,2025-04-11 07:58:34.306712
CUST0209,Toys,Car,Electric,179.63,3,No,No,2025-03-12 00:34:38.306712
CUST0461,Clothing,Jacket,Leather,197.27,1,No,No,2025-02-05 15:24:16.306712
CUST0582,Electronics,Mobile,Android,550.49,4,Yes,No,2025-03-18 13:01:13.306712
CUST0563,Books,Novel,Mystery,822.95,1,No,No,2025-04-12 19:50:32.306712
CUST0837,Clothing,Jacket,Leather,498.81,2,No,No,2025-01-30 05:55:43.306712
CUST0530,Toys,Puzzle,Jigsaw,684.86,2,Yes,No,2025-01-29 19:09:54.306712
CUST0150,Electronics,Mobile,Android,239.86,2,No,No,2025-01-14 22:55:41.306712
CUST0190,Clothing,T-Shirt,Round Neck,530.68,2,No,No,2025-01-15 02:07:52.306712
CUST0065,Toys,Doll,Action,260.08,2,Yes,No,2025-02-24 15:25:35.306712
CUST0389,Electronics,Mobile,Android,550.11,2,No,No,2025-03-03 19:44:55.306712
CUST0862,Toys,Car,Remote Control,334.95,5,No,No,2025-03-23 21:57:37.306712
CUST0396,Electronics,Mobile,Android,538.03,4,No,No,2025-04-02 21:53:01.306712
CUST0303,Clothing,Jeans,Regular,590.66,1,Yes,No,2025-03-31 21:01:09.306712
CUST0096,Home,Chair,Office,505.6,4,No,No,2025-04-10 16:05:24.306712
CUST0567,Home,Lamp,LED,287.82,2,No,No,2025-03-16 18:11:50.306712
CUST0967,Electronics,Headphones,Wireless,489.08,3,Yes,No,2025-02-09 08:10:32.306712
CUST0432,Toys,Car,Electric,424.32,1,Yes,No,2025-02-01 10:33:19.306712
CUST0323,Home,Lamp,Halogen,403.08,3,No,No,2025-04-04 07:02:11.306712
CUST0693,Electronics,Mobile,Android,127.92,2,No,No,2025-02-01 18:52:13.306712
CUST0751,Electronics,Laptop,Ultrabook,373.41,2,No,No,2025-04-12 10:38:06.306712
CUST0187,Electronics,Laptop,Ultrabook,673.25,2,No,No,2025-02-14 11:48:55.306712
CUST0976,Toys,Doll,Action,686.36,1,No,No,2025-04-04 11:46:30.306712
CUST0077,Home,Chair,Office,592.57,3,No,No,2025-02-24 19:56:59.306712
CUST0444,Books,Biography,Celebrity,775.84,3,No,No,2025-01-22 10:38:29.306712
CUST0076,Electronics,Headphones,Wired,409.62,2,No,No,2025-04-12 10:57:45.306712
CUST0380,Home,Chair,Office,970.07,4,Yes,No,2025-04-10 02:16:04.306712
CUST0966,Clothing,Jeans,Slim,754.16,3,No,No,2025-04-01 22:25:32.306712
CUST0458,Toys,Doll,Barbie,491.59,3,No,No,2025-02-21 05:31:39.306712
CUST0629,Toys,Doll,Action,496.55,1,No,No,2025-01-17 13:58:13.306712
CUST0536,Toys,Puzzle,3D,291.94,3,No,No,2025-03-29 13:26:07.306712
CUST0576,Clothing,Jeans,Regular,341.75,3,Yes,No,2025-02-11 01:44:24.306712
CUST0568,Clothing,Jeans,Regular,556.97,2,No,No,2025-01-28 23:24:39.306712
CUST0398,Toys,Doll,Barbie,420.0,4,No,No,2025-03-05 18:25:30.306712
CUST0240,Toys,Doll,Barbie,443.15,3,No,No,2025-02-28 09:09:23.306712
CUST0542,Books,Textbook,Math,440.85,3,No,No,2025-02-17 20:34:48.306712
CUST0032,Home,Table,Study,625.4,2,No,No,2025-01-31 01:03:14.306712
CUST0372,Books,Novel,Mystery,352.96,3,No,No,2025-04-10 13:52:45.306712
CUST0387,Electronics,Headphones,Wireless,352.02,2,No,No,2025-01-25 18:58:41.306712
CUST0023,Electronics,Mobile,iOS,551.02,2,No,No,2025-04-09 01:29:56.306712
CUST0719,Home,Lamp,LED,357.23,3,Yes,Yes,2025-02-11 21:36:13.306712
CUST0081,Toys,Puzzle,3D,559.47,3,No,No,2025-01-27 00:33:42.306712
CUST0964,Electronics,Laptop,Ultrabook,417.23,3,Yes,Yes,2025-02-13 00:42:04.306712
CUST0995,Electronics,Laptop,Ultrabook,319.0,2,No,No,2025-02-26 20:53:54.306712
CUST0298,Electronics,Headphones,Wireless,816.35,4,No,No,2025-03-01 21:58:17.306712
CUST0304,Books,Textbook,Math,840.2,4,Yes,No,2025-01-22 21:13:51.306712
CUST0555,Toys,Puzzle,3D,606.43,1,No,No,2025-01-22 10:20:57.306712
CUST0624,Toys,Doll,Barbie,529.51,4,No,No,2025-02-24 19:33:19.306712
CUST0273,Clothing,T-Shirt,Round Neck,888.05,2,No,No,2025-03-13 01:39:47.306712
CUST0966,Books,Biography,Historical,512.7,4,Yes,Yes,2025-04-02 06:20:53.306712
CUST0725,Home,Table,Study,532.93,3,No,No,2025-02-08 08:57:40.306712
CUST0939,Clothing,T-Shirt,V-Neck,594.81,1,Yes,No,2025-03-20 15:04:57.306712
CUST0301,Home,Lamp,LED,832.57,2,No,No,2025-02-13 11:26:01.306712
CUST0446,Toys,Puzzle,Jigsaw,746.18,2,No,No,2025-04-05 13:00:45.306712
CUST0592,Clothing,T-Shirt,V-Neck,298.57,2,No,No,2025-03-02 18:10:03.306712
CUST0851,Electronics,Headphones,Wireless,310.18,8,No,No,2025-03-25 19:17:07.306712
CUST0051,Electronics,Headphones,Wired,299.06,2,No,No,2025-02-03 19:48:27.306712
CUST0948,Home,Lamp,Halogen,629.32,2,No,No,2025-01-18 15:19:50.306712
CUST0471,Clothing,T-Shirt,Round Neck,535.2,1,No,No,2025-02-09 13:01:42.306712
CUST0868,Books,Novel,Fiction,504.0,3,No,No,2025-04-12 18:53:27.306712
CUST0574,Toys,Doll,Action,637.55,4,No,No,2025-01-13 23:59:07.306712
CUST0060,Electronics,Laptop,Gaming,381.67,1,No,No,2025-01-29 03:10:03.306712
CUST0706,Home,Table,Study,745.21,3,Yes,Yes,2025-01-26 17:41:12.306712
CUST0430,Electronics,Laptop,Ultrabook,560.25,4,No,No,2025-01-14 02:45:30.306712
CUST0494,Electronics,Mobile,iOS,689.39,3,No,No,2025-03-09 02:49:28.306712
CUST0657,Electronics,Mobile,Android,464.04,8,No,No,2025-03-10 06:33:35.306712
CUST0381,Electronics,Headphones,Wireless,347.03,2,No,No,2025-04-05 10:29:34.306712
CUST0475,Electronics,Headphones,Wireless,784.98,2,No,No,2025-02-13 02:09:59.306712
CUST0191,Books,Novel,Fiction,327.06,1,No,No,2025-03-26 17:32:25.306712
CUST0372,Clothing,Jeans,Slim,143.97,5,No,No,2025-04-03 04:50:26.306712
CUST0584,Clothing,T-Shirt,Round Neck,684.38,3,No,No,2025-01-16 16:41:48.306712
CUST0474,Electronics,Laptop,Ultrabook,713.83,1,No,No,2025-03-20 13:50:52.306712
CUST0016,Electronics,Laptop,Ultrabook,698.92,2,No,No,2025-04-11 11:27:13.306712
CUST0718,Electronics,Headphones,Wired,347.23,4,No,No,2025-03-09 01:13:52.306712
CUST0729,Home,Table,Study,331.77,2,No,No,2025-02-04 13:09:29.306712
CUST0831,Clothing,Jacket,Denim,647.33,3,No,No,2025-02-22 15:02:16.306712
CUST0608,Toys,Car,Electric,397.99,2,No,No,2025-04-07 12:16:28.306712
CUST0879,Books,Biography,Historical,408.22,3,No,No,2025-03-12 07:04:01.306712
CUST0264,Home,Lamp,LED,125.91,4,No,No,2025-02-22 15:32:21.306712
CUST0857,Electronics,Headphones,Wireless,497.74,2,No,No,2025-02-28 13:00:59.306712
CUST0208,Home,Table,Coffee,729.71,3,No,No,2025-02-03 05:02:04.306712
CUST0924,Electronics,Mobile,iOS,344.67,4,No,No,2025-02-14 18:29:38.306712
CUST0047,Clothing,Jeans,Regular,471.05,1,Yes,No,2025-02-04 00:59:04.306712
CUST0702,Clothing,T-Shirt,V-Neck,570.81,5,No,No,2025-04-10 03:38:56.306712
CUST0304,Clothing,Jacket,Denim,118.89,3,No,No,2025-02-25 00:28:02.306712
CUST0263,Toys,Puzzle,3D,711.23,3,Yes,No,2025-01-28 04:57:07.306712
CUST0431,Toys,Puzzle,3D,439.26,2,Yes,No,2025-04-07 04:54:37.306712
CUST0280,Toys,Doll,Barbie,734.52,3,No,No,2025-03-26 20:57:04.306712
CUST0440,Books,Novel,Fiction,581.9,1,No,No,2025-03-24 04:40:31.306712
CUST0258,Home,Table,Coffee,735.16,6,No,No,2025-03-07 15:10:58.306712
CUST0311,Clothing,Jeans,Slim,599.95,3,No,No,2025-02-19 15:46:58.306712
CUST0944,Home,Lamp,LED,667.55,4,No,No,2025-03-06 22:56:26.306712
CUST0049,Home,Lamp,LED,685.29,4,No,No,2025-02-25 18:19:46.306712
CUST0836,Books,Biography,Historical,419.09,3,No,No,2025-02-20 17:03:42.306712
CUST0369,Books,Textbook,Science,558.66,5,Yes,Yes,2025-02-17 20:54:03.306712
CUST0984,Books,Novel,Fiction,440.81,2,Yes,No,2025-03-09 07:44:52.306712
CUST0188,Electronics,Headphones,Wireless,602.84,2,No,No,2025-03-07 00:27:19.306712
CUST0960,Home,Lamp,LED,227.97,4,No,No,2025-01-17 15:14:46.306712
CUST0506,Home,Table,Coffee,773.48,4,No,No,2025-03-19 04:17:11.306712
CUST0615,Electronics,Mobile,Android,358.13,5,Yes,No,2025-01-23 05:29:29.306712
CUST0474,Toys,Doll,Barbie,559.05,4,No,No,2025-03-12 20:41:47.306712
CUST0704,Electronics,Mobile,iOS,317.39,3,No,No,2025-04-01 17:00:58.306712
CUST0303,Books,Textbook,Science,638.91,4,Yes,Yes,2025-03-22 17:36:18.306712
CUST0182,Clothing,Jacket,Leather,351.18,2,No,No,2025-02-21 22:32:12.306712
CUST0735,Toys,Doll,Barbie,774.28,3,No,No,2025-02-13 02:30:04.306712
CUST0838,Home,Table,Coffee,742.49,2,No,No,2025-03-20 18:44:49.306712
CUST0182,Electronics,Mobile,Android,344.42,5,Yes,Yes,2025-04-10 23:57:23.306712
CUST0322,Toys,Doll,Barbie,514.91,1,No,No,2025-01-14 12:50:42.306712
CUST0162,Books,Textbook,Math,579.28,5,No,No,2025-01-21 04:08:42.306712
CUST0328,Electronics,Laptop,Gaming,423.61,3,No,No,2025-04-07 06:43:36.306712
CUST0737,Clothing,Jeans,Regular,462.48,4,No,No,2025-02-25 05:50:10.306712
CUST0649,Toys,Doll,Barbie,296.62,3,No,No,2025-02-25 00:57:34.306712
CUST0290,Electronics,Laptop,Gaming,378.53,3,No,No,2025-03-28 18:44:46.306712
CUST0454,Clothing,T-Shirt,V-Neck,265.15,4,No,No,2025-03-12 06:33:37.306712
CUST0564,Electronics,Laptop,Ultrabook,230.95,1,No,No,2025-03-17 00:37:43.306712
CUST0029,Clothing,Jacket,Leather,823.29,3,No,No,2025-01-18 04:23:12.306712
CUST0010,Books,Biography,Historical,492.43,3,Yes,No,2025-03-29 13:05:57.306712
CUST0739,Electronics,Mobile,Android,172.63,2,No,No,2025-01-13 19:12:08.306712
CUST0285,Home,Chair,Office,631.35,0,Yes,No,2025-04-08 18:45:31.306712
CUST0220,Books,Novel,Mystery,113.87,1,No,No,2025-01-19 18:17:12.306712
CUST0074,Toys,Doll,Barbie,638.98,6,No,No,2025-02-04 00:03:28.306712
CUST0670,Home,Table,Coffee,399.85,2,Yes,No,2025-03-07 11:10:37.306712
CUST0368,Home,Chair,Dining,651.58,5,No,No,2025-03-21 02:45:19.306712
CUST0581,Home,Chair,Office,533.95,1,No,No,2025-02-17 14:11:56.306712
CUST0398,Electronics,Mobile,Android,122.28,9,No,No,2025-02-22 01:52:43.306712
CUST0987,Books,Textbook,Math,297.84,5,No,No,2025-03-17 01:07:21.306712
CUST0020,Books,Textbook,Science,649.4,2,No,No,2025-04-12 05:59:34.306712
CUST0931,Toys,Puzzle,Jigsaw,457.54,3,Yes,No,2025-03-24 03:13:59.306712
CUST0450,Books,Biography,Historical,285.74,2,No,No,2025-03-30 01:45:29.306712
CUST0713,Clothing,Jeans,Regular,415.88,2,No,No,2025-03-21 22:14:37.306712
CUST0697,Clothing,Jacket,Leather,267.09,5,No,No,2025-03-18 19:16:06.306712
CUST0199,Toys,Doll,Action,607.79,3,No,No,2025-03-10 22:09:14.306712
CUST0716,Home,Chair,Office,689.51,3,No,No,2025-01-13 18:40:39.306712
CUST0403,Books,Biography,Celebrity,763.24,2,Yes,No,2025-03-28 04:14:50.306712
CUST0869,Clothing,Jeans,Regular,617.03,5,Yes,Yes,2025-01-29 02:36:49.306712
CUST0649,Home,Chair,Office,472.55,4,No,No,2025-03-02 09:30:42.306712
CUST0218,Books,Biography,Celebrity,629.45,2,Yes,No,2025-01-26 03:08:32.306712
CUST0921,Books,Novel,Mystery,574.72,2,No,No,2025-01-23 18:39:32.306712
CUST0471,Toys,Doll,Barbie,646.5,3,No,No,2025-03-11 00:37:24.306712
CUST0063,Clothing,Jacket,Leather,760.46,2,No,No,2025-02-03 18:07:29.306712
CUST0809,Clothing,Jeans,Regular,176.47,6,No,No,2025-04-06 14:51:11.306712
CUST0098,Electronics,Mobile,Android,337.44,4,No,No,2025-03-09 23:28:07.306712
CUST0041,Books,Textbook,Math,531.71,6,No,No,2025-02-17 02:08:13.306712
CUST0251,Electronics,Headphones,Wired,377.91,2,No,No,2025-03-04 01:36:20.306712
CUST0260,Clothing,T-Shirt,Round Neck,591.93,3,No,No,2025-04-09 13:39:36.306712
CUST0925,Electronics,Mobile,iOS,843.31,4,No,No,2025-02-20 14:59:04.306712
CUST0455,Clothing,T-Shirt,Round Neck,378.54,6,Yes,Yes,2025-03-20 08:50:40.306712
CUST0343,Books,Biography,Celebrity,441.78,1,No,No,2025-02-13 21:29:36.306712
CUST0878,Toys,Puzzle,Jigsaw,693.95,6,Yes,Yes,2025-03-26 01:24:43.306712
CUST0608,Books,Biography,Historical,709.62,4,No,No,2025-02-20 21:10:51.306712
CUST0048,Clothing,T-Shirt,V-Neck,530.14,3,No,No,2025-03-19 15:49:48.306712
CUST0824,Clothing,T-Shirt,Round Neck,360.5,0,Yes,No,2025-02-26 22:25:28.306712
CUST0379,Home,Table,Coffee,440.39,3,No,No,2025-01-21 01:20:37.306712
CUST0262,Books,Biography,Historical,489.11,4,Yes,No,2025-01-25 17:59:42.306712
CUST0002,Books,Novel,Fiction,288.39,4,No,No,2025-04-01 07:01:26.306712
CUST0353,Clothing,T-Shirt,Round Neck,391.21,3,No,No,2025-01-31 01:48:19.306712
CUST0194,Books,Textbook,Math,565.52,2,Yes,No,2025-01-23 02:49:46.306712
CUST0663,Toys,Car,Electric,240.05,3,No,No,2025-01-20 01:32:49.306712
CUST0362,Toys,Puzzle,3D,576.64,3,No,No,2025-03-24 16:25:23.306712
CUST0005,Home,Table,Coffee,651.68,4,No,No,2025-02-24 14:52:38.306712
CUST0109,Electronics,Headphones,Wired,800.86,3,No,No,2025-02-03 00:53:00.306712
CUST0549,Home,Lamp,LED,534.36,2,No,No,2025-03-25 09:59:39.306712
CUST0603,Home,Table,Study,388.64,4,No,No,2025-03-21 12:38:29.306712
CUST0997,Books,Novel,Fiction,326.17,3,No,No,2025-02-19 13:40:24.306712
CUST0570,Toys,Puzzle,Jigsaw,410.99,6,No,No,2025-03-27 08:47:22.306712
CUST0792,Home,Chair,Dining,248.34,0,No,No,2025-03-06 10:47:27.306712
CUST0784,Toys,Puzzle,Jigsaw,331.7,6,No,No,2025-03-07 15:56:36.306712
CUST0385,Toys,Puzzle,3D,436.58,2,No,No,2025-04-10 19:31:26.306712
CUST0177,Toys,Doll,Action,738.7,4,Yes,No,2025-02-12 16:51:54.306712
CUST0888,Electronics,Headphones,Wireless,475.68,2,Yes,No,2025-03-04 09:42:27.306712
CUST0142,Clothing,Jacket,Denim,543.9,5,No,No,2025-01-29 06:53:09.306712
CUST0002,Electronics,Mobile,Android,539.43,2,No,No,2025-03-14 05:21:12.306712
CUST0302,Toys,Puzzle,Jigsaw,326.96,3,No,No,2025-01-26 15:24:16.306712
CUST0679,Clothing,T-Shirt,V-Neck,674.58,4,No,No,2025-01-22 02:50:33.306712
CUST0285,Home,Lamp,Halogen,530.27,3,No,No,2025-03-18 02:04:30.306712
CUST0217,Clothing,Jacket,Leather,530.72,6,Yes,Yes,2025-02-17 10:49:59.306712
CUST0592,Toys,Car,Electric,939.77,4,No,No,2025-03-22 13:53:06.306712
CUST0011,Clothing,Jacket,Leather,568.67,2,No,No,2025-01-25 21:29:11.306712
CUST0037,Clothing,T-Shirt,V-Neck,646.91,2,Yes,No,2025-03-23 20:51:39.306712
CUST0713,Clothing,T-Shirt,Round Neck,831.01,3,No,No,2025-01-26 04:29:09.306712
CUST0735,Books,Biography,Celebrity,382.79,2,No,No,2025-04-06 01:58:44.306712
CUST0953,Clothing,Jacket,Leather,622.49,1,Yes,No,2025-02-06 04:03:44.306712
CUST0382,Clothing,T-Shirt,Round Neck,278.51,1,No,No,2025-03-03 09:03:53.306712
CUST0096,Books,Biography,Historical,520.8,3,No,No,2025-02-22 00:56:55.306712
CUST0260,Books,Novel,Fiction,780.72,1,Yes,No,2025-03-20 17:48:03.306712
CUST0845,Electronics,Laptop,Gaming,467.17,2,No,No,2025-04-03 21:59:37.306712
CUST0451,Books,Biography,Celebrity,392.77,1,No,No,2025-02-21 03:20:17.306712
CUST0925,Toys,Puzzle,Jigsaw,601.89,2,No,No,2025-01-26 07:49:44.306712
CUST0787,Electronics,Headphones,Wireless,609.54,3,No,No,2025-03-17 18:54:56.306712
CUST0166,Toys,Puzzle,3D,483.88,2,No,No,2025-03-20 18:51:34.306712
CUST0905,Electronics,Laptop,Ultrabook,207.87,1,No,No,2025-02-19 05:17:08.306712
CUST0886,Toys,Puzzle,Jigsaw,474.88,2,Yes,No,2025-03-11 00:27:14.306712
CUST0768,Toys,Puzzle,Jigsaw,489.67,4,No,No,2025-03-30 17:45:11.306712
CUST0030,Home,Chair,Dining,414.04,2,No,No,2025-01-20 00:02:44.306712
CUST0635,Books,Biography,Historical,615.66,2,No,No,2025-01-28 03:40:29.306712
CUST0582,Electronics,Mobile,Android,800.57,0,No,No,2025-02-23 06:24:20.306712
CUST0499,Electronics,Headphones,Wireless,651.97,0,No,No,2025-02-18 03:07:24.306712
CUST0416,Toys,Doll,Action,452.82,2,Yes,No,2025-04-05 04:53:12.306712
CUST0993,Books,Biography,Historical,643.51,2,No,No,2025-02-19 17:02:25.306712
CUST0240,Books,Novel,Fiction,301.55,0,No,No,2025-03-09 21:09:44.306712
CUST0525,Books,Biography,Celebrity,373.4,4,No,No,2025-01-19 09:02:52.306712
CUST0311,Toys,Doll,Action,688.72,2,No,No,2025-02-11 16:25:29.306712
CUST0672,Electronics,Laptop,Ultrabook,747.37,3,No,No,2025-02-20 12:30:03.306712
CUST0202,Home,Table,Coffee,810.02,5,No,No,2025-03-24 03:35:05.306712
CUST0231,Toys,Doll,Action,510.25,1,No,No,2025-01-14 08:05:33.306712
CUST0310,Toys,Doll,Barbie,469.88,1,No,No,2025-02-26 13:12:08.306712
CUST0195,Clothing,T-Shirt,V-Neck,476.22,2,No,No,2025-01-26 14:03:05.306712
CUST0445,Electronics,Mobile,iOS,50.0,4,No,No,2025-01-27 18:24:21.306712
CUST0262,Clothing,Jeans,Slim,453.62,2,No,No,2025-04-12 19:06:25.306712
CUST0849,Home,Table,Study,513.98,4,No,No,2025-02-08 09:19:12.306712
CUST0690,Clothing,T-Shirt,Round Neck,589.91,4,No,No,2025-03-06 08:02:53.306712
CUST0753,Books,Textbook,Math,190.55,2,No,No,2025-03-26 08:18:22.306712
CUST0638,Books,Novel,Fiction,589.04,2,No,No,2025-03-24 20:04:16.306712
CUST0319,Electronics,Headphones,Wired,632.24,1,No,No,2025-02-08 02:35:48.306712
CUST0226,Clothing,Jacket,Denim,708.39,4,No,No,2025-04-01 15:58:59.306712
CUST0246,Clothing,Jacket,Denim,833.41,2,No,No,2025-02-27 06:15:13.306712
CUST0998,Clothing,Jeans,Slim,323.17,1,Yes,No,2025-02-17 21:56:44.306712
CUST0545,Clothing,T-Shirt,Round Neck,695.89,1,No,No,2025-02-07 19:46:29.306712
CUST0973,Clothing,T-Shirt,Round Neck,323.95,4,No,No,2025-01-21 00:54:09.306712
CUST0081,Home,Table,Study,468.22,2,No,No,2025-02-21 21:28:35.306712
CUST0029,Home,Table,Study,580.03,6,No,No,2025-02-18 09:53:11.306712
CUST0885,Books,Textbook,Science,675.12,3,Yes,No,2025-03-09 05:45:15.306712
CUST0692,Home,Lamp,Halogen,479.62,1,No,No,2025-03-31 19:10:12.306712
CUST0465,Books,Textbook,Science,315.79,1,No,No,2025-03-24 13:59:28.306712
CUST0791,Home,Chair,Dining,780.47,3,No,No,2025-02-05 19:16:38.306712
CUST0448,Home,Table,Study,1088.55,1,Yes,No,2025-04-06 17:43:50.306712
CUST0278,Books,Biography,Celebrity,894.27,2,No,No,2025-04-01 20:23:58.306712
CUST0066,Books,Novel,Mystery,833.32,4,Yes,Yes,2025-01-30 16:50:08.306712
CUST0352,Home,Lamp,LED,479.83,1,No,No,2025-03-06 11:58:32.306712
CUST0715,Electronics,Headphones,Wired,379.97,3,Yes,No,2025-03-14 13:00:16.306712
CUST0940,Home,Table,Coffee,341.28,3,No,No,2025-04-02 14:44:39.306712
CUST0350,Clothing,Jeans,Slim,563.45,5,No,No,2025-02-13 21:04:16.306712
CUST0806,Home,Table,Study,870.89,2,No,No,2025-02-21 01:27:12.306712
CUST0310,Books,Novel,Fiction,193.4,3,No,No,2025-04-06 08:52:52.306712
CUST0945,Clothing,T-Shirt,V-Neck,483.6,1,No,No,2025-04-07 23:43:06.306712
CUST0283,Clothing,T-Shirt,V-Neck,299.9,3,No,No,2025-03-29 22:33:21.306712
CUST0735,Toys,Puzzle,3D,485.04,5,No,No,2025-01-31 03:20:36.306712
CUST0395,Electronics,Laptop,Gaming,68.78,2,No,No,2025-03-19 08:03:02.306712
CUST0977,Home,Table,Coffee,592.66,5,No,No,2025-02-06 13:38:47.306712
CUST0812,Clothing,Jeans,Slim,573.25,2,No,No,2025-02-11 17:34:36.306712
CUST0796,Home,Lamp,LED,587.41,3,No,No,2025-03-24 06:10:55.306712
CUST0830,Electronics,Laptop,Ultrabook,405.53,5,Yes,Yes,2025-03-29 07:10:38.306712
CUST0469,Clothing,T-Shirt,Round Neck,518.81,5,No,No,2025-01-16 10:04:41.306712
CUST0547,Electronics,Laptop,Ultrabook,613.61,5,Yes,No,2025-01-27 07:17:33.306712
CUST0955,Electronics,Mobile,iOS,609.76,3,Yes,No,2025-02-25 20:56:05.306712
CUST0095,Toys,Doll,Action,707.17,4,No,No,2025-01-28 16:40:59.306712
CUST0215,Home,Table,Study,443.91,2,No,No,2025-03-26 06:29:11.306712
CUST0918,Clothing,Jeans,Regular,657.84,2,No,No,2025-02-07 17:29:25.306712
CUST0274,Books,Novel,Fiction,759.63,3,No,No,2025-03-02 18:48:31.306712
CUST0199,Clothing,Jacket,Leather,463.39,4,No,No,2025-03-21 15:30:57.306712
CUST0542,Books,Biography,Historical,323.5,1,Yes,No,2025-02-04 02:48:52.306712
CUST0927,Books,Biography,Celebrity,436.6,6,No,No,2025-01-26 07:55:00.306712
CUST0592,Books,Biography,Celebrity,320.78,2,No,No,2025-02-21 23:58:09.306712
CUST0193,Clothing,Jeans,Slim,542.77,2,Yes,No,2025-01-24 07:57:28.306712
CUST0286,Electronics,Headphones,Wireless,687.44,2,No,No,2025-04-13 07:36:32.306712
CUST0782,Home,Chair,Dining,415.02,2,No,No,2025-03-06 15:31:32.306712
CUST0065,Electronics,Laptop,Ultrabook,376.31,6,No,No,2025-03-17 12:39:40.306712
CUST0532,Electronics,Mobile,Android,458.06,4,No,No,2025-04-12 21:45:46.306712
CUST0156,Books,Textbook,Math,623.09,2,No,No,2025-03-25 08:01:57.306712
CUST0132,Electronics,Laptop,Gaming,73.02,4,Yes,Yes,2025-03-18 20:05:50.306712
CUST0868,Clothing,T-Shirt,V-Neck,557.7,5,No,No,2025-01-16 01:52:51.306712
CUST0619,Home,Chair,Office,651.83,3,Yes,No,2025-02-03 15:17:08.306712
CUST0782,Books,Textbook,Math,336.28,1,No,No,2025-03-02 12:11:02.306712
CUST0169,Electronics,Mobile,Android,280.26,4,No,No,2025-02-01 17:50:41.306712
CUST0388,Toys,Doll,Action,368.55,3,Yes,No,2025-03-04 19:27:23.306712
CUST0795,Books,Novel,Fiction,774.1,2,Yes,No,2025-03-12 20:28:38.306712
CUST0661,Clothing,Jacket,Denim,456.08,4,No,No,2025-03-30 15:16:16.306712
CUST0253,Home,Chair,Dining,631.6,3,No,No,2025-03-14 06:07:06.306712
CUST0361,Clothing,T-Shirt,Round Neck,580.33,2,Yes,No,2025-01-29 21:56:40.306712
CUST0155,Books,Novel,Fiction,182.8,7,No,No,2025-04-10 06:29:27.306712
CUST0535,Toys,Car,Electric,402.37,5,No,No,2025-01-13 15:31:13.306712
CUST0295,Home,Lamp,LED,663.88,4,Yes,No,2025-02-04 09:39:33.306712
CUST0133,Clothing,Jeans,Regular,526.82,3,No,No,2025-01-21 23:10:38.306712
CUST0520,Home,Chair,Dining,471.41,3,No,No,2025-02-21 01:30:09.306712
CUST0094,Electronics,Headphones,Wired,614.31,0,No,No,2025-01-17 22:22:06.306712
CUST0524,Clothing,Jeans,Regular,623.01,4,No,No,2025-03-31 00:10:13.306712
CUST0983,Electronics,Headphones,Wireless,348.45,6,Yes,No,2025-02-01 22:00:37.306712
CUST0391,Electronics,Mobile,Android,555.76,3,No,No,2025-03-02 05:13:43.306712
CUST0128,Clothing,Jeans,Slim,532.02,4,No,No,2025-02-16 21:35:46.306712
CUST0661,Toys,Puzzle,Jigsaw,651.26,7,Yes,No,2025-04-06 21:53:14.306712
CUST0505,Books,Textbook,Science,460.63,5,No,No,2025-03-06 08:49:14.306712
CUST0881,Home,Lamp,Halogen,367.09,3,No,No,2025-02-01 22:56:39.306712
CUST0333,Books,Biography,Historical,705.13,6,Yes,Yes,2025-02-03 13:07:42.306712
CUST0708,Clothing,T-Shirt,Round Neck,195.91,6,No,No,2025-04-12 19:07:28.306712
CUST0730,Toys,Puzzle,Jigsaw,328.11,4,No,No,2025-03-27 18:02:16.306712
CUST0623,Home,Lamp,LED,267.92,3,No,No,2025-02-16 02:41:15.306712
CUST0574,Toys,Puzzle,Jigsaw,412.17,4,No,No,2025-01-30 20:27:32.306712
CUST0752,Home,Lamp,LED,264.47,0,No,No,2025-02-19 02:44:18.306712
CUST0188,Toys,Doll,Barbie,144.04,4,No,No,2025-02-18 14:04:15.306712
CUST0672,Electronics,Laptop,Gaming,542.87,2,No,No,2025-04-04 09:30:11.306712
CUST0919,Books,Novel,Fiction,575.42,3,No,No,2025-04-06 12:41:28.306712
CUST0664,Electronics,Headphones,Wireless,602.85,2,No,No,2025-02-08 20:58:24.306712
CUST0407,Books,Biography,Historical,347.18,1,No,No,2025-04-03 20:49:12.306712
CUST0242,Electronics,Laptop,Ultrabook,227.55,1,No,No,2025-02-04 18:04:44.306712
CUST0878,Toys,Doll,Barbie,539.94,2,No,No,2025-03-17 22:16:15.306712
CUST0576,Home,Chair,Office,416.03,3,No,No,2025-04-09 18:30:25.306712
CUST0676,Electronics,Mobile,iOS,408.11,2,No,No,2025-01-30 10:51:03.306712
CUST0411,Electronics,Headphones,Wired,443.3,5,Yes,No,2025-02-04 18:21:59.306712
CUST0585,Books,Textbook,Science,327.84,5,Yes,Yes,2025-02-12 23:28:51.306712
CUST0749,Home,Lamp,LED,393.61,2,No,No,2025-02-17 14:37:58.306712
CUST0327,Home,Table,Coffee,668.63,5,No,No,2025-04-01 02:39:51.306712
CUST0179,Electronics,Laptop,Gaming,541.73,2,No,No,2025-02-24 01:47:29.306712
CUST0738,Home,Chair,Office,606.46,4,No,No,2025-03-09 11:36:18.306712
CUST0785,Home,Lamp,Halogen,297.45,2,Yes,No,2025-02-08 21:07:13.306712
CUST0018,Toys,Car,Electric,560.57,1,Yes,No,2025-03-10 10:55:11.306712
CUST0739,Books,Textbook,Math,597.69,6,No,No,2025-03-11 21:10:45.306712
CUST0329,Books,Textbook,Science,420.42,5,No,No,2025-02-17 05:49:34.306712
CUST0825,Clothing,T-Shirt,V-Neck,253.23,2,No,No,2025-04-01 12:19:30.306712
CUST0001,Clothing,T-Shirt,V-Neck,275.87,3,Yes,Yes,2025-01-28 21:03:27.306712
CUST0683,Electronics,Mobile,iOS,230.8,2,No,No,2025-01-22 20:07:01.306712
CUST0140,Electronics,Mobile,iOS,505.43,1,No,No,2025-01-20 14:59:01.306712
CUST0964,Clothing,Jacket,Leather,459.6,2,No,No,2025-03-27 12:15:02.306712
CUST0734,Books,Textbook,Science,403.42,3,No,No,2025-02-27 10:30:17.306712
CUST0545,Toys,Car,Remote Control,634.85,2,No,No,2025-02-21 22:12:42.306712
CUST0038,Toys,Car,Remote Control,586.92,3,No,No,2025-02-03 10:37:53.306712
CUST0076,Clothing,Jeans,Regular,629.77,3,No,No,2025-04-10 05:30:01.306712
CUST0496,Clothing,T-Shirt,Round Neck,202.29,4,Yes,Yes,2025-03-17 19:33:07.306712
CUST0399,Electronics,Laptop,Ultrabook,378.52,4,Yes,No,2025-03-06 00:09:54.306712
CUST0548,Toys,Doll,Action,727.84,0,No,No,2025-02-16 17:23:34.306712
CUST0243,Clothing,Jacket,Denim,410.56,4,No,No,2025-02-02 05:15:42.306712
CUST0119,Toys,Puzzle,3D,471.32,3,No,No,2025-02-14 10:23:52.306712
CUST0317,Clothing,T-Shirt,V-Neck,813.93,4,Yes,Yes,2025-01-25 14:44:55.306712
CUST0149,Electronics,Mobile,Android,492.33,1,No,No,2025-03-11 09:53:55.306712
CUST0071,Home,Chair,Dining,397.98,2,Yes,No,2025-03-01 17:20:22.306712
CUST0827,Books,Biography,Celebrity,660.5,4,Yes,No,2025-02-26 18:58:47.306712
CUST0819,Home,Lamp,LED,531.73,1,No,No,2025-03-23 12:52:25.306712
CUST0052,Electronics,Mobile,iOS,555.16,1,No,No,2025-03-09 00:02:17.306712
CUST0476,Books,Biography,Celebrity,772.86,1,No,No,2025-03-07 09:34:27.306712
CUST0682,Books,Biography,Celebrity,664.28,2,No,No,2025-02-11 09:59:43.306712
CUST0587,Books,Textbook,Science,222.98,4,No,No,2025-04-13 03:46:48.306712
CUST0317,Electronics,Laptop,Gaming,711.66,4,Yes,Yes,2025-02-16 06:04:20.306712
CUST0437,Electronics,Laptop,Ultrabook,383.51,5,No,No,2025-01-16 17:09:31.306712
CUST0024,Books,Novel,Mystery,571.94,2,No,No,2025-02-13 01:35:13.306712
CUST0716,Clothing,Jeans,Slim,669.73,2,No,No,2025-01-17 03:53:52.306712
CUST0603,Books,Biography,Celebrity,243.67,0,No,No,2025-03-14 08:39:17.306712
CUST0191,Books,Biography,Historical,486.52,2,No,No,2025-01-24 04:18:38.306712
CUST0904,Toys,Car,Remote Control,412.21,1,No,No,2025-01-26 20:15:29.306712
CUST0583,Books,Novel,Mystery,250.14,2,Yes,No,2025-02-02 11:57:26.306712
CUST0051,Home,Table,Study,612.41,2,No,No,2025-03-24 07:37:49.306712
CUST0009,Clothing,Jeans,Regular,633.65,0,Yes,No,2025-01-24 04:48:16.306712
CUST0166,Toys,Puzzle,3D,605.44,7,No,No,2025-02-22 15:47:10.306712
CUST0691,Clothing,Jeans,Regular,451.53,3,No,No,2025-02-05 07:15:26.306712
CUST0081,Home,Table,Study,425.74,2,Yes,No,2025-04-12 11:01:17.306712
CUST0538,Toys,Car,Remote Control,364.29,3,No,No,2025-03-13 21:37:20.306712
CUST0403,Home,Lamp,Halogen,503.2,6,No,No,2025-03-18 08:11:33.306712
CUST0446,Clothing,Jeans,Regular,449.91,5,No,No,2025-03-27 16:29:42.306712
CUST0269,Home,Table,Coffee,714.48,1,Yes,No,2025-02-12 08:28:34.306712
CUST0727,Home,Chair,Dining,905.85,1,No,No,2025-03-13 22:14:03.306712
CUST0125,Books,Textbook,Math,375.77,4,No,No,2025-03-27 14:46:33.306712
CUST0623,Clothing,Jacket,Denim,471.4,8,Yes,Yes,2025-02-26 06:51:09.306712
CUST0292,Clothing,Jacket,Denim,689.91,0,No,No,2025-04-08 15:55:52.306712
CUST0420,Home,Chair,Office,562.39,4,No,No,2025-01-27 16:38:57.306712
CUST0230,Electronics,Headphones,Wired,647.95,0,No,No,2025-03-03 02:27:41.306712
CUST0431,Clothing,Jacket,Denim,1036.59,1,No,No,2025-03-24 18:11:11.306712
CUST0958,Clothing,Jacket,Denim,594.98,2,No,No,2025-01-23 04:39:25.306712
CUST0256,Clothing,T-Shirt,Round Neck,816.28,3,Yes,No,2025-03-28 07:42:36.306712
CUST0585,Books,Novel,Fiction,758.28,2,No,No,2025-03-21 14:58:56.306712
CUST0178,Electronics,Laptop,Gaming,531.8,1,No,No,2025-03-01 00:11:24.306712
CUST0335,Home,Table,Study,475.91,6,No,No,2025-02-01 05:15:49.306712
CUST0294,Books,Biography,Celebrity,571.56,1,No,No,2025-02-28 09:28:51.306712
CUST0820,Toys,Puzzle,Jigsaw,717.76,5,No,No,2025-01-17 03:05:57.306712
CUST0251,Electronics,Mobile,iOS,537.7,3,No,No,2025-02-09 12:18:34.306712
CUST0581,Books,Biography,Celebrity,671.15,2,No,No,2025-01-19 17:32:18.306712
CUST0152,Toys,Puzzle,Jigsaw,428.12,5,No,No,2025-04-03 09:50:20.306712
CUST0029,Clothing,Jacket,Denim,517.8,3,No,No,2025-01-23 20:40:55.306712
CUST0140,Electronics,Mobile,iOS,421.49,5,Yes,Yes,2025-02-20 17:04:55.306712
CUST0886,Home,Table,Study,743.65,3,No,No,2025-01-31 23:40:01.306712
CUST0339,Toys,Doll,Action,425.4,3,Yes,No,2025-03-08 10:19:28.306712
CUST0963,Books,Novel,Fiction,221.4,2,No,No,2025-01-20 04:28:51.306712
CUST0268,Home,Table,Study,371.66,0,No,No,2025-01-31 20:57:33.306712
CUST0266,Home,Lamp,Halogen,328.12,5,No,No,2025-02-03 23:50:19.306712
CUST0087,Electronics,Mobile,iOS,283.99,4,No,No,2025-01-18 04:11:06.306712
CUST0907,Clothing,Jeans,Slim,267.74,3,Yes,Yes,2025-02-22 01:30:09.306712
CUST0162,Clothing,T-Shirt,Round Neck,337.57,6,No,No,2025-02-01 10:21:30.306712
CUST0318,Books,Biography,Historical,567.11,4,No,No,2025-02-08 05:59:01.306712
CUST0417,Clothing,Jacket,Leather,61.6,3,Yes,Yes,2025-02-05 00:46:46.306712
CUST0680,Books,Textbook,Science,637.53,1,No,No,2025-03-03 11:37:11.306712
CUST0760,Books,Textbook,Math,314.42,1,No,No,2025-01-16 16:19:38.306712
CUST0566,Home,Table,Coffee,651.07,6,No,No,2025-03-09 18:15:23.306712
CUST0882,Home,Lamp,LED,648.13,2,No,No,2025-01-28 08:41:45.306712
CUST0908,Electronics,Headphones,Wired,307.66,6,No,No,2025-02-25 01:10:30.306712
CUST0911,Home,Chair,Dining,357.84,7,No,No,2025-02-08 02:11:31.306712
CUST0193,Electronics,Laptop,Gaming,365.73,3,Yes,No,2025-01-19 04:23:22.306712
CUST0159,Clothing,Jacket,Denim,357.24,1,No,No,2025-01-18 01:33:38.306712
CUST0168,Clothing,Jacket,Denim,728.5,4,No,No,2025-02-23 11:49:22.306712
CUST0401,Home,Chair,Dining,606.7,5,No,No,2025-03-27 11:34:18.306712
CUST0345,Clothing,T-Shirt,Round Neck,374.41,0,Yes,No,2025-01-26 11:13:29.306712
CUST0533,Clothing,Jacket,Leather,618.55,3,No,No,2025-01-14 09:55:02.306712
CUST0140,Electronics,Mobile,iOS,766.53,0,No,No,2025-02-21 11:14:06.306712
CUST0588,Electronics,Mobile,Android,625.24,4,No,No,2025-04-08 17:39:30.306712
CUST0011,Clothing,T-Shirt,Round Neck,720.91,3,No,No,2025-02-01 15:52:15.306712
CUST0260,Books,Biography,Celebrity,598.93,4,No,No,2025-01-20 02:00:10.306712
CUST0752,Electronics,Headphones,Wired,853.73,2,No,No,2025-03-30 13:27:14.306712
CUST0468,Home,Chair,Dining,503.4,4,No,No,2025-04-06 14:35:59.306712
CUST0438,Clothing,Jeans,Regular,244.79,2,Yes,No,2025-03-27 09:56:04.306712
CUST0834,Home,Chair,Office,501.22,5,No,No,2025-01-30 08:37:40.306712
CUST0285,Home,Chair,Office,598.56,4,No,No,2025-01-21 02:31:07.306712
CUST0965,Clothing,T-Shirt,V-Neck,369.94,4,Yes,No,2025-01-30 01:47:32.306712
CUST0241,Electronics,Mobile,iOS,393.67,1,No,No,2025-03-24 02:19:28.306712
CUST0940,Clothing,T-Shirt,Round Neck,583.48,3,No,No,2025-03-06 22:55:16.306712
CUST0304,Books,Novel,Fiction,68.5,3,No,No,2025-01-22 07:56:14.306712
CUST0466,Clothing,T-Shirt,Round Neck,547.86,4,No,No,2025-02-10 22:10:55.306712
CUST0054,Home,Chair,Dining,780.9,3,No,No,2025-04-02 13:42:53.306712
CUST0900,Books,Biography,Celebrity,188.71,1,No,No,2025-03-25 08:24:12.306712
CUST0795,Electronics,Laptop,Ultrabook,913.82,4,Yes,Yes,2025-02-07 19:05:40.306712
CUST0424,Electronics,Headphones,Wireless,345.7,3,Yes,No,2025-01-18 08:49:06.306712
CUST0396,Home,Table,Coffee,542.42,2,No,No,2025-03-06 15:05:24.306712
CUST0894,Books,Novel,Mystery,496.43,3,No,No,2025-03-15 13:41:49.306712
CUST0152,Home,Table,Coffee,473.19,4,No,No,2025-01-30 23:20:59.306712
CUST0160,Home,Table,Coffee,313.42,4,No,No,2025-04-01 10:32:44.306712
CUST0979,Toys,Car,Remote Control,466.54,0,Yes,No,2025-02-19 21:57:47.306712
CUST0404,Toys,Doll,Action,523.32,8,Yes,No,2025-03-24 20:53:30.306712
CUST0758,Clothing,T-Shirt,V-Neck,400.68,3,No,No,2025-02-06 16:39:20.306712
CUST0643,Clothing,Jeans,Slim,582.4,3,No,No,2025-03-31 15:21:21.306712
CUST0191,Electronics,Mobile,Android,382.84,4,Yes,Yes,2025-01-18 02:03:38.306712
CUST0123,Toys,Doll,Barbie,464.09,3,No,No,2025-02-05 09:26:13.306712
CUST0714,Home,Table,Study,201.45,0,No,No,2025-04-01 21:26:46.306712
CUST0941,Toys,Puzzle,Jigsaw,706.36,3,No,No,2025-02-26 15:03:52.306712
CUST0876,Electronics,Laptop,Ultrabook,996.95,5,No,No,2025-03-21 20:22:27.306712
CUST0037,Clothing,Jacket,Leather,557.43,4,No,No,2025-02-16 17:38:14.306712
CUST0107,Toys,Car,Remote Control,701.27,2,No,No,2025-03-21 22:22:33.306712
CUST0364,Clothing,Jacket,Denim,820.67,1,No,No,2025-03-25 21:23:08.306712
CUST0908,Electronics,Laptop,Gaming,117.35,2,No,No,2025-01-30 06:32:13.306712
CUST0180,Clothing,Jeans,Regular,773.09,2,Yes,No,2025-03-27 04:11:22.306712
CUST0261,Clothing,T-Shirt,V-Neck,600.29,2,No,No,2025-01-31 03:47:54.306712
CUST0168,Electronics,Laptop,Ultrabook,684.98,2,No,No,2025-01-28 00:55:11.306712
CUST0148,Electronics,Laptop,Gaming,223.4,4,Yes,Yes,2025-02-13 15:01:38.306712
CUST0702,Home,Table,Study,371.6,2,No,No,2025-04-06 00:50:21.306712
CUST0982,Clothing,T-Shirt,Round Neck,341.22,2,Yes,No,2025-03-21 17:30:30.306712
CUST0553,Clothing,T-Shirt,V-Neck,739.97,3,No,No,2025-02-11 02:16:05.306712
CUST0310,Books,Novel,Mystery,360.39,4,No,No,2025-03-03 06:25:14.306712
CUST0861,Toys,Doll,Action,624.18,2,No,No,2025-01-14 15:33:59.306712
CUST0278,Books,Novel,Fiction,802.14,4,No,No,2025-01-14 12:15:34.306712
CUST0881,Home,Table,Study,529.52,4,No,No,2025-03-28 21:00:25.306712
CUST0520,Home,Chair,Dining,508.36,1,Yes,No,2025-01-31 21:41:27.306712
CUST0807,Books,Biography,Celebrity,418.11,5,No,No,2025-03-15 02:01:37.306712
CUST0719,Clothing,Jeans,Regular,607.96,4,No,No,2025-03-16 03:04:07.306712
CUST0674,Clothing,T-Shirt,V-Neck,397.35,2,No,No,2025-02-22 17:09:34.306712
CUST0239,Home,Chair,Dining,993.32,5,Yes,No,2025-02-28 13:05:13.306712
CUST0327,Clothing,T-Shirt,V-Neck,263.49,0,Yes,No,2025-03-09 13:57:50.306712
CUST0158,Electronics,Laptop,Gaming,468.75,2,No,No,2025-04-09 12:19:02.306712
CUST0409,Home,Table,Coffee,623.57,3,No,No,2025-01-27 06:31:35.306712
CUST0829,Toys,Puzzle,Jigsaw,587.22,2,Yes,No,2025-03-18 00:24:41.306712
CUST0378,Toys,Car,Electric,349.67,1,No,No,2025-01-28 03:50:46.306712
CUST0607,Home,Chair,Office,368.11,3,Yes,Yes,2025-04-07 11:03:53.306712
CUST0978,Books,Novel,Fiction,395.41,1,Yes,No,2025-01-28 05:32:11.306712
CUST0606,Home,Lamp,Halogen,417.09,2,No,No,2025-02-05 02:10:44.306712
CUST0447,Clothing,Jeans,Slim,840.38,4,Yes,No,2025-01-30 05:49:51.306712
CUST0847,Toys,Car,Remote Control,810.19,2,Yes,No,2025-03-18 23:37:16.306712
CUST0783,Clothing,T-Shirt,V-Neck,648.43,4,No,No,2025-02-19 02:38:11.306712
CUST0078,Home,Table,Study,293.28,3,Yes,No,2025-01-16 03:16:28.306712
CUST0662,Toys,Doll,Barbie,609.6,5,Yes,Yes,2025-03-24 18:53:52.306712
CUST0110,Clothing,Jacket,Leather,709.87,4,Yes,Yes,2025-03-10 05:28:40.306712
CUST0548,Clothing,Jacket,Leather,388.75,2,No,No,2025-01-19 17:52:26.306712
CUST0839,Electronics,Mobile,Android,430.86,2,Yes,No,2025-01-22 16:04:46.306712
CUST0973,Clothing,T-Shirt,V-Neck,385.16,0,Yes,No,2025-03-27 05:55:31.306712
CUST0304,Toys,Car,Electric,904.89,3,No,No,2025-03-23 13:29:06.306712
CUST0382,Toys,Puzzle,3D,50.0,1,No,No,2025-03-07 06:30:31.306712
CUST0428,Toys,Doll,Action,638.25,2,No,No,2025-02-11 10:29:08.306712
CUST0916,Electronics,Mobile,Android,284.9,4,No,No,2025-03-06 01:08:41.306712
CUST0335,Home,Table,Coffee,580.01,5,No,No,2025-02-20 07:43:02.306712
CUST0317,Home,Chair,Office,450.74,6,No,No,2025-01-17 15:25:15.306712
CUST0814,Books,Novel,Mystery,652.94,1,No,No,2025-02-25 10:42:19.306712
CUST0654,Toys,Doll,Barbie,573.34,7,Yes,No,2025-03-05 01:42:34.306712
CUST0336,Books,Textbook,Science,585.2,3,Yes,Yes,2025-04-07 23:57:10.306712
CUST0409,Home,Table,Coffee,315.88,5,Yes,No,2025-03-24 19:45:28.306712
CUST0133,Clothing,Jeans,Slim,652.7,5,Yes,Yes,2025-01-27 04:32:40.306712
CUST0733,Books,Novel,Fiction,744.94,0,No,No,2025-01-20 19:12:22.306712
CUST0198,Clothing,T-Shirt,V-Neck,479.8,4,No,No,2025-03-21 12:25:51.306712
CUST0066,Electronics,Laptop,Gaming,499.44,3,No,No,2025-03-13 21:38:45.306712
CUST0260,Toys,Puzzle,Jigsaw,50.0,3,No,No,2025-02-09 19:55:19.306712
CUST0751,Books,Textbook,Math,502.04,6,No,No,2025-01-22 06:01:41.306712
CUST0483,Toys,Doll,Barbie,385.04,2,Yes,No,2025-04-03 15:28:55.306712
CUST0779,Books,Textbook,Science,634.55,2,No,No,2025-03-10 08:54:17.306712
CUST0708,Toys,Puzzle,Jigsaw,335.77,5,No,No,2025-03-04 09:10:48.306712
CUST0716,Clothing,T-Shirt,Round Neck,771.05,1,No,No,2025-01-19 01:03:07.306712
CUST0225,Books,Biography,Celebrity,317.34,8,No,No,2025-01-15 12:59:17.306712
CUST0756,Clothing,Jacket,Leather,147.7,2,Yes,No,2025-01-19 13:34:35.306712
CUST0006,Home,Chair,Office,757.31,1,No,No,2025-03-06 20:43:31.306712
CUST0345,Clothing,Jacket,Denim,559.78,3,No,No,2025-01-31 19:33:36.306712
CUST0894,Electronics,Mobile,iOS,354.13,2,No,No,2025-03-15 20:25:19.306712
CUST0048,Home,Chair,Dining,268.51,1,No,No,2025-02-06 05:23:47.306712
CUST0908,Toys,Puzzle,Jigsaw,644.03,2,Yes,No,2025-02-17 00:03:35.306712
CUST0567,Clothing,Jeans,Slim,545.81,6,No,No,2025-03-18 14:04:40.306712
CUST0798,Toys,Car,Electric,84.08,6,Yes,Yes,2025-02-21 03:51:35.306712
CUST0547,Books,Novel,Mystery,634.63,1,No,No,2025-03-27 22:28:38.306712
CUST0447,Clothing,T-Shirt,Round Neck,232.6,3,Yes,No,2025-04-09 20:58:10.306712
CUST0212,Toys,Car,Remote Control,546.01,2,No,No,2025-03-19 20:48:47.306712
CUST0809,Clothing,T-Shirt,V-Neck,587.27,4,Yes,Yes,2025-03-27 00:48:01.306712
CUST0086,Toys,Doll,Barbie,478.5,3,No,No,2025-04-09 06:22:36.306712
CUST0647,Toys,Doll,Barbie,786.26,4,Yes,Yes,2025-01-23 16:17:54.306712
CUST0254,Books,Textbook,Science,945.89,2,No,No,2025-03-29 22:40:36.306712
CUST0112,Electronics,Mobile,Android,315.95,4,Yes,Yes,2025-03-03 14:53:52.306712
CUST0811,Clothing,T-Shirt,Round Neck,106.4,3,No,No,2025-03-24 02:41:28.306712
CUST0624,Clothing,T-Shirt,Round Neck,721.02,7,No,No,2025-02-16 10:11:39.306712
CUST0920,Clothing,Jeans,Slim,386.45,3,Yes,No,2025-02-14 02:21:41.306712
CUST0726,Electronics,Laptop,Ultrabook,695.58,5,No,No,2025-03-02 08:59:40.306712
CUST0395,Electronics,Headphones,Wireless,378.76,2,No,No,2025-02-23 12:40:46.306712
CUST0774,Home,Table,Coffee,468.69,5,Yes,Yes,2025-04-10 18:41:00.306712
CUST0957,Toys,Car,Electric,668.25,2,No,No,2025-04-06 15:31:37.306712
CUST0670,Home,Chair,Office,480.59,1,Yes,No,2025-03-14 19:37:57.306712
CUST0131,Books,Textbook,Science,522.88,2,No,No,2025-02-22 06:59:32.306712
CUST0120,Books,Textbook,Math,496.33,2,No,No,2025-02-16 17:13:16.306712
CUST0994,Toys,Doll,Barbie,401.41,0,No,No,2025-03-07 00:51:53.306712
CUST0710,Home,Lamp,Halogen,196.92,5,No,No,2025-01-30 19:25:35.306712
CUST0753,Electronics,Headphones,Wireless,568.25,5,No,No,2025-03-22 14:48:15.306712
CUST0401,Books,Biography,Celebrity,489.57,4,No,No,2025-03-06 08:12:04.306712
CUST0394,Clothing,Jacket,Denim,231.93,6,No,No,2025-03-10 07:27:27.306712
CUST0850,Electronics,Mobile,iOS,590.63,6,Yes,Yes,2025-02-12 10:00:20.306712
CUST0632,Toys,Car,Electric,724.3,5,No,No,2025-02-15 20:26:54.306712
CUST0334,Clothing,Jacket,Denim,202.2,2,No,No,2025-03-19 16:07:25.306712
CUST0446,Electronics,Laptop,Ultrabook,495.85,2,No,No,2025-04-09 14:07:00.306712
CUST0140,Toys,Car,Electric,434.19,3,No,No,2025-02-25 17:14:52.306712
CUST0275,Books,Novel,Mystery,270.55,5,Yes,Yes,2025-02-12 01:46:05.306712
CUST0065,Books,Textbook,Science,424.68,2,No,No,2025-03-01 13:00:30.306712
CUST0023,Toys,Puzzle,3D,474.5,2,Yes,No,2025-02-12 07:32:55.306712
CUST0703,Books,Biography,Celebrity,597.27,2,No,No,2025-03-21 01:43:41.306712
CUST0633,Toys,Doll,Action,298.85,1,No,No,2025-02-09 06:51:41.306712
CUST0078,Toys,Puzzle,3D,727.33,0,Yes,No,2025-01-24 10:26:59.306712
CUST0421,Books,Novel,Mystery,50.0,2,No,No,2025-04-04 22:58:14.306712
CUST0470,Toys,Car,Remote Control,749.38,5,No,No,2025-02-02 12:49:03.306712
CUST0409,Toys,Car,Electric,714.69,3,Yes,No,2025-02-10 22:51:54.306712
CUST0796,Toys,Car,Electric,342.53,5,No,No,2025-02-08 06:12:42.306712
CUST0297,Home,Chair,Office,648.67,4,No,No,2025-03-18 20:49:38.306712
CUST0656,Toys,Doll,Barbie,189.39,3,No,No,2025-02-14 05:23:28.306712
CUST0989,Clothing,T-Shirt,Round Neck,275.05,3,No,No,2025-01-29 10:24:40.306712
CUST0409,Clothing,Jeans,Slim,180.61,4,No,No,2025-02-21 00:35:51.306712
CUST0410,Home,Table,Coffee,462.79,1,No,No,2025-01-15 06:19:37.306712
CUST0861,Toys,Puzzle,3D,534.13,2,No,No,2025-03-06 10:00:23.306712
CUST0854,Home,Lamp,LED,467.02,3,No,No,2025-03-29 06:50:01.306712
CUST0227,Electronics,Headphones,Wireless,364.54,3,Yes,No,2025-04-01 14:49:04.306712
CUST0043,Home,Lamp,Halogen,702.21,1,No,No,2025-03-19 05:51:32.306712
CUST0835,Toys,Car,Electric,382.95,1,No,No,2025-03-14 14:14:13.306712
CUST0610,Books,Biography,Historical,302.5,7,No,No,2025-03-08 05:33:34.306712
CUST0356,Books,Novel,Fiction,330.86,4,Yes,Yes,2025-02-25 21:58:10.306712
CUST0808,Home,Chair,Office,650.38,3,No,No,2025-01-13 13:40:27.306712
CUST0218,Electronics,Headphones,Wired,435.93,1,No,No,2025-03-24 10:23:54.306712
CUST0400,Books,Novel,Mystery,571.46,1,No,No,2025-03-17 03:16:32.306712
CUST0209,Electronics,Laptop,Ultrabook,681.22,3,Yes,Yes,2025-03-08 16:20:19.306712
CUST0268,Toys,Puzzle,3D,607.47,5,No,No,2025-03-07 01:40:03.306712
CUST0681,Home,Lamp,Halogen,432.44,1,Yes,No,2025-03-09 19:11:30.306712
CUST0054,Toys,Doll,Barbie,765.29,1,Yes,No,2025-03-17 23:15:53.306712
CUST0122,Toys,Doll,Barbie,751.92,2,Yes,No,2025-02-22 17:55:46.306712
CUST0900,Electronics,Mobile,Android,498.34,0,Yes,No,2025-03-15 18:35:34.306712
CUST0769,Clothing,Jeans,Regular,388.33,5,No,No,2025-04-09 18:41:11.306712
CUST0705,Electronics,Mobile,Android,221.68,0,No,No,2025-02-08 20:34:15.306712
CUST0941,Home,Lamp,Halogen,712.17,3,Yes,Yes,2025-03-12 07:21:55.306712
CUST0961,Electronics,Laptop,Ultrabook,514.45,1,No,No,2025-02-09 03:16:16.306712
CUST0682,Home,Lamp,Halogen,200.06,0,No,No,2025-04-02 23:26:44.306712
CUST0939,Home,Chair,Dining,495.8,2,No,No,2025-01-17 06:11:29.306712
CUST0387,Clothing,T-Shirt,Round Neck,698.8,2,Yes,No,2025-02-13 22:15:41.306712
CUST0933,Home,Table,Study,738.2,2,Yes,No,2025-04-08 04:40:29.306712
CUST0490,Clothing,Jeans,Regular,329.41,2,No,No,2025-03-29 02:02:51.306712
CUST0183,Clothing,T-Shirt,Round Neck,721.64,2,No,No,2025-03-13 15:14:52.306712
CUST0009,Home,Chair,Office,510.7,6,No,No,2025-03-16 04:19:49.306712
CUST0664,Home,Lamp,LED,686.02,3,No,No,2025-02-07 14:49:47.306712
CUST0511,Home,Lamp,Halogen,425.34,6,No,No,2025-02-11 23:34:50.306712
CUST0555,Home,Table,Study,185.62,3,No,No,2025-02-18 15:52:34.306712
CUST0612,Clothing,Jacket,Denim,416.71,3,No,No,2025-02-14 04:26:14.306712
CUST0175,Electronics,Mobile,Android,501.91,3,No,No,2025-02-12 20:28:21.306712
CUST0007,Books,Novel,Fiction,388.14,4,No,No,2025-02-10 10:03:18.306712
CUST0342,Home,Chair,Office,198.46,1,Yes,No,2025-01-29 15:31:56.306712
CUST0719,Toys,Puzzle,Jigsaw,481.43,4,No,No,2025-03-26 10:54:32.306712
CUST0256,Books,Novel,Fiction,299.94,4,No,No,2025-01-22 09:11:24.306712
CUST0953,Electronics,Headphones,Wired,222.37,2,No,No,2025-02-05 12:03:08.306712
CUST0946,Clothing,Jacket,Denim,536.55,3,No,No,2025-03-02 12:49:41.306712
CUST0161,Books,Biography,Historical,661.49,3,Yes,No,2025-03-08 11:02:31.306712
CUST0329,Home,Table,Study,84.68,1,No,No,2025-01-30 02:35:20.306712
CUST0186,Toys,Car,Remote Control,624.98,1,No,No,2025-01-30 01:03:20.306712
CUST0698,Home,Chair,Dining,50.0,2,No,No,2025-01-23 08:29:18.306712
CUST0416,Electronics,Headphones,Wired,408.26,6,Yes,Yes,2025-03-14 05:08:02.306712
CUST0087,Books,Novel,Fiction,372.77,6,No,No,2025-02-15 03:06:40.306712
CUST0939,Electronics,Headphones,Wireless,504.47,9,No,No,2025-02-17 18:41:20.306712
CUST0316,Toys,Puzzle,3D,475.06,3,No,No,2025-02-26 00:40:10.306712
CUST0466,Home,Lamp,Halogen,587.99,4,No,No,2025-02-04 20:53:20.306712
CUST0784,Home,Table,Coffee,563.19,1,No,No,2025-02-17 03:11:29.306712
CUST0791,Clothing,Jeans,Regular,211.32,4,No,No,2025-04-08 08:24:30.306712
CUST0542,Home,Chair,Dining,471.37,3,No,No,2025-01-25 01:41:03.306712
CUST0365,Toys,Doll,Action,587.11,3,Yes,Yes,2025-02-10 14:31:03.306712
CUST0868,Toys,Puzzle,Jigsaw,348.67,0,No,No,2025-02-14 21:00:37.306712
CUST0237,Books,Textbook,Math,842.13,3,No,No,2025-02-04 02:04:17.306712
CUST0200,Electronics,Headphones,Wireless,366.93,3,No,No,2025-02-23 09:52:04.306712
CUST0086,Electronics,Headphones,Wireless,433.06,2,Yes,No,2025-02-05 18:37:02.306712
CUST0846,Toys,Car,Electric,337.29,6,Yes,Yes,2025-01-17 03:25:50.306712
CUST0526,Books,Textbook,Math,413.77,4,No,No,2025-04-02 08:29:50.306712
CUST0936,Toys,Puzzle,3D,499.49,1,Yes,No,2025-03-31 15:17:49.306712
CUST0179,Books,Textbook,Science,214.11,3,No,No,2025-02-01 13:36:44.306712
CUST0010,Home,Table,Study,409.84,2,No,No,2025-01-31 08:50:49.306712
CUST0324,Electronics,Laptop,Gaming,655.17,2,No,No,2025-01-25 09:00:42.306712
CUST0456,Home,Lamp,Halogen,433.13,1,No,No,2025-04-04 06:16:42.306712
CUST0677,Clothing,Jeans,Slim,50.0,3,Yes,Yes,2025-04-01 17:47:54.306712
CUST0804,Toys,Puzzle,Jigsaw,345.87,2,No,No,2025-03-04 04:58:41.306712
CUST0579,Electronics,Laptop,Ultrabook,677.61,2,Yes,No,2025-03-21 01:40:13.306712
CUST0490,Clothing,Jeans,Regular,388.59,3,No,No,2025-04-07 21:56:58.306712
CUST0391,Books,Novel,Mystery,109.01,5,Yes,Yes,2025-02-19 07:06:09.306712
CUST0956,Clothing,Jacket,Denim,713.0,2,Yes,No,2025-03-11 16:19:21.306712
CUST0955,Electronics,Laptop,Gaming,560.06,2,Yes,No,2025-02-02 21:18:17.306712
CUST0834,Books,Novel,Mystery,443.4,2,Yes,No,2025-04-09 18:55:37.306712
CUST0386,Books,Biography,Celebrity,351.7,6,No,No,2025-01-18 14:54:16.306712
CUST0625,Toys,Car,Electric,823.59,1,Yes,No,2025-03-21 10:50:19.306712
CUST0038,Electronics,Mobile,iOS,669.37,2,Yes,No,2025-03-01 01:57:43.306712
CUST0234,Toys,Puzzle,Jigsaw,636.72,2,No,No,2025-04-04 08:26:27.306712
CUST0954,Home,Chair,Office,843.51,2,No,No,2025-03-22 21:16:26.306712
CUST0088,Toys,Car,Remote Control,466.09,2,Yes,No,2025-03-18 22:26:05.306712
CUST0535,Home,Lamp,LED,597.58,2,No,No,2025-03-17 16:05:45.306712
CUST0302,Books,Biography,Celebrity,346.45,3,Yes,No,2025-04-10 23:33:13.306712
CUST0860,Toys,Car,Remote Control,50.0,3,No,No,2025-03-11 02:18:54.306712
CUST0380,Books,Novel,Mystery,380.41,3,Yes,No,2025-04-09 21:39:46.306712
CUST0503,Home,Table,Study,393.74,4,Yes,No,2025-01-25 18:46:41.306712
CUST0969,Toys,Car,Electric,601.03,5,No,No,2025-04-05 07:34:19.306712
CUST0607,Electronics,Mobile,Android,318.0,4,No,No,2025-01-20 10:42:32.306712
CUST0452,Toys,Doll,Barbie,602.29,5,No,No,2025-04-03 02:56:39.306712
CUST0141,Home,Table,Coffee,292.11,2,No,No,2025-03-16 13:52:25.306712
CUST0624,Books,Novel,Mystery,508.0,5,No,No,2025-01-14 21:43:48.306712
CUST0949,Home,Table,Study,509.37,1,No,No,2025-04-12 10:24:47.306712
CUST0989,Home,Lamp,LED,649.46,3,No,No,2025-03-31 04:49:11.306712
CUST0273,Clothing,Jeans,Regular,482.65,3,Yes,No,2025-01-29 00:44:23.306712
CUST0536,Books,Textbook,Math,782.66,3,No,No,2025-01-21 13:36:22.306712
CUST0187,Clothing,Jacket,Leather,316.53,3,No,No,2025-02-02 21:21:03.306712
CUST0541,Toys,Doll,Action,511.73,2,No,No,2025-04-05 22:19:54.306712
CUST0550,Electronics,Mobile,Android,625.94,3,No,No,2025-03-13 17:01:59.306712
CUST0504,Toys,Puzzle,3D,481.92,5,No,No,2025-04-12 11:39:05.306712
CUST0345,Toys,Puzzle,Jigsaw,487.93,4,No,No,2025-03-26 03:36:24.306712
CUST0815,Toys,Car,Electric,637.7,2,No,No,2025-04-04 10:09:06.306712
CUST0108,Books,Biography,Historical,476.41,2,No,No,2025-02-18 11:18:42.306712
CUST0324,Clothing,Jacket,Denim,391.77,4,Yes,No,2025-03-11 07:49:09.306712
CUST0213,Clothing,Jeans,Slim,446.12,8,No,No,2025-03-15 11:33:27.306712
CUST0849,Home,Table,Coffee,209.28,1,No,No,2025-03-27 18:25:02.306712
CUST0740,Books,Textbook,Math,705.82,2,No,No,2025-03-29 03:38:27.306712
CUST0857,Home,Chair,Office,137.3,4,No,No,2025-03-19 21:11:06.306712
CUST0405,Electronics,Headphones,Wireless,602.86,6,Yes,Yes,2025-02-05 22:04:41.306712
CUST0807,Toys,Puzzle,Jigsaw,634.66,1,No,No,2025-02-06 15:31:40.306712
CUST0982,Toys,Puzzle,3D,306.9,1,No,No,2025-02-12 08:26:05.306712
CUST0138,Home,Lamp,LED,584.5,9,No,No,2025-02-06 03:14:48.306712
CUST0741,Books,Novel,Fiction,668.43,4,Yes,No,2025-02-14 08:42:26.306712
CUST0847,Toys,Puzzle,Jigsaw,840.06,1,No,No,2025-01-17 15:44:18.306712
CUST0291,Home,Chair,Office,737.26,3,No,No,2025-02-11 13:42:26.306712
CUST0218,Books,Novel,Mystery,93.68,0,No,No,2025-01-20 06:33:55.306712
CUST0928,Home,Table,Study,297.88,3,No,No,2025-02-02 11:22:53.306712
CUST0389,Books,Novel,Mystery,721.92,1,Yes,No,2025-01-21 03:58:22.306712
CUST0223,Home,Table,Study,584.16,4,No,No,2025-03-09 16:33:11.306712
CUST0252,Clothing,Jeans,Slim,484.69,2,Yes,No,2025-04-01 00:47:35.306712
CUST0634,Electronics,Headphones,Wireless,326.87,7,No,No,2025-03-15 08:21:31.306712
CUST0342,Toys,Doll,Action,845.29,2,No,No,2025-01-22 06:43:37.306712
CUST0376,Home,Lamp,LED,708.45,0,No,No,2025-01-21 20:28:32.306712
CUST0667,Home,Lamp,Halogen,550.64,3,No,No,2025-02-05 18:03:53.306712
CUST0599,Books,Textbook,Math,764.86,1,No,No,2025-02-17 04:13:53.306712
CUST0356,Electronics,Mobile,iOS,256.01,4,No,No,2025-02-10 16:21:50.306712
CUST0253,Books,Textbook,Math,732.4,4,No,No,2025-03-18 14:10:14.306712
CUST0138,Toys,Puzzle,3D,544.41,8,No,No,2025-03-01 17:02:04.306712
CUST0187,Books,Novel,Fiction,491.92,3,No,No,2025-03-07 09:27:00.306712
CUST0609,Books,Textbook,Science,287.24,1,No,No,2025-02-22 07:14:35.306712
CUST0005,Home,Chair,Dining,459.15,5,No,No,2025-01-30 16:50:58.306712
CUST0534,Electronics,Laptop,Ultrabook,481.02,3,No,No,2025-02-07 09:42:53.306712
CUST0071,Books,Novel,Fiction,283.05,2,No,No,2025-04-10 05:44:41.306712
CUST0108,Toys,Car,Remote Control,50.0,1,No,No,2025-02-13 21:36:54.306712
CUST0650,Clothing,Jeans,Regular,378.47,1,No,No,2025-02-22 06:37:36.306712
CUST0849,Home,Chair,Dining,254.51,0,Yes,No,2025-01-25 14:10:03.306712
CUST0039,Clothing,Jacket,Leather,757.26,4,Yes,Yes,2025-02-03 06:50:32.306712
CUST0009,Home,Chair,Dining,290.84,0,No,No,2025-02-23 06:10:12.306712
CUST0214,Books,Novel,Fiction,372.39,6,No,No,2025-02-08 01:43:43.306712
CUST0649,Home,Table,Study,616.83,4,Yes,Yes,2025-03-05 20:33:17.306712
CUST0774,Toys,Puzzle,3D,163.92,3,No,No,2025-03-31 14:55:53.306712
CUST0217,Electronics,Headphones,Wired,499.77,1,No,No,2025-03-10 08:21:29.306712
CUST0817,Electronics,Laptop,Ultrabook,691.72,5,No,No,2025-02-21 13:14:14.306712
CUST0267,Toys,Car,Electric,440.82,4,No,No,2025-03-09 19:37:26.306712
CUST0178,Clothing,Jacket,Denim,350.13,3,Yes,No,2025-03-03 22:36:05.306712
CUST0466,Home,Lamp,Halogen,449.52,0,No,No,2025-01-24 08:54:53.306712
CUST0877,Clothing,Jeans,Regular,685.8,1,Yes,No,2025-01-26 16:36:12.306712
CUST0867,Books,Novel,Mystery,458.09,2,No,No,2025-02-08 07:45:07.306712
CUST0910,Clothing,T-Shirt,V-Neck,673.64,4,No,No,2025-04-01 18:25:14.306712
CUST0567,Toys,Puzzle,Jigsaw,341.53,4,No,No,2025-03-28 01:26:32.306712
CUST0393,Home,Table,Coffee,511.3,3,No,No,2025-02-02 05:26:51.306712
CUST0313,Clothing,Jacket,Leather,998.25,2,No,No,2025-03-03 18:11:48.306712
CUST0506,Clothing,Jacket,Denim,462.23,4,No,No,2025-02-25 12:54:12.306712
CUST0668,Home,Table,Coffee,471.11,5,No,No,2025-03-25 14:34:48.306712
CUST0240,Clothing,Jeans,Regular,517.29,2,Yes,No,2025-03-28 09:24:57.306712
CUST0487,Books,Novel,Mystery,427.96,2,No,No,2025-01-22 15:55:14.306712
CUST0239,Electronics,Headphones,Wireless,295.44,2,No,No,2025-03-14 23:10:18.306712
CUST0936,Electronics,Laptop,Gaming,497.77,6,No,No,2025-03-04 06:45:55.306712
CUST0846,Books,Novel,Fiction,624.5,1,No,No,2025-03-07 10:01:48.306712
CUST0131,Books,Novel,Mystery,901.6,3,No,No,2025-02-08 04:32:55.306712
CUST0807,Clothing,T-Shirt,V-Neck,540.17,5,No,No,2025-01-20 02:14:03.306712
CUST0671,Clothing,T-Shirt,Round Neck,497.51,2,No,No,2025-03-13 20:25:54.306712
CUST0036,Home,Lamp,Halogen,727.01,5,Yes,Yes,2025-02-08 13:55:27.306712
CUST0777,Home,Chair,Office,722.79,2,No,No,2025-01-19 00:04:57.306712
CUST0725,Books,Textbook,Science,472.5,3,Yes,Yes,2025-02-03 09:24:05.306712
CUST0164,Home,Lamp,LED,281.2,2,No,No,2025-04-05 01:59:00.306712
CUST0565,Electronics,Mobile,iOS,699.98,8,Yes,No,2025-02-12 13:32:38.306712
CUST0102,Clothing,T-Shirt,V-Neck,553.02,3,No,No,2025-03-07 07:46:53.306712
CUST0975,Books,Novel,Mystery,336.15,3,No,No,2025-01-28 04:06:42.306712
CUST0763,Books,Biography,Celebrity,734.79,3,Yes,Yes,2025-01-30 17:42:16.306712
CUST0383,Electronics,Laptop,Ultrabook,486.17,1,No,No,2025-03-31 13:04:35.306712
CUST0148,Clothing,Jeans,Slim,633.73,3,Yes,Yes,2025-04-09 22:13:28.306712
CUST0711,Clothing,T-Shirt,V-Neck,773.01,4,No,No,2025-01-23 04:28:13.306712
CUST0111,Toys,Car,Electric,836.8,3,No,No,2025-01-16 22:47:49.306712
CUST0198,Home,Lamp,Halogen,879.79,4,No,No,2025-01-23 03:23:37.306712
CUST0705,Books,Novel,Fiction,413.95,4,Yes,Yes,2025-01-28 00:07:04.306712
CUST0560,Books,Biography,Historical,477.91,2,No,No,2025-01-18 22:54:08.306712
CUST0957,Clothing,T-Shirt,Round Neck,199.06,7,Yes,No,2025-03-30 04:24:43.306712
CUST0812,Clothing,Jeans,Regular,773.74,3,No,No,2025-03-24 13:16:58.306712
CUST0139,Electronics,Headphones,Wired,573.17,7,No,No,2025-02-01 14:17:55.306712
CUST0420,Toys,Car,Electric,278.84,2,Yes,No,2025-01-14 11:26:55.306712
CUST0348,Books,Biography,Celebrity,581.7,3,No,No,2025-01-16 10:09:55.306712
CUST0062,Electronics,Laptop,Gaming,342.92,3,Yes,Yes,2025-03-31 23:32:24.306712
CUST0577,Electronics,Mobile,iOS,323.27,2,No,No,2025-02-03 11:57:22.306712
CUST0631,Books,Novel,Fiction,604.5,2,No,No,2025-03-27 13:58:08.306712
CUST0798,Electronics,Headphones,Wired,584.59,1,No,No,2025-01-30 04:12:38.306712
CUST0165,Electronics,Mobile,Android,611.52,1,No,No,2025-03-06 23:44:30.306712
CUST0833,Books,Textbook,Math,696.36,1,Yes,No,2025-03-26 16:05:12.306712
CUST0522,Books,Novel,Mystery,629.09,3,No,No,2025-03-02 15:04:00.306712
CUST0146,Clothing,T-Shirt,Round Neck,400.45,0,Yes,No,2025-04-01 14:16:30.306712
CUST0844,Home,Lamp,Halogen,606.2,1,Yes,No,2025-03-26 16:38:21.306712
CUST0418,Electronics,Laptop,Gaming,1143.07,3,No,No,2025-03-09 19:11:06.306712
CUST0172,Toys,Puzzle,3D,472.64,2,No,No,2025-04-04 12:06:33.306712
CUST0007,Books,Biography,Celebrity,486.38,1,Yes,No,2025-02-06 06:48:35.306712
CUST0417,Electronics,Mobile,Android,385.18,3,No,No,2025-03-28 06:08:34.306712
CUST0309,Home,Chair,Office,447.33,6,No,No,2025-02-17 12:20:05.306712
CUST0148,Electronics,Headphones,Wired,314.47,5,No,No,2025-01-15 00:04:44.306712
CUST0148,Home,Chair,Office,446.32,2,No,No,2025-04-11 23:50:48.306712
CUST0602,Home,Chair,Office,839.1,0,Yes,No,2025-03-25 15:12:35.306712
CUST0936,Electronics,Headphones,Wired,981.15,3,No,No,2025-02-12 03:06:55.306712
CUST0760,Books,Biography,Historical,208.1,2,Yes,No,2025-02-18 23:56:37.306712
CUST0632,Electronics,Mobile,Android,519.56,3,No,No,2025-02-23 08:25:31.306712
CUST0657,Home,Lamp,LED,325.76,6,No,No,2025-02-04 07:40:21.306712
CUST0946,Clothing,Jeans,Regular,466.62,1,Yes,No,2025-01-21 04:03:31.306712
CUST0668,Books,Textbook,Science,378.14,0,No,No,2025-03-24 10:23:23.306712
CUST0571,Electronics,Headphones,Wireless,763.25,2,No,No,2025-02-08 18:09:33.306712
CUST0971,Home,Table,Study,381.83,2,No,No,2025-03-11 05:49:37.306712
CUST0554,Home,Chair,Dining,762.03,4,No,No,2025-01-17 02:32:50.306712
CUST0135,Electronics,Mobile,Android,538.21,3,Yes,Yes,2025-03-06 15:33:31.306712
CUST0596,Electronics,Mobile,iOS,470.27,2,Yes,No,2025-03-06 23:38:27.306712
CUST0902,Books,Textbook,Science,871.82,4,No,No,2025-03-25 15:03:59.306712
CUST0622,Toys,Doll,Action,548.83,4,No,No,2025-03-01 00:16:54.306712
CUST0570,Books,Textbook,Science,448.8,4,Yes,Yes,2025-02-27 12:29:20.306712
CUST0389,Electronics,Mobile,iOS,599.63,1,No,No,2025-02-12 19:07:30.306712
CUST0468,Home,Chair,Office,139.79,2,No,No,2025-02-25 01:33:58.306712
CUST0841,Toys,Puzzle,Jigsaw,657.81,5,No,No,2025-03-10 00:47:43.306712
CUST0034,Books,Biography,Historical,549.73,2,No,No,2025-01-21 20:01:23.306712
CUST0448,Home,Chair,Office,905.19,3,No,No,2025-02-21 16:48:25.306712
CUST0585,Toys,Puzzle,3D,384.68,1,No,No,2025-03-13 12:46:48.306712
CUST0986,Clothing,T-Shirt,V-Neck,834.32,2,No,No,2025-02-04 21:12:55.306712
CUST0286,Toys,Doll,Action,730.87,3,No,No,2025-02-08 18:19:26.306712
CUST0460,Electronics,Headphones,Wireless,773.07,2,Yes,No,2025-01-24 21:27:25.306712
CUST0230,Toys,Car,Remote Control,457.6,5,Yes,Yes,2025-02-24 10:07:14.306712
CUST0192,Clothing,Jacket,Leather,272.37,1,No,No,2025-01-29 20:04:20.306712
CUST0068,Clothing,T-Shirt,V-Neck,733.45,6,No,No,2025-03-21 03:26:29.306712
CUST0962,Clothing,T-Shirt,V-Neck,428.01,3,Yes,No,2025-01-13 15:40:26.306712
CUST0900,Clothing,T-Shirt,Round Neck,283.34,4,Yes,Yes,2025-01-15 06:32:59.306712
CUST0562,Toys,Doll,Barbie,436.81,1,No,No,2025-03-31 12:40:37.306712
CUST0299,Books,Biography,Historical,119.24,2,No,No,2025-03-12 03:43:30.306712
CUST0114,Toys,Puzzle,Jigsaw,802.56,2,No,No,2025-03-04 14:56:13.306712
CUST0534,Toys,Car,Electric,113.22,2,No,No,2025-01-25 06:53:36.306712
CUST0259,Electronics,Laptop,Gaming,201.17,5,No,No,2025-01-15 18:07:41.306712
CUST0594,Electronics,Laptop,Gaming,702.81,2,Yes,No,2025-04-03 03:52:20.306712
CUST0241,Clothing,Jacket,Denim,405.07,3,Yes,Yes,2025-02-26 20:29:52.306712
CUST0760,Toys,Car,Remote Control,789.34,5,Yes,No,2025-03-14 11:43:27.306712
CUST0046,Books,Novel,Mystery,267.35,4,No,No,2025-02-11 15:43:20.306712
CUST0557,Electronics,Headphones,Wired,345.43,6,No,No,2025-03-01 02:45:01.306712
CUST0265,Books,Novel,Fiction,832.44,8,No,No,2025-01-18 10:15:12.306712
CUST0024,Toys,Car,Remote Control,775.88,5,No,No,2025-03-20 22:43:45.306712
CUST0225,Clothing,Jeans,Slim,670.88,4,No,No,2025-04-09 22:47:40.306712
CUST0100,Clothing,Jeans,Slim,399.29,3,No,No,2025-01-22 20:10:50.306712
CUST0536,Electronics,Laptop,Gaming,586.83,3,No,No,2025-03-18 19:07:47.306712
CUST0619,Toys,Car,Remote Control,518.81,4,No,No,2025-03-21 22:02:41.306712
CUST0266,Home,Table,Coffee,356.71,2,No,No,2025-03-28 05:20:06.306712
CUST0588,Home,Chair,Office,207.47,4,No,No,2025-01-31 20:51:58.306712
CUST0652,Home,Table,Coffee,485.78,4,No,No,2025-01-20 03:37:01.306712
CUST0372,Clothing,Jeans,Slim,764.29,0,No,No,2025-02-09 11:22:09.306712
CUST0423,Books,Novel,Mystery,302.45,1,Yes,No,2025-02-13 17:42:16.306712
CUST0385,Toys,Car,Remote Control,658.31,4,No,No,2025-02-10 00:32:00.306712
CUST0596,Home,Lamp,Halogen,556.26,6,No,No,2025-02-25 09:14:36.306712
CUST0152,Electronics,Mobile,Android,701.17,2,No,No,2025-03-07 23:02:41.306712
CUST0142,Home,Table,Coffee,531.67,3,Yes,No,2025-03-23 02:05:36.306712
CUST0789,Toys,Puzzle,Jigsaw,864.41,3,No,No,2025-04-12 21:28:23.306712
CUST0142,Clothing,Jacket,Denim,586.49,1,No,No,2025-03-12 10:03:45.306712
CUST0945,Home,Chair,Office,286.91,3,No,No,2025-04-09 23:38:36.306712
CUST0401,Clothing,T-Shirt,V-Neck,632.78,2,Yes,No,2025-03-03 03:08:37.306712
CUST0909,Electronics,Laptop,Ultrabook,379.9,4,No,No,2025-03-21 09:17:08.306712
CUST0333,Clothing,Jeans,Slim,579.55,3,No,No,2025-03-31 04:15:47.306712
CUST0935,Home,Table,Coffee,264.36,5,No,No,2025-02-22 11:15:59.306712
CUST0320,Clothing,T-Shirt,V-Neck,811.41,1,Yes,No,2025-02-26 15:06:34.306712
CUST0018,Electronics,Laptop,Gaming,349.56,4,No,No,2025-01-28 23:47:41.306712
CUST0635,Electronics,Headphones,Wireless,450.92,5,Yes,No,2025-02-14 17:51:15.306712
CUST0110,Toys,Puzzle,3D,567.5,8,No,No,2025-01-20 06:00:59.306712
CUST0644,Clothing,Jacket,Denim,742.04,4,No,No,2025-02-16 02:19:39.306712
CUST0579,Electronics,Laptop,Ultrabook,585.08,3,Yes,Yes,2025-01-16 14:05:05.306712
CUST0063,Books,Textbook,Math,209.38,10,No,No,2025-02-03 18:39:22.306712
CUST0057,Home,Lamp,Halogen,266.22,4,No,No,2025-01-15 19:02:04.306712
CUST0056,Electronics,Mobile,Android,339.25,1,Yes,No,2025-03-05 05:24:57.306712
CUST0147,Books,Novel,Fiction,715.36,3,No,No,2025-01-22 05:17:25.306712
CUST0741,Clothing,T-Shirt,Round Neck,223.35,3,No,No,2025-03-09 15:16:04.306712
CUST0753,Books,Novel,Mystery,328.01,2,No,No,2025-01-22 04:55:05.306712
CUST0129,Electronics,Headphones,Wired,865.73,3,Yes,No,2025-03-23 23:02:31.306712
CUST0384,Electronics,Laptop,Ultrabook,718.64,1,No,No,2025-02-24 18:21:08.306712
CUST0770,Home,Chair,Dining,225.89,5,No,No,2025-02-12 19:20:47.306712
CUST0391,Electronics,Laptop,Gaming,304.27,3,No,No,2025-04-10 06:59:07.306712
CUST0148,Books,Biography,Historical,86.14,5,Yes,No,2025-02-11 14:53:35.306712
CUST0393,Electronics,Mobile,Android,722.74,4,No,No,2025-02-14 19:54:23.306712
CUST0243,Electronics,Laptop,Ultrabook,722.65,2,Yes,No,2025-03-24 08:00:33.306712
CUST0762,Clothing,Jacket,Denim,536.97,5,No,No,2025-03-02 06:13:16.306712
CUST0866,Clothing,Jeans,Slim,738.11,4,No,No,2025-02-16 11:06:50.306712
CUST0572,Books,Novel,Mystery,1080.43,4,No,No,2025-02-22 07:10:49.306712
CUST0548,Clothing,T-Shirt,V-Neck,258.25,3,No,No,2025-03-27 23:49:08.306712
CUST0104,Clothing,Jeans,Slim,50.0,2,No,No,2025-02-20 18:51:00.306712
CUST0464,Electronics,Headphones,Wired,404.91,4,No,No,2025-04-05 18:33:48.306712
CUST0429,Books,Biography,Celebrity,509.38,5,No,No,2025-01-28 07:53:07.306712
CUST0877,Clothing,Jeans,Slim,369.6,1,Yes,No,2025-04-13 11:19:52.306712
CUST0637,Books,Biography,Celebrity,598.13,2,No,No,2025-03-04 02:04:18.306712
CUST0877,Home,Table,Study,133.06,4,Yes,Yes,2025-04-04 01:56:15.306712
CUST0083,Clothing,Jacket,Leather,247.43,3,No,No,2025-03-16 13:26:26.306712
CUST0213,Home,Chair,Office,529.46,2,Yes,No,2025-02-22 14:03:04.306712
CUST0999,Electronics,Headphones,Wired,320.5,5,No,No,2025-03-03 02:40:51.306712
CUST0580,Books,Biography,Historical,525.96,0,No,No,2025-01-25 16:45:50.306712
CUST0241,Home,Lamp,LED,843.78,5,No,No,2025-02-12 08:57:38.306712
CUST0055,Home,Table,Study,288.88,0,No,No,2025-04-08 19:43:59.306712
CUST0757,Books,Textbook,Math,463.8,2,No,No,2025-01-24 05:35:56.306712
CUST0155,Electronics,Laptop,Ultrabook,574.26,4,No,No,2025-04-05 09:38:41.306712
CUST0259,Toys,Car,Remote Control,455.08,4,No,No,2025-01-29 09:28:49.306712
CUST0366,Home,Table,Coffee,650.94,2,Yes,No,2025-01-15 04:15:43.306712
CUST0994,Books,Textbook,Science,606.06,0,Yes,No,2025-04-01 06:44:12.306712
CUST0290,Electronics,Mobile,Android,1008.58,2,Yes,No,2025-03-19 14:46:04.306712
CUST0728,Toys,Doll,Barbie,355.62,4,No,No,2025-03-07 14:06:35.306712
CUST0564,Electronics,Headphones,Wireless,402.32,2,No,No,2025-02-27 12:27:59.306712
CUST0256,Electronics,Headphones,Wired,362.96,2,No,No,2025-02-05 04:18:01.306712
CUST0315,Clothing,Jeans,Regular,769.12,3,Yes,No,2025-04-07 09:28:04.306712
CUST0515,Clothing,Jacket,Leather,519.46,5,No,No,2025-03-05 19:04:44.306712
CUST0530,Home,Table,Study,325.44,3,No,No,2025-03-06 15:07:50.306712
CUST0024,Books,Biography,Celebrity,855.62,3,No,No,2025-04-07 14:31:38.306712
CUST0793,Electronics,Laptop,Gaming,512.69,4,No,No,2025-04-02 18:55:17.306712
CUST0104,Electronics,Mobile,Android,551.6,3,No,No,2025-01-29 03:21:14.306712
CUST0835,Home,Lamp,LED,297.23,5,No,No,2025-03-18 05:59:04.306712
CUST0768,Home,Chair,Office,327.1,5,No,No,2025-02-06 12:04:01.306712
CUST0884,Electronics,Mobile,iOS,327.28,2,Yes,No,2025-01-18 10:56:31.306712
CUST0319,Toys,Car,Remote Control,249.83,3,No,No,2025-01-13 21:58:06.306712
CUST0844,Clothing,Jeans,Slim,213.19,1,Yes,No,2025-01-23 06:20:15.306712
CUST0731,Toys,Doll,Barbie,587.7,6,Yes,No,2025-02-02 04:22:38.306712
CUST0168,Electronics,Headphones,Wireless,627.58,0,Yes,No,2025-01-23 16:57:00.306712
CUST0609,Books,Textbook,Math,323.86,0,No,No,2025-01-21 07:02:21.306712
CUST0092,Home,Chair,Office,605.77,6,No,No,2025-02-02 21:12:11.306712
CUST0305,Books,Novel,Fiction,620.41,5,Yes,Yes,2025-03-21 11:41:22.306712
CUST0509,Electronics,Headphones,Wired,433.65,2,No,No,2025-03-28 11:37:18.306712
CUST0668,Toys,Doll,Barbie,186.38,3,No,No,2025-03-30 07:18:17.306712
CUST0768,Electronics,Headphones,Wired,313.75,0,No,No,2025-04-09 08:19:06.306712
CUST0950,Clothing,Jeans,Slim,568.93,5,Yes,No,2025-02-07 14:14:55.306712
CUST0101,Toys,Car,Remote Control,501.88,0,Yes,No,2025-04-05 14:07:44.306712
CUST0652,Books,Textbook,Science,491.44,2,No,No,2025-04-07 17:14:26.306712
CUST0374,Electronics,Headphones,Wireless,345.61,2,No,No,2025-01-20 23:43:16.306712
CUST0211,Books,Biography,Historical,328.27,3,No,No,2025-02-15 07:05:35.306712
CUST0543,Clothing,Jacket,Leather,836.07,2,No,No,2025-01-15 16:56:33.306712
CUST0484,Clothing,Jacket,Denim,467.19,5,No,No,2025-03-05 05:54:58.306712
CUST0763,Electronics,Laptop,Gaming,506.33,3,Yes,No,2025-03-12 15:22:38.306712
CUST0779,Electronics,Headphones,Wireless,336.5,5,No,No,2025-02-27 22:36:01.306712
CUST0115,Books,Novel,Mystery,662.95,1,Yes,No,2025-01-16 04:15:32.306712
CUST0566,Toys,Puzzle,3D,186.75,3,Yes,No,2025-01-28 12:30:46.306712
CUST0133,Clothing,Jacket,Denim,602.41,3,Yes,Yes,2025-03-02 02:56:24.306712
CUST0794,Electronics,Headphones,Wireless,440.79,0,Yes,No,2025-03-01 14:43:03.306712
CUST0347,Clothing,T-Shirt,V-Neck,606.82,2,No,No,2025-04-08 18:48:17.306712
CUST0430,Toys,Puzzle,Jigsaw,716.99,5,No,No,2025-01-31 04:26:06.306712
CUST0818,Home,Table,Coffee,102.37,0,No,No,2025-03-19 22:07:17.306712
CUST0741,Toys,Doll,Action,509.01,4,Yes,Yes,2025-03-03 02:27:16.306712
CUST0033,Electronics,Mobile,iOS,91.43,4,No,No,2025-03-19 11:23:13.306712
CUST0889,Home,Chair,Office,369.48,8,No,No,2025-02-03 05:11:50.306712
CUST0898,Books,Novel,Fiction,593.82,2,No,No,2025-04-03 12:49:17.306712
CUST0125,Books,Textbook,Math,406.25,7,No,No,2025-03-31 03:30:07.306712
CUST0394,Toys,Car,Remote Control,580.38,2,No,No,2025-03-08 01:15:27.306712
CUST0361,Books,Biography,Celebrity,587.81,3,No,No,2025-03-19 04:59:02.306712
CUST0484,Electronics,Laptop,Ultrabook,192.92,2,No,No,2025-03-20 17:56:13.306712
CUST0700,Home,Chair,Dining,381.36,4,No,No,2025-03-14 16:18:34.306712
CUST0707,Electronics,Mobile,iOS,611.13,2,Yes,No,2025-03-22 04:17:11.306712
CUST0767,Clothing,T-Shirt,V-Neck,300.37,1,Yes,No,2025-01-18 20:10:18.306712
CUST0754,Electronics,Laptop,Ultrabook,200.58,1,No,No,2025-04-03 10:58:58.306712
CUST0149,Books,Novel,Fiction,652.57,1,No,No,2025-03-01 03:28:53.306712
CUST0951,Electronics,Mobile,Android,496.66,6,No,No,2025-02-17 20:20:01.306712
CUST0048,Toys,Doll,Barbie,225.29,1,No,No,2025-02-09 21:28:15.306712
CUST0869,Clothing,Jacket,Leather,518.18,2,Yes,No,2025-03-14 16:54:47.306712
CUST0552,Clothing,Jacket,Leather,270.74,3,No,No,2025-02-10 12:35:30.306712
CUST0555,Home,Table,Coffee,366.16,5,Yes,Yes,2025-01-14 12:00:49.306712
CUST0309,Electronics,Headphones,Wired,757.68,3,No,No,2025-03-12 19:54:14.306712
CUST0829,Electronics,Mobile,iOS,402.58,3,No,No,2025-04-06 19:50:24.306712
CUST0235,Electronics,Mobile,Android,584.36,3,Yes,Yes,2025-01-20 10:16:08.306712
CUST0387,Books,Textbook,Science,50.0,1,Yes,No,2025-03-28 15:38:13.306712
CUST0827,Toys,Doll,Action,489.28,4,No,No,2025-02-21 18:14:32.306712
CUST0731,Clothing,T-Shirt,V-Neck,138.1,6,Yes,Yes,2025-03-07 21:40:47.306712
CUST0093,Electronics,Mobile,iOS,723.13,0,Yes,No,2025-01-15 03:59:30.306712
CUST0840,Electronics,Laptop,Ultrabook,555.19,2,No,No,2025-02-23 08:17:48.306712
CUST0266,Clothing,Jeans,Regular,285.92,4,No,No,2025-04-06 13:42:51.306712
CUST0983,Electronics,Laptop,Ultrabook,581.53,4,No,No,2025-02-06 11:14:43.306712
CUST0566,Home,Lamp,LED,61.57,1,No,No,2025-01-26 19:00:20.306712
CUST0560,Electronics,Laptop,Ultrabook,646.4,3,Yes,Yes,2025-01-23 01:40:41.306712
CUST0138,Clothing,Jacket,Denim,524.36,1,No,No,2025-03-28 18:57:36.306712
CUST0577,Books,Textbook,Math,530.82,4,No,No,2025-02-15 15:38:33.306712
CUST0371,Home,Chair,Dining,198.33,4,No,No,2025-04-06 10:21:25.306712
CUST0962,Electronics,Headphones,Wired,449.73,2,No,No,2025-01-29 02:50:15.306712
CUST0233,Books,Novel,Fiction,666.96,0,No,No,2025-02-11 05:04:59.306712
CUST0806,Home,Lamp,Halogen,452.88,2,No,No,2025-03-29 10:23:51.306712
CUST0287,Books,Biography,Celebrity,594.74,4,Yes,Yes,2025-02-17 06:38:33.306712
CUST0067,Books,Novel,Fiction,601.37,2,Yes,No,2025-02-27 05:41:36.306712
CUST0209,Electronics,Headphones,Wired,603.56,4,No,No,2025-01-25 09:39:17.306712
CUST0371,Books,Biography,Celebrity,885.57,4,No,No,2025-03-06 02:49:24.306712
CUST0657,Clothing,Jeans,Slim,605.04,5,No,No,2025-02-03 12:42:49.306712
CUST0101,Books,Biography,Celebrity,468.68,3,No,No,2025-02-04 16:06:42.306712
CUST0543,Electronics,Mobile,iOS,724.09,2,No,No,2025-02-11 07:06:46.306712
CUST0842,Electronics,Laptop,Ultrabook,496.24,2,Yes,No,2025-03-23 00:33:01.306712
CUST0471,Clothing,Jeans,Slim,630.47,1,Yes,No,2025-01-29 05:41:01.306712
CUST0577,Clothing,Jeans,Regular,595.42,6,No,No,2025-03-29 07:46:42.306712
CUST0770,Books,Textbook,Science,730.69,2,No,No,2025-01-27 19:54:11.306712
CUST0915,Books,Novel,Mystery,359.78,2,No,No,2025-01-17 22:40:29.306712
CUST0460,Books,Biography,Celebrity,343.87,4,No,No,2025-01-26 17:21:13.306712
CUST0011,Books,Textbook,Science,617.2,3,Yes,No,2025-01-27 11:19:10.306712
CUST0490,Electronics,Headphones,Wireless,444.62,1,No,No,2025-02-15 08:23:54.306712
CUST0214,Toys,Doll,Action,521.87,4,No,No,2025-02-23 01:12:29.306712
CUST0709,Clothing,Jeans,Slim,571.94,3,No,No,2025-02-03 15:55:04.306712
CUST0915,Toys,Doll,Action,527.98,4,No,No,2025-03-13 11:30:12.306712
CUST0054,Books,Textbook,Math,717.61,2,Yes,No,2025-03-31 22:07:05.306712
CUST0270,Toys,Car,Remote Control,411.12,0,No,No,2025-03-11 22:04:53.306712
CUST0696,Clothing,T-Shirt,Round Neck,253.47,4,No,No,2025-03-21 21:09:24.306712
CUST0343,Home,Chair,Dining,351.46,1,No,No,2025-01-14 02:14:40.306712
CUST0356,Electronics,Headphones,Wireless,310.37,2,No,No,2025-02-28 13:19:13.306712
CUST0205,Toys,Doll,Barbie,598.1,1,Yes,No,2025-04-11 08:33:05.306712
CUST0336,Toys,Doll,Action,413.86,2,No,No,2025-02-07 11:55:22.306712
CUST0796,Electronics,Laptop,Gaming,728.59,0,Yes,No,2025-03-20 16:56:16.306712
CUST0672,Home,Lamp,Halogen,50.0,2,Yes,No,2025-01-19 02:49:22.306712
CUST0755,Books,Textbook,Science,323.66,2,No,No,2025-03-03 00:50:49.306712
CUST0728,Home,Lamp,Halogen,50.0,7,No,No,2025-01-28 22:11:53.306712
CUST0447,Electronics,Headphones,Wireless,747.45,4,No,No,2025-02-05 22:19:55.306712
CUST0852,Toys,Doll,Barbie,358.68,2,Yes,No,2025-04-05 13:22:36.306712
CUST0186,Books,Novel,Mystery,564.84,1,No,No,2025-03-27 06:50:52.306712
CUST0858,Clothing,Jeans,Slim,151.06,1,No,No,2025-01-31 00:14:37.306712
CUST0062,Clothing,T-Shirt,Round Neck,501.12,2,No,No,2025-03-01 07:40:55.306712
CUST0106,Electronics,Mobile,iOS,282.49,3,Yes,No,2025-03-17 17:43:18.306712
CUST0909,Books,Biography,Historical,427.18,3,Yes,No,2025-01-23 20:36:59.306712
CUST0434,Clothing,T-Shirt,V-Neck,206.36,3,Yes,Yes,2025-04-09 05:50:10.306712
CUST0557,Home,Chair,Dining,292.89,2,Yes,No,2025-02-08 13:09:52.306712
CUST0858,Toys,Doll,Barbie,260.26,2,No,No,2025-01-16 15:39:26.306712
CUST0384,Clothing,T-Shirt,V-Neck,593.74,3,No,No,2025-03-10 16:24:08.306712
CUST0009,Clothing,Jacket,Leather,817.51,0,No,No,2025-01-31 16:21:50.306712
CUST0031,Clothing,Jacket,Denim,843.54,1,No,No,2025-03-09 17:13:35.306712
CUST0814,Toys,Puzzle,Jigsaw,407.25,3,Yes,No,2025-04-09 23:10:43.306712
CUST0273,Clothing,Jacket,Denim,311.01,6,No,No,2025-02-08 14:10:22.306712
CUST0508,Electronics,Mobile,iOS,562.14,6,Yes,No,2025-04-07 19:36:27.306712
CUST0074,Books,Biography,Historical,527.3,1,Yes,No,2025-04-12 23:39:53.306712
CUST0222,Electronics,Laptop,Gaming,598.8,5,No,No,2025-02-25 18:38:15.306712
CUST0909,Electronics,Laptop,Gaming,330.01,7,No,No,2025-01-16 16:51:36.306712
CUST0299,Toys,Puzzle,Jigsaw,224.51,5,No,No,2025-01-31 10:41:59.306712
CUST0424,Books,Novel,Mystery,307.48,3,No,No,2025-04-12 12:32:53.306712
CUST0287,Books,Textbook,Math,390.99,5,No,No,2025-04-06 07:23:48.306712
CUST0116,Books,Novel,Mystery,291.59,3,No,No,2025-03-30 11:36:18.306712
CUST0455,Books,Novel,Fiction,589.25,3,No,No,2025-03-06 22:19:58.306712
CUST0228,Toys,Puzzle,3D,729.99,2,No,No,2025-03-27 22:21:01.306712
CUST0952,Home,Lamp,LED,323.31,5,Yes,Yes,2025-02-16 11:16:52.306712
CUST0631,Toys,Car,Remote Control,285.72,5,Yes,Yes,2025-03-13 02:44:44.306712
CUST0225,Toys,Puzzle,Jigsaw,724.5,5,Yes,Yes,2025-01-28 20:22:37.306712
CUST0777,Books,Novel,Fiction,343.58,3,No,No,2025-01-29 01:10:52.306712
CUST0917,Toys,Puzzle,3D,669.43,0,Yes,No,2025-02-04 01:59:08.306712
CUST0357,Electronics,Laptop,Ultrabook,530.91,6,No,No,2025-01-19 06:50:46.306712
CUST0129,Books,Textbook,Science,661.33,1,Yes,No,2025-02-26 10:44:56.306712
CUST0405,Home,Chair,Dining,328.63,3,No,No,2025-04-07 07:10:01.306712
CUST0171,Toys,Car,Remote Control,345.56,2,Yes,No,2025-02-17 01:30:13.306712
CUST0211,Toys,Doll,Action,454.39,7,Yes,No,2025-03-15 08:17:23.306712
CUST0601,Home,Chair,Dining,638.5,5,Yes,No,2025-03-03 14:29:16.306712
CUST0880,Toys,Doll,Action,520.56,4,No,No,2025-04-02 17:46:12.306712
CUST0003,Books,Textbook,Science,502.31,1,Yes,No,2025-02-17 18:57:25.306712
CUST0772,Books,Novel,Fiction,653.9,5,No,No,2025-01-17 20:06:55.306712
CUST0559,Electronics,Headphones,Wireless,497.62,5,No,No,2025-03-09 08:51:05.306712
CUST0983,Clothing,Jacket,Leather,255.14,2,No,No,2025-01-29 14:47:10.306712
CUST0191,Electronics,Laptop,Ultrabook,235.49,6,No,No,2025-04-09 03:40:58.306712
CUST0834,Clothing,Jacket,Leather,337.81,4,Yes,Yes,2025-03-07 03:39:06.306712
CUST0587,Electronics,Headphones,Wireless,527.74,5,No,No,2025-01-30 08:08:35.306712
CUST0921,Clothing,Jeans,Slim,630.65,3,Yes,Yes,2025-01-30 08:03:03.306712
CUST0007,Clothing,T-Shirt,V-Neck,589.73,3,Yes,Yes,2025-01-28 10:57:52.306712
CUST0830,Home,Table,Study,331.0,2,No,No,2025-02-15 21:54:08.306712
CUST0874,Electronics,Mobile,Android,330.11,4,No,No,2025-02-15 06:58:15.306712
CUST0291,Home,Table,Coffee,460.9,1,No,No,2025-02-04 10:54:17.306712
CUST0876,Books,Textbook,Science,871.23,1,Yes,No,2025-03-22 00:00:05.306712
CUST0803,Clothing,Jacket,Leather,260.18,4,Yes,No,2025-02-06 08:29:56.306712
CUST0198,Clothing,Jeans,Slim,404.56,3,No,No,2025-02-20 18:33:16.306712
CUST0942,Clothing,Jacket,Denim,314.27,4,No,No,2025-01-26 08:23:46.306712
CUST0008,Toys,Puzzle,3D,484.02,2,No,No,2025-03-09 07:11:15.306712
CUST0765,Toys,Car,Electric,165.09,2,No,No,2025-01-25 09:31:42.306712
CUST0130,Home,Lamp,LED,292.68,1,No,No,2025-01-29 04:58:20.306712
CUST0901,Toys,Puzzle,3D,647.53,5,Yes,No,2025-03-27 10:59:25.306712
CUST0613,Books,Biography,Historical,597.4,3,No,No,2025-01-18 23:43:15.306712
CUST0121,Clothing,T-Shirt,V-Neck,340.1,4,No,No,2025-02-21 11:44:16.306712
CUST0203,Electronics,Laptop,Ultrabook,721.95,4,No,No,2025-02-12 12:12:03.306712
CUST0603,Home,Lamp,LED,562.47,0,No,No,2025-01-19 20:58:58.306712
CUST0929,Electronics,Laptop,Gaming,316.09,2,No,No,2025-03-12 07:20:44.306712
CUST0794,Home,Table,Coffee,660.89,2,Yes,No,2025-03-09 11:54:35.306712
CUST0209,Books,Biography,Historical,755.14,2,Yes,No,2025-03-11 09:34:49.306712
CUST0136,Clothing,Jeans,Regular,463.92,4,No,No,2025-01-20 21:19:34.306712
CUST0720,Clothing,T-Shirt,V-Neck,335.76,2,No,No,2025-02-18 15:54:12.306712
CUST0238,Books,Novel,Mystery,194.43,2,No,No,2025-04-06 12:25:42.306712
CUST0974,Home,Lamp,Halogen,571.33,4,No,No,2025-01-28 04:23:41.306712
CUST0684,Toys,Car,Remote Control,431.6,3,Yes,Yes,2025-01-23 11:56:34.306712
CUST0919,Clothing,Jacket,Leather,50.0,1,No,No,2025-04-09 22:52:56.306712
CUST0636,Books,Novel,Mystery,382.59,2,No,No,2025-04-02 00:29:47.306712
CUST0785,Clothing,T-Shirt,Round Neck,559.36,2,No,No,2025-03-09 22:55:09.306712
CUST0608,Clothing,Jacket,Denim,493.6,3,No,No,2025-02-13 03:08:56.306712
CUST0896,Clothing,Jeans,Slim,600.09,3,No,No,2025-02-01 01:23:06.306712
CUST0171,Electronics,Mobile,iOS,798.65,5,Yes,No,2025-04-07 00:17:11.306712
CUST0340,Home,Chair,Dining,939.84,4,Yes,Yes,2025-02-02 21:15:59.306712
CUST0738,Clothing,T-Shirt,Round Neck,527.38,3,No,No,2025-02-11 14:07:01.306712
CUST0244,Electronics,Headphones,Wired,336.97,1,No,No,2025-03-01 14:36:02.306712
CUST0940,Toys,Doll,Barbie,469.99,3,No,No,2025-02-07 20:12:32.306712
CUST0478,Toys,Puzzle,3D,930.6,0,Yes,No,2025-03-21 17:40:01.306712
CUST0760,Home,Chair,Office,394.65,6,Yes,No,2025-03-03 05:17:25.306712
CUST0559,Clothing,Jacket,Denim,465.44,3,Yes,No,2025-03-20 02:00:42.306712
CUST0330,Toys,Puzzle,Jigsaw,338.92,2,No,No,2025-03-25 23:05:54.306712
CUST0950,Electronics,Laptop,Ultrabook,530.69,2,Yes,No,2025-03-02 08:07:55.306712
CUST0043,Books,Biography,Celebrity,50.0,3,No,No,2025-04-04 01:06:41.306712
CUST0589,Clothing,T-Shirt,Round Neck,790.76,3,No,No,2025-03-28 01:25:47.306712
CUST0175,Toys,Car,Remote Control,625.16,2,No,No,2025-02-16 21:45:28.306712
CUST0098,Home,Table,Coffee,391.64,4,No,No,2025-01-29 14:50:41.306712
CUST0349,Books,Textbook,Science,431.81,0,No,No,2025-02-24 13:50:35.306712
CUST0282,Electronics,Headphones,Wired,437.33,3,No,No,2025-03-16 07:26:49.306712
CUST0516,Home,Table,Coffee,367.03,2,No,No,2025-04-04 01:10:32.306712
CUST0757,Toys,Puzzle,3D,584.72,2,No,No,2025-03-22 10:05:12.306712
CUST0448,Books,Novel,Mystery,661.7,3,No,No,2025-03-31 01:37:27.306712
CUST0177,Electronics,Headphones,Wired,458.58,2,Yes,No,2025-02-21 03:22:22.306712
CUST0494,Clothing,Jacket,Leather,422.14,1,No,No,2025-02-17 16:41:04.306712
CUST0313,Clothing,Jacket,Denim,269.24,3,No,No,2025-03-26 01:48:05.306712
CUST0383,Electronics,Headphones,Wired,547.85,4,No,No,2025-01-29 21:28:17.306712
CUST0569,Clothing,T-Shirt,Round Neck,336.0,3,No,No,2025-04-07 22:27:42.306712
CUST0359,Electronics,Mobile,Android,113.24,5,No,No,2025-02-16 17:58:46.306712
CUST0747,Books,Novel,Mystery,836.67,0,No,No,2025-02-25 22:18:18.306712
CUST0177,Toys,Doll,Barbie,466.77,6,No,No,2025-03-11 16:37:49.306712
CUST0779,Home,Chair,Office,302.16,0,No,No,2025-01-22 07:24:27.306712
CUST0872,Clothing,T-Shirt,Round Neck,529.77,3,No,No,2025-04-13 00:45:11.306712
CUST0281,Electronics,Laptop,Gaming,502.02,5,No,No,2025-03-12 04:22:21.306712
CUST0012,Electronics,Headphones,Wired,724.83,4,No,No,2025-02-20 19:15:53.306712
CUST0175,Books,Novel,Fiction,430.27,2,No,No,2025-02-22 07:21:35.306712
CUST0409,Electronics,Laptop,Ultrabook,523.59,4,No,No,2025-04-03 21:39:16.306712
CUST0860,Electronics,Headphones,Wired,487.12,2,No,No,2025-02-24 06:53:36.306712
CUST0199,Clothing,T-Shirt,V-Neck,256.84,5,No,No,2025-04-04 16:06:56.306712
CUST0292,Electronics,Mobile,Android,670.53,7,No,No,2025-03-14 04:08:41.306712
CUST0077,Electronics,Headphones,Wireless,168.21,6,No,No,2025-03-10 07:51:52.306712
CUST0225,Clothing,Jeans,Slim,385.73,4,No,No,2025-03-06 19:33:53.306712
CUST0635,Clothing,T-Shirt,Round Neck,816.16,2,No,No,2025-02-11 10:18:34.306712
CUST0857,Books,Novel,Fiction,547.85,5,No,No,2025-03-11 23:23:48.306712
CUST0228,Books,Novel,Fiction,335.84,3,No,No,2025-02-23 06:34:28.306712
CUST0989,Electronics,Headphones,Wireless,347.63,5,Yes,Yes,2025-03-18 11:57:35.306712
CUST0039,Home,Lamp,Halogen,410.04,3,No,No,2025-02-21 08:48:47.306712
CUST0114,Books,Novel,Mystery,518.33,1,Yes,No,2025-02-24 19:59:03.306712
CUST0892,Clothing,Jeans,Regular,603.89,5,No,No,2025-02-03 17:05:03.306712
CUST0726,Toys,Car,Remote Control,775.95,1,No,No,2025-01-14 12:15:25.306712
CUST0016,Toys,Doll,Barbie,606.77,2,No,No,2025-02-27 11:08:14.306712
CUST0178,Clothing,Jeans,Regular,813.68,8,No,No,2025-01-22 06:13:26.306712
CUST0456,Books,Textbook,Math,684.83,2,No,No,2025-04-06 18:03:53.306712
CUST0229,Electronics,Mobile,Android,602.71,4,Yes,No,2025-01-24 15:23:36.306712
CUST0013,Toys,Doll,Action,543.35,5,No,No,2025-03-23 16:34:00.306712
CUST0096,Books,Biography,Historical,620.18,2,No,No,2025-02-01 22:21:04.306712
CUST0733,Electronics,Laptop,Ultrabook,562.59,2,No,No,2025-02-09 07:22:45.306712
CUST0922,Home,Chair,Office,677.86,2,Yes,No,2025-02-27 03:32:09.306712
CUST0183,Books,Biography,Celebrity,595.44,7,Yes,No,2025-02-28 18:46:51.306712
CUST0974,Books,Novel,Mystery,337.55,3,Yes,No,2025-02-02 17:52:29.306712
CUST0810,Home,Table,Study,610.2,3,No,No,2025-01-30 23:46:26.306712
CUST0639,Electronics,Laptop,Ultrabook,363.97,5,No,No,2025-04-02 00:57:49.306712
CUST0072,Books,Biography,Celebrity,408.04,1,Yes,No,2025-01-23 05:25:15.306712
CUST0524,Toys,Doll,Barbie,50.0,3,No,No,2025-01-21 21:51:39.306712
CUST0856,Books,Textbook,Math,840.77,3,No,No,2025-01-30 06:00:21.306712
CUST0307,Clothing,T-Shirt,Round Neck,364.62,0,No,No,2025-02-10 09:01:58.306712
CUST0574,Clothing,Jeans,Regular,249.14,4,No,No,2025-02-08 09:26:42.306712
CUST0791,Home,Chair,Dining,733.51,1,No,No,2025-01-29 20:10:44.306712
CUST0225,Home,Lamp,Halogen,602.84,2,No,No,2025-03-30 07:50:31.306712
CUST0344,Clothing,Jacket,Denim,418.65,3,Yes,No,2025-02-26 01:35:52.306712
CUST0584,Electronics,Mobile,iOS,459.64,1,No,No,2025-04-08 09:06:39.306712
CUST0301,Toys,Doll,Barbie,881.18,3,No,No,2025-02-19 06:10:17.306712
CUST0863,Clothing,Jeans,Slim,436.76,3,No,No,2025-02-09 18:41:08.306712
CUST0705,Books,Novel,Fiction,396.24,4,No,No,2025-03-04 13:54:40.306712
CUST0445,Home,Chair,Office,550.88,0,No,No,2025-01-13 19:41:18.306712
CUST0610,Home,Chair,Dining,457.47,4,No,No,2025-03-15 06:28:17.306712
CUST0907,Home,Lamp,Halogen,1041.86,4,No,No,2025-01-30 10:32:21.306712
CUST0094,Books,Textbook,Science,928.36,5,No,No,2025-02-05 06:31:25.306712
CUST0329,Toys,Car,Electric,534.09,0,No,No,2025-04-04 14:25:36.306712
CUST0818,Electronics,Headphones,Wireless,208.84,1,No,No,2025-02-28 19:35:20.306712
CUST0547,Electronics,Laptop,Ultrabook,707.1,2,Yes,No,2025-01-18 08:30:10.306712
CUST0313,Books,Textbook,Science,698.83,4,No,No,2025-03-26 01:37:39.306712
CUST0097,Home,Chair,Dining,306.09,2,No,No,2025-03-03 13:22:38.306712
CUST0980,Toys,Doll,Action,1126.47,1,No,No,2025-02-03 02:50:49.306712
CUST0469,Electronics,Laptop,Ultrabook,284.23,0,No,No,2025-01-21 12:06:05.306712
CUST0556,Books,Textbook,Science,676.78,1,No,No,2025-04-08 19:11:09.306712
CUST0426,Home,Lamp,Halogen,499.86,5,Yes,Yes,2025-04-08 15:23:06.306712
CUST0398,Clothing,Jeans,Slim,479.38,4,Yes,Yes,2025-02-11 08:06:35.306712
CUST0904,Electronics,Headphones,Wired,323.68,3,No,No,2025-04-02 18:43:47.306712
CUST0530,Toys,Car,Electric,135.83,6,No,No,2025-01-19 07:34:13.306712
CUST0153,Books,Biography,Historical,567.15,3,No,No,2025-03-10 12:23:38.306712
CUST0864,Electronics,Mobile,iOS,537.79,4,No,No,2025-02-14 23:41:36.306712
CUST0042,Books,Textbook,Science,603.35,5,No,No,2025-01-15 11:48:58.306712
CUST0298,Clothing,Jeans,Regular,842.26,1,No,No,2025-03-27 14:34:59.306712
CUST0904,Books,Novel,Mystery,97.2,5,No,No,2025-04-10 20:00:53.306712
CUST0038,Clothing,Jacket,Leather,321.38,2,No,No,2025-02-25 15:16:45.306712
CUST0274,Books,Textbook,Math,524.25,4,No,No,2025-02-03 00:30:22.306712
CUST0028,Books,Biography,Celebrity,319.87,8,No,No,2025-03-19 03:47:45.306712
CUST0217,Electronics,Laptop,Ultrabook,355.94,5,No,No,2025-03-22 13:17:04.306712
CUST0811,Electronics,Headphones,Wireless,846.52,6,Yes,Yes,2025-01-31 07:34:41.306712
CUST0431,Books,Biography,Celebrity,384.14,2,No,No,2025-03-29 20:38:58.306712
CUST0084,Toys,Puzzle,3D,947.77,5,Yes,No,2025-03-03 17:45:10.306712
CUST0442,Home,Chair,Dining,390.47,3,No,No,2025-03-20 03:59:06.306712
CUST0613,Electronics,Laptop,Ultrabook,376.04,6,Yes,No,2025-03-10 02:33:08.306712
CUST0425,Clothing,Jeans,Slim,642.06,4,Yes,No,2025-03-21 20:24:21.306712
CUST0633,Toys,Doll,Action,715.56,3,No,No,2025-01-15 20:17:24.306712
CUST0760,Home,Table,Study,459.4,2,No,No,2025-04-05 20:33:33.306712
CUST0023,Home,Table,Coffee,842.17,2,No,No,2025-01-27 00:05:34.306712
CUST0849,Electronics,Headphones,Wired,461.04,2,No,No,2025-01-19 04:56:33.306712
CUST0269,Toys,Doll,Barbie,537.08,9,No,No,2025-03-07 10:17:43.306712
CUST0886,Books,Textbook,Science,513.62,5,No,No,2025-01-16 09:30:00.306712
CUST0417,Books,Novel,Fiction,331.17,2,No,No,2025-04-04 23:03:51.306712
CUST0063,Electronics,Laptop,Gaming,613.52,2,Yes,No,2025-03-10 14:45:39.306712
CUST0954,Electronics,Laptop,Gaming,280.14,3,Yes,No,2025-03-10 20:12:16.306712
CUST0596,Clothing,Jacket,Leather,241.0,2,No,No,2025-03-19 20:10:54.306712
CUST0581,Toys,Puzzle,3D,551.93,5,No,No,2025-01-25 03:49:03.306712
CUST0576,Clothing,Jeans,Regular,398.7,4,No,No,2025-04-09 07:04:03.306712
CUST0788,Clothing,T-Shirt,V-Neck,876.87,2,No,No,2025-01-22 06:56:07.306712
CUST0469,Electronics,Headphones,Wired,638.16,2,No,No,2025-04-03 08:26:10.306712
CUST0851,Home,Table,Study,89.51,1,No,No,2025-01-30 04:05:43.306712
CUST0415,Toys,Doll,Barbie,752.17,3,Yes,Yes,2025-03-24 05:10:39.306712
CUST0713,Toys,Car,Electric,703.93,1,No,No,2025-04-09 08:42:56.306712
CUST0090,Clothing,Jeans,Regular,467.82,1,No,No,2025-03-21 05:13:57.306712
CUST0656,Toys,Car,Electric,271.24,2,No,No,2025-01-24 11:24:19.306712
CUST0290,Home,Table,Study,478.25,5,No,No,2025-02-26 03:56:30.306712
CUST0028,Books,Textbook,Math,547.93,3,No,No,2025-01-19 16:11:22.306712
CUST0632,Home,Table,Study,618.92,3,No,No,2025-01-31 22:35:11.306712
CUST0003,Home,Lamp,LED,373.51,2,Yes,No,2025-02-08 20:58:10.306712
CUST0238,Toys,Car,Remote Control,146.4,4,Yes,No,2025-02-06 07:55:36.306712
CUST0832,Electronics,Headphones,Wireless,794.04,1,No,No,2025-03-30 12:16:53.306712
CUST0893,Electronics,Laptop,Gaming,842.87,4,No,No,2025-02-22 17:33:23.306712
CUST0483,Toys,Puzzle,3D,187.32,5,No,No,2025-03-16 01:34:12.306712
CUST0386,Home,Table,Coffee,282.45,2,No,No,2025-03-20 07:35:32.306712
CUST0117,Home,Table,Coffee,559.87,2,No,No,2025-01-23 12:06:25.306712
CUST0389,Home,Table,Coffee,306.79,3,Yes,No,2025-03-18 00:14:47.306712
CUST0524,Electronics,Laptop,Gaming,619.9,3,No,No,2025-02-01 21:34:02.306712
CUST0963,Books,Novel,Fiction,828.69,4,No,No,2025-02-28 17:15:18.306712
CUST0056,Toys,Puzzle,3D,257.47,3,No,No,2025-03-15 18:05:51.306712
CUST0306,Electronics,Laptop,Gaming,801.67,6,No,No,2025-02-02 06:35:39.306712
CUST0032,Toys,Car,Electric,1052.89,6,No,No,2025-03-04 18:15:14.306712
CUST0656,Electronics,Laptop,Gaming,592.62,2,No,No,2025-02-21 13:11:19.306712
CUST0154,Toys,Puzzle,3D,352.45,4,Yes,No,2025-03-17 17:47:56.306712
CUST0892,Home,Lamp,Halogen,274.02,3,Yes,No,2025-01-16 10:33:05.306712
CUST0677,Electronics,Laptop,Gaming,279.11,4,No,No,2025-03-04 15:21:42.306712
CUST0520,Toys,Doll,Barbie,547.62,1,No,No,2025-03-16 19:12:19.306712
CUST0663,Books,Textbook,Science,780.61,5,No,No,2025-01-22 03:09:40.306712
CUST0078,Books,Textbook,Math,832.5,2,Yes,No,2025-02-23 13:49:20.306712
CUST0960,Toys,Car,Electric,294.26,2,No,No,2025-03-24 08:08:05.306712
CUST0615,Books,Novel,Fiction,458.94,6,Yes,No,2025-02-21 22:35:14.306712
CUST0402,Clothing,T-Shirt,Round Neck,413.6,6,No,No,2025-03-06 00:05:08.306712
CUST0137,Electronics,Mobile,Android,759.99,1,No,No,2025-02-26 19:26:00.306712
CUST0059,Clothing,Jeans,Slim,369.06,2,No,No,2025-03-19 19:16:55.306712
CUST0923,Home,Lamp,Halogen,599.76,4,Yes,Yes,2025-04-01 11:29:14.306712
CUST0610,Books,Textbook,Math,1080.53,1,No,No,2025-03-16 19:59:44.306712
CUST0260,Home,Table,Study,591.7,1,No,No,2025-04-10 21:19:52.306712
CUST0007,Electronics,Mobile,Android,256.39,1,Yes,No,2025-03-25 22:42:16.306712
CUST0765,Home,Table,Coffee,612.78,4,Yes,Yes,2025-03-18 08:35:22.306712
CUST0898,Home,Chair,Dining,629.92,3,No,No,2025-03-12 10:32:44.306712
CUST0020,Toys,Puzzle,Jigsaw,772.87,1,No,No,2025-02-04 03:25:51.306712
CUST0470,Home,Chair,Office,724.67,4,No,No,2025-01-31 05:46:59.306712
CUST0565,Home,Table,Study,553.56,1,Yes,No,2025-02-21 20:04:52.306712
CUST0843,Electronics,Mobile,iOS,412.79,5,No,No,2025-03-17 12:32:24.306712
CUST0780,Books,Novel,Fiction,544.08,6,No,No,2025-04-12 15:58:28.306712
CUST0773,Home,Chair,Dining,253.41,0,No,No,2025-02-13 09:46:00.306712
CUST0137,Home,Chair,Dining,568.11,4,No,No,2025-02-16 23:05:06.306712
CUST0228,Books,Biography,Historical,773.21,2,No,No,2025-03-22 11:06:57.306712
CUST0546,Books,Biography,Celebrity,180.77,4,No,No,2025-03-20 11:56:49.306712
CUST0017,Clothing,Jeans,Regular,427.28,3,No,No,2025-04-05 02:28:34.306712
CUST0899,Toys,Car,Electric,589.55,0,Yes,No,2025-01-25 01:09:27.306712
CUST0361,Toys,Doll,Action,689.55,2,No,No,2025-02-06 15:52:38.306712
CUST0531,Home,Lamp,Halogen,399.77,5,No,No,2025-02-22 10:10:00.306712
CUST0156,Clothing,T-Shirt,Round Neck,501.35,4,No,No,2025-02-24 01:15:07.306712
CUST0040,Books,Biography,Celebrity,293.53,0,No,No,2025-03-13 04:22:02.306712
CUST0795,Toys,Car,Remote Control,559.02,3,Yes,Yes,2025-01-20 15:54:44.306712
CUST0133,Home,Table,Study,654.66,6,No,No,2025-03-09 13:17:08.306712
CUST0837,Books,Textbook,Math,488.0,0,No,No,2025-01-26 14:30:53.306712
CUST0767,Electronics,Laptop,Gaming,577.04,5,Yes,No,2025-02-20 01:51:52.306712
CUST0189,Clothing,Jeans,Slim,370.77,3,Yes,Yes,2025-02-22 23:46:21.306712
CUST0408,Electronics,Laptop,Ultrabook,386.61,1,No,No,2025-01-30 16:27:25.306712
CUST0194,Home,Lamp,LED,434.46,3,No,No,2025-03-11 14:18:45.306712
CUST0937,Toys,Car,Electric,50.0,4,No,No,2025-02-03 09:58:18.306712
CUST0329,Toys,Car,Remote Control,252.14,6,No,No,2025-04-07 12:10:26.306712
CUST0996,Books,Textbook,Science,604.44,1,Yes,No,2025-03-23 10:53:28.306712
CUST0508,Books,Textbook,Math,674.1,3,No,No,2025-02-18 15:25:06.306712
CUST0939,Books,Novel,Mystery,459.29,8,No,No,2025-01-25 07:07:35.306712
CUST0253,Home,Table,Coffee,853.12,4,No,No,2025-01-18 06:02:38.306712
CUST0536,Home,Table,Coffee,636.11,3,No,No,2025-01-22 19:04:20.306712
CUST0336,Clothing,Jacket,Leather,590.71,4,Yes,No,2025-03-12 17:06:58.306712
CUST0087,Clothing,T-Shirt,V-Neck,498.07,3,No,No,2025-01-14 11:08:20.306712
CUST0031,Electronics,Mobile,iOS,380.51,3,No,No,2025-02-11 09:24:21.306712
CUST0051,Books,Biography,Historical,654.24,3,Yes,No,2025-03-24 20:07:19.306712
CUST0765,Electronics,Laptop,Gaming,462.8,4,No,No,2025-04-06 07:37:10.306712
CUST0035,Home,Table,Coffee,450.28,4,No,No,2025-02-03 15:32:34.306712
CUST0308,Electronics,Mobile,Android,586.21,2,No,No,2025-03-04 15:56:06.306712
CUST0832,Toys,Doll,Action,344.88,0,No,No,2025-01-28 07:06:00.306712
CUST0923,Toys,Doll,Barbie,850.38,6,No,No,2025-01-16 17:29:54.306712
CUST0606,Toys,Car,Remote Control,690.06,3,Yes,No,2025-04-04 08:49:14.306712
CUST0688,Books,Biography,Historical,253.47,4,No,No,2025-03-26 13:50:46.306712
CUST0805,Clothing,Jeans,Slim,934.3,3,No,No,2025-02-14 12:00:28.306712
CUST0636,Clothing,T-Shirt,Round Neck,351.49,3,Yes,Yes,2025-04-04 06:05:19.306712
CUST0238,Electronics,Headphones,Wired,389.6,3,No,No,2025-02-23 22:18:46.306712
CUST0439,Toys,Puzzle,3D,950.79,3,No,No,2025-03-08 18:03:56.306712
CUST0928,Toys,Doll,Barbie,746.56,2,Yes,No,2025-04-12 09:10:38.306712
CUST0961,Toys,Car,Electric,464.71,4,No,No,2025-03-17 12:33:47.306712
CUST0878,Home,Lamp,LED,609.84,2,Yes,No,2025-04-08 21:13:42.306712
CUST0005,Electronics,Laptop,Ultrabook,479.66,2,No,No,2025-02-06 09:26:05.306712
CUST0644,Electronics,Laptop,Ultrabook,123.41,7,No,No,2025-02-22 05:20:04.306712
CUST0103,Toys,Doll,Action,429.69,3,No,No,2025-03-01 03:21:47.306712
CUST0157,Home,Chair,Dining,280.12,3,Yes,Yes,2025-02-12 08:23:16.306712
CUST0503,Home,Chair,Office,208.42,1,No,No,2025-02-13 09:10:00.306712
CUST0231,Electronics,Headphones,Wireless,307.5,2,No,No,2025-03-01 07:43:13.306712
CUST0677,Toys,Doll,Action,423.11,2,No,No,2025-01-22 22:04:21.306712
CUST0014,Electronics,Laptop,Ultrabook,649.61,2,No,No,2025-03-02 15:39:29.306712
CUST0202,Clothing,T-Shirt,V-Neck,761.48,4,No,No,2025-02-16 10:51:23.306712
CUST0064,Clothing,Jeans,Slim,405.04,2,No,No,2025-03-28 01:27:59.306712
CUST0590,Clothing,T-Shirt,Round Neck,877.04,5,No,No,2025-03-21 23:41:31.306712
CUST0342,Toys,Car,Electric,483.41,1,No,No,2025-03-11 20:50:01.306712
CUST0204,Toys,Doll,Barbie,256.93,5,No,No,2025-02-02 21:27:39.306712
CUST0471,Electronics,Mobile,iOS,1101.32,3,No,No,2025-03-25 13:19:54.306712
CUST0189,Home,Lamp,Halogen,120.8,5,Yes,No,2025-02-10 08:03:15.306712
CUST0564,Toys,Puzzle,3D,561.04,2,No,No,2025-03-02 09:51:57.306712
CUST0442,Electronics,Laptop,Ultrabook,540.52,4,No,No,2025-04-07 14:07:53.306712
CUST0132,Clothing,Jeans,Slim,772.02,3,No,No,2025-04-13 02:57:33.306712
CUST0992,Electronics,Headphones,Wired,135.68,0,No,No,2025-02-22 15:49:02.306712
CUST0330,Electronics,Headphones,Wireless,838.93,4,No,No,2025-03-30 20:42:39.306712
CUST0483,Electronics,Headphones,Wired,183.15,3,No,No,2025-01-22 05:31:02.306712
CUST0495,Clothing,Jacket,Leather,354.21,3,Yes,No,2025-03-12 02:12:02.306712
CUST0356,Electronics,Laptop,Ultrabook,226.41,3,Yes,Yes,2025-02-07 08:14:36.306712
CUST0038,Toys,Puzzle,3D,536.04,2,Yes,No,2025-03-03 21:59:11.306712
CUST0002,Home,Lamp,LED,256.79,5,No,No,2025-03-25 06:42:29.306712
CUST0755,Electronics,Laptop,Ultrabook,346.17,5,Yes,Yes,2025-03-24 05:59:35.306712
CUST0820,Toys,Doll,Action,503.01,2,No,No,2025-02-06 16:07:33.306712
CUST0617,Electronics,Laptop,Gaming,132.8,6,No,No,2025-03-17 06:55:05.306712
CUST0504,Books,Novel,Fiction,215.19,2,Yes,No,2025-02-10 04:25:53.306712
CUST0012,Toys,Puzzle,Jigsaw,106.0,2,Yes,No,2025-03-24 02:31:26.306712
CUST0319,Home,Lamp,LED,438.95,3,Yes,No,2025-01-15 07:01:07.306712
CUST0780,Clothing,Jacket,Leather,463.97,2,Yes,No,2025-01-30 19:27:49.306712
CUST0084,Toys,Puzzle,Jigsaw,676.99,2,No,No,2025-03-11 15:39:39.306712
CUST0392,Books,Novel,Fiction,975.25,1,No,No,2025-02-05 16:03:27.306712
CUST0527,Home,Table,Study,328.12,2,No,No,2025-03-20 23:11:07.306712
CUST0972,Home,Table,Coffee,694.3,2,No,No,2025-03-18 14:16:47.306712
CUST0456,Toys,Car,Electric,604.36,1,No,No,2025-01-28 05:20:35.306712
CUST0402,Home,Chair,Dining,237.01,5,Yes,Yes,2025-04-11 00:22:21.306712
CUST0392,Home,Table,Study,154.03,2,Yes,No,2025-03-23 08:58:36.306712
CUST0615,Clothing,T-Shirt,Round Neck,457.04,2,No,No,2025-02-15 18:23:29.306712
CUST0739,Books,Novel,Fiction,657.34,1,Yes,No,2025-01-18 21:30:42.306712
CUST0955,Clothing,Jacket,Denim,834.57,2,Yes,No,2025-02-11 15:12:30.306712
CUST0270,Electronics,Headphones,Wireless,129.95,1,No,No,2025-03-28 11:59:37.306712
CUST0788,Books,Biography,Historical,707.09,5,No,No,2025-03-03 14:18:35.306712
CUST0738,Toys,Car,Remote Control,550.11,7,No,No,2025-01-17 15:22:27.306712
CUST0611,Clothing,T-Shirt,Round Neck,526.87,3,Yes,No,2025-03-14 05:34:02.306712
CUST0095,Toys,Car,Remote Control,551.29,4,No,No,2025-04-07 13:19:08.306712
CUST0228,Electronics,Mobile,Android,442.84,5,No,No,2025-03-20 14:27:47.306712
CUST0877,Clothing,Jeans,Regular,92.68,5,No,No,2025-01-23 05:49:28.306712
CUST0099,Home,Table,Study,510.35,2,No,No,2025-03-08 06:03:17.306712
CUST0347,Toys,Puzzle,3D,227.23,3,No,No,2025-01-29 08:02:28.306712
CUST0820,Books,Novel,Fiction,612.25,1,No,No,2025-03-18 09:46:42.306712
CUST0123,Electronics,Headphones,Wired,564.48,2,No,No,2025-01-16 15:34:46.306712
CUST0303,Books,Textbook,Math,515.18,3,No,No,2025-01-27 18:07:51.306712
CUST0019,Home,Chair,Dining,317.12,1,No,No,2025-03-20 08:20:14.306712
CUST0008,Books,Biography,Celebrity,531.46,0,No,No,2025-02-17 18:53:18.306712
CUST0729,Home,Lamp,Halogen,713.16,1,No,No,2025-03-25 00:51:31.306712
CUST0715,Electronics,Headphones,Wireless,583.13,5,Yes,No,2025-04-10 10:38:06.306712
CUST0202,Electronics,Laptop,Gaming,656.95,2,No,No,2025-02-10 14:15:45.306712
CUST0400,Electronics,Headphones,Wired,271.64,2,No,No,2025-03-25 07:20:55.306712
CUST0250,Toys,Doll,Action,596.57,0,No,No,2025-04-08 14:21:36.306712
CUST0812,Books,Biography,Celebrity,574.55,4,No,No,2025-01-26 08:24:52.306712
CUST0894,Books,Novel,Fiction,776.97,0,Yes,No,2025-02-14 05:30:26.306712
CUST0720,Toys,Doll,Barbie,322.21,3,Yes,Yes,2025-01-14 19:54:51.306712
CUST0142,Books,Novel,Mystery,684.84,2,No,No,2025-01-15 02:31:08.306712
CUST0133,Home,Lamp,Halogen,433.11,6,No,No,2025-01-14 02:02:15.306712
CUST0222,Books,Textbook,Science,567.25,6,No,No,2025-01-18 05:01:32.306712
CUST0339,Electronics,Laptop,Gaming,519.95,0,Yes,No,2025-01-17 12:58:25.306712
CUST0406,Books,Novel,Mystery,610.69,2,No,No,2025-04-04 00:27:34.306712
CUST0009,Home,Chair,Office,223.36,5,No,No,2025-03-25 11:24:06.306712
CUST0544,Electronics,Headphones,Wired,250.47,6,No,No,2025-02-08 07:59:04.306712
CUST0858,Electronics,Headphones,Wireless,787.02,2,Yes,No,2025-01-14 13:42:53.306712
CUST0881,Clothing,Jacket,Leather,597.61,2,Yes,No,2025-03-12 00:30:46.306712
CUST0122,Clothing,T-Shirt,Round Neck,482.85,1,Yes,No,2025-03-16 13:24:00.306712
CUST0030,Clothing,Jeans,Slim,651.98,2,Yes,No,2025-01-15 18:30:27.306712
CUST0623,Home,Lamp,LED,286.28,3,No,No,2025-03-21 08:39:43.306712
CUST0205,Books,Biography,Celebrity,112.8,0,No,No,2025-03-22 02:15:52.306712
CUST0612,Home,Chair,Office,544.83,6,Yes,No,2025-04-03 13:08:46.306712
CUST0192,Books,Novel,Fiction,764.73,4,No,No,2025-03-15 00:33:06.306712
CUST0734,Toys,Doll,Barbie,50.0,4,No,No,2025-01-26 10:13:34.306712
CUST0884,Books,Biography,Celebrity,553.18,3,No,No,2025-02-11 04:14:39.306712
CUST0678,Home,Lamp,Halogen,270.52,4,No,No,2025-03-15 16:35:29.306712
CUST0605,Clothing,T-Shirt,V-Neck,571.14,3,No,No,2025-02-10 06:14:02.306712
CUST0766,Toys,Car,Remote Control,478.3,4,No,No,2025-03-21 20:08:27.306712
CUST0293,Home,Chair,Office,531.72,4,No,No,2025-01-25 13:58:18.306712
CUST0571,Electronics,Headphones,Wireless,502.27,5,Yes,No,2025-03-12 07:13:06.306712
CUST0399,Home,Table,Study,710.31,3,Yes,No,2025-02-10 00:33:24.306712
CUST0908,Home,Lamp,Halogen,779.33,3,No,No,2025-02-21 22:35:13.306712
CUST0161,Clothing,Jacket,Denim,309.13,4,No,No,2025-01-28 00:20:52.306712
CUST0127,Books,Textbook,Science,608.14,4,No,No,2025-01-18 14:08:47.306712
CUST0323,Books,Biography,Historical,415.2,3,Yes,Yes,2025-04-02 07:24:29.306712
CUST0419,Electronics,Laptop,Gaming,517.57,2,No,No,2025-02-12 13:36:54.306712
CUST0555,Books,Novel,Mystery,552.64,3,No,No,2025-01-14 12:38:01.306712
CUST0304,Books,Textbook,Math,50.0,5,Yes,No,2025-04-11 01:32:33.306712
CUST0944,Books,Novel,Fiction,498.98,2,Yes,No,2025-02-01 14:38:24.306712
CUST0362,Electronics,Laptop,Ultrabook,386.45,3,No,No,2025-01-16 03:31:11.306712
CUST0073,Home,Chair,Office,526.82,8,Yes,Yes,2025-02-04 21:04:17.306712
CUST0696,Electronics,Laptop,Ultrabook,686.79,3,Yes,No,2025-02-13 04:36:47.306712
CUST0434,Electronics,Laptop,Ultrabook,368.09,5,No,No,2025-03-10 01:14:55.306712
CUST0064,Home,Chair,Office,257.89,1,No,No,2025-02-07 07:55:59.306712
CUST0310,Electronics,Mobile,Android,297.3,5,No,No,2025-03-11 20:42:14.306712
CUST0335,Home,Lamp,Halogen,413.93,3,No,No,2025-01-19 00:07:23.306712
CUST0727,Books,Biography,Celebrity,569.31,2,Yes,No,2025-02-03 06:22:42.306712
CUST0100,Home,Table,Study,624.59,2,No,No,2025-03-11 03:54:46.306712
CUST0056,Home,Table,Study,374.17,2,No,No,2025-01-25 11:03:53.306712
CUST0587,Electronics,Headphones,Wired,774.52,6,No,No,2025-02-24 17:11:23.306712
CUST0988,Home,Table,Study,610.58,7,Yes,No,2025-02-24 05:26:27.306712
CUST0339,Books,Novel,Fiction,451.19,4,No,No,2025-02-01 10:08:17.306712
CUST0903,Home,Table,Study,616.64,4,No,No,2025-02-08 03:00:03.306712
CUST0643,Toys,Doll,Action,330.64,3,No,No,2025-03-07 14:39:40.306712
CUST0978,Electronics,Laptop,Ultrabook,488.77,1,No,No,2025-01-18 06:47:25.306712
CUST0791,Clothing,T-Shirt,V-Neck,633.32,3,No,No,2025-04-05 19:10:17.306712
CUST0486,Electronics,Headphones,Wired,407.2,2,No,No,2025-02-06 05:36:12.306712
CUST0877,Electronics,Headphones,Wireless,589.16,4,No,No,2025-03-09 05:37:46.306712
CUST0191,Clothing,T-Shirt,V-Neck,449.89,1,No,No,2025-02-24 11:58:07.306712
CUST0501,Clothing,T-Shirt,Round Neck,310.89,4,No,No,2025-04-06 01:33:54.306712
CUST0837,Clothing,Jacket,Denim,260.57,4,Yes,Yes,2025-03-20 18:48:14.306712
CUST0137,Clothing,Jacket,Denim,361.1,2,Yes,No,2025-02-10 13:50:38.306712
CUST0266,Electronics,Mobile,Android,50.0,3,No,No,2025-02-13 18:53:21.306712
CUST0246,Clothing,Jeans,Regular,423.25,3,No,No,2025-02-19 00:29:24.306712
CUST0633,Toys,Car,Electric,512.73,1,Yes,No,2025-02-07 14:03:17.306712
CUST0170,Books,Biography,Historical,431.84,2,No,No,2025-03-14 21:26:57.306712
CUST0956,Clothing,T-Shirt,V-Neck,651.8,5,No,No,2025-03-17 18:47:09.306712
CUST0145,Electronics,Mobile,Android,213.49,3,No,No,2025-03-21 02:43:20.306712
CUST0187,Electronics,Headphones,Wireless,464.29,2,No,No,2025-02-06 21:55:05.306712
CUST0706,Electronics,Mobile,iOS,680.83,6,No,No,2025-03-14 09:33:37.306712
CUST0194,Clothing,T-Shirt,V-Neck,280.23,2,No,No,2025-02-10 23:43:20.306712
CUST0142,Clothing,Jeans,Regular,609.58,2,No,No,2025-03-18 13:44:50.306712
CUST0073,Toys,Car,Electric,512.13,5,No,No,2025-04-09 20:47:21.306712
CUST0623,Electronics,Headphones,Wired,115.33,3,No,No,2025-02-14 16:25:06.306712
CUST0840,Home,Chair,Dining,320.95,3,Yes,No,2025-03-21 12:07:11.306712
CUST0351,Clothing,Jeans,Slim,411.89,2,No,No,2025-04-12 07:55:50.306712
CUST0949,Books,Biography,Celebrity,217.04,2,No,No,2025-03-09 16:39:21.306712
CUST0707,Toys,Car,Electric,246.81,3,Yes,Yes,2025-02-03 23:29:20.306712
CUST0128,Electronics,Mobile,iOS,279.59,4,No,No,2025-03-31 01:46:43.306712
CUST0292,Clothing,T-Shirt,Round Neck,860.73,1,No,No,2025-01-31 09:39:49.306712
CUST0793,Books,Textbook,Math,250.38,4,No,No,2025-04-12 05:04:11.306712
CUST0132,Books,Biography,Celebrity,438.76,2,Yes,No,2025-02-27 20:04:10.306712
CUST0224,Clothing,T-Shirt,V-Neck,578.67,3,No,No,2025-04-09 14:22:09.306712
CUST0744,Toys,Car,Electric,823.8,1,No,No,2025-02-21 04:36:04.306712
CUST0412,Home,Table,Study,338.18,2,Yes,No,2025-01-16 06:05:32.306712
CUST0948,Books,Novel,Fiction,323.82,4,Yes,No,2025-01-18 14:12:34.306712
CUST0244,Books,Novel,Mystery,697.86,4,No,No,2025-03-14 03:46:14.306712
CUST0321,Clothing,Jacket,Denim,144.75,1,No,No,2025-01-26 15:24:31.306712
CUST0646,Home,Chair,Office,465.85,1,No,No,2025-03-16 16:14:23.306712
CUST0485,Home,Table,Coffee,819.6,3,No,No,2025-01-26 08:25:42.306712
CUST0920,Books,Biography,Historical,746.28,4,No,No,2025-03-20 01:59:31.306712
CUST0664,Books,Biography,Celebrity,241.56,2,No,No,2025-03-03 16:03:31.306712
CUST0172,Books,Biography,Celebrity,214.91,4,No,No,2025-01-26 21:06:46.306712
CUST0381,Toys,Puzzle,3D,272.47,2,Yes,No,2025-04-04 03:11:21.306712
CUST0164,Electronics,Mobile,Android,197.27,2,Yes,No,2025-03-23 02:40:20.306712
CUST0415,Clothing,Jacket,Denim,401.97,2,No,No,2025-03-16 02:12:40.306712
CUST0868,Books,Biography,Celebrity,521.41,3,No,No,2025-03-25 06:43:42.306712
CUST0073,Home,Table,Study,50.0,3,No,No,2025-02-08 10:58:34.306712
CUST0323,Toys,Doll,Barbie,666.89,4,No,No,2025-01-23 15:40:29.306712
CUST0536,Clothing,Jacket,Denim,587.03,4,No,No,2025-03-27 04:28:36.306712
CUST0589,Toys,Car,Remote Control,314.29,2,No,No,2025-04-05 06:28:07.306712
CUST0613,Electronics,Laptop,Ultrabook,673.25,1,Yes,No,2025-01-16 20:19:01.306712
CUST0604,Toys,Doll,Action,538.17,4,No,No,2025-01-14 21:18:15.306712
CUST0888,Home,Table,Coffee,568.9,2,Yes,No,2025-01-27 09:14:07.306712
CUST0844,Books,Biography,Celebrity,489.65,3,Yes,Yes,2025-01-26 07:17:25.306712
CUST0764,Clothing,Jacket,Denim,158.9,2,No,No,2025-04-10 05:28:53.306712
CUST0391,Electronics,Mobile,Android,374.8,3,No,No,2025-01-28 17:55:06.306712
CUST0736,Toys,Car,Electric,141.13,4,No,No,2025-03-18 15:21:18.306712
CUST0888,Electronics,Laptop,Ultrabook,666.95,2,Yes,No,2025-03-09 02:39:13.306712
CUST0956,Home,Chair,Dining,748.65,1,Yes,No,2025-01-15 02:08:44.306712
CUST0005,Electronics,Mobile,iOS,720.92,5,Yes,Yes,2025-03-22 09:01:02.306712
CUST0942,Clothing,T-Shirt,Round Neck,242.52,3,No,No,2025-04-02 19:03:55.306712
CUST0606,Toys,Car,Remote Control,590.85,2,Yes,No,2025-03-02 19:56:41.306712
CUST0308,Clothing,Jacket,Leather,390.77,4,Yes,Yes,2025-03-23 22:34:52.306712
CUST0473,Toys,Car,Remote Control,620.71,2,No,No,2025-01-19 17:49:52.306712
CUST0868,Toys,Car,Electric,608.03,0,No,No,2025-04-11 18:18:36.306712
CUST0989,Clothing,T-Shirt,V-Neck,500.53,0,No,No,2025-03-05 13:32:36.306712
CUST0659,Toys,Car,Remote Control,355.17,5,No,No,2025-01-19 02:54:20.306712
CUST0338,Toys,Doll,Barbie,396.77,4,No,No,2025-02-20 04:09:03.306712
CUST0535,Electronics,Laptop,Gaming,512.7,3,No,No,2025-03-25 12:13:29.306712
CUST0205,Home,Table,Study,208.14,3,Yes,Yes,2025-02-27 21:38:45.306712
CUST0766,Toys,Car,Remote Control,588.46,3,No,No,2025-02-20 12:15:54.306712
CUST0026,Home,Table,Study,190.88,3,Yes,No,2025-03-15 01:08:13.306712
CUST0276,Toys,Doll,Barbie,442.02,2,No,No,2025-04-09 07:07:31.306712
CUST0695,Toys,Puzzle,Jigsaw,380.05,0,Yes,No,2025-04-06 15:33:46.306712
CUST0636,Books,Novel,Fiction,427.15,1,No,No,2025-02-20 20:33:07.306712
CUST0824,Electronics,Mobile,Android,785.73,2,No,No,2025-03-10 05:33:21.306712
CUST0902,Clothing,Jeans,Slim,446.43,1,No,No,2025-02-19 19:25:55.306712
CUST0411,Clothing,T-Shirt,Round Neck,658.08,1,No,No,2025-02-23 03:49:52.306712
CUST0331,Home,Lamp,Halogen,669.33,6,No,No,2025-03-20 22:55:54.306712
CUST0519,Books,Biography,Celebrity,336.93,1,No,No,2025-03-02 23:34:02.306712
CUST0682,Toys,Doll,Action,320.67,4,No,No,2025-02-14 07:58:50.306712
CUST0770,Home,Lamp,Halogen,374.8,1,Yes,No,2025-01-23 04:55:48.306712
CUST0990,Clothing,Jeans,Regular,663.18,3,No,No,2025-02-24 08:23:46.306712
CUST0282,Electronics,Mobile,Android,321.63,4,No,No,2025-02-20 00:36:49.306712
CUST0537,Books,Biography,Celebrity,645.24,3,No,No,2025-04-01 23:48:33.306712
CUST0544,Clothing,Jeans,Slim,355.71,1,No,No,2025-02-17 05:02:07.306712
CUST0074,Books,Biography,Celebrity,651.5,1,Yes,No,2025-02-07 07:13:11.306712
CUST0333,Electronics,Mobile,Android,447.21,5,No,No,2025-04-10 02:11:10.306712
CUST0263,Home,Lamp,LED,669.46,2,No,No,2025-03-29 06:03:34.306712
CUST0525,Toys,Car,Remote Control,689.35,3,No,No,2025-02-11 06:10:45.306712
CUST0006,Clothing,T-Shirt,Round Neck,461.23,4,No,No,2025-03-05 21:31:20.306712
CUST0417,Toys,Doll,Barbie,473.46,3,No,No,2025-03-04 06:33:00.306712
CUST0795,Clothing,Jeans,Regular,882.52,3,Yes,No,2025-03-25 09:40:02.306712
CUST0066,Books,Novel,Fiction,476.0,2,No,No,2025-02-22 03:23:54.306712
CUST0199,Electronics,Headphones,Wired,670.02,1,No,No,2025-04-02 03:22:59.306712
CUST0960,Home,Chair,Office,683.43,1,Yes,No,2025-03-04 06:52:00.306712
CUST0659,Books,Novel,Fiction,746.21,1,Yes,No,2025-01-17 21:34:37.306712
CUST0817,Home,Table,Coffee,272.86,7,Yes,No,2025-03-25 22:56:13.306712
CUST0548,Clothing,T-Shirt,V-Neck,639.3,2,No,No,2025-03-27 00:09:24.306712
CUST0071,Clothing,Jeans,Slim,100.4,0,Yes,No,2025-03-11 04:44:42.306712
CUST0789,Books,Textbook,Math,538.67,5,No,No,2025-04-03 11:29:52.306712
CUST0622,Books,Textbook,Science,376.02,2,No,No,2025-04-07 18:48:13.306712
CUST0865,Toys,Doll,Barbie,976.93,1,No,No,2025-04-05 03:10:26.306712
CUST0280,Home,Chair,Dining,539.17,1,No,No,2025-01-24 03:23:32.306712
CUST0215,Home,Lamp,Halogen,443.04,4,No,No,2025-03-05 15:19:52.306712
CUST0014,Home,Lamp,LED,187.18,2,No,No,2025-02-27 13:29:25.306712
CUST0210,Home,Lamp,Halogen,499.39,5,Yes,Yes,2025-03-03 23:16:54.306712
CUST0998,Electronics,Headphones,Wired,502.42,1,No,No,2025-03-02 21:14:39.306712
CUST0656,Clothing,Jacket,Denim,482.83,6,Yes,No,2025-04-09 18:01:25.306712
CUST0345,Toys,Car,Electric,514.02,3,No,No,2025-01-27 03:15:16.306712
CUST0674,Books,Novel,Fiction,548.29,4,No,No,2025-03-24 03:27:43.306712
CUST0632,Home,Lamp,LED,493.45,5,No,No,2025-03-17 16:22:52.306712
CUST0893,Electronics,Mobile,Android,498.55,3,No,No,2025-02-16 20:33:20.306712
CUST0934,Toys,Car,Electric,557.9,5,No,No,2025-02-14 18:06:21.306712
CUST0534,Home,Table,Coffee,586.91,2,No,No,2025-02-28 00:13:16.306712
CUST0196,Home,Chair,Office,480.08,1,No,No,2025-02-04 13:59:01.306712
CUST0099,Toys,Car,Remote Control,449.45,4,No,No,2025-03-19 01:44:09.306712
CUST0471,Books,Biography,Celebrity,629.21,1,Yes,No,2025-02-27 04:43:20.306712
CUST0372,Toys,Doll,Barbie,738.54,3,Yes,No,2025-01-19 23:36:34.306712
CUST0526,Books,Textbook,Science,566.4,3,Yes,No,2025-03-21 04:24:44.306712
CUST0536,Clothing,T-Shirt,Round Neck,608.07,5,No,No,2025-03-03 03:17:27.306712
CUST0535,Clothing,Jacket,Denim,470.46,2,No,No,2025-03-30 21:21:50.306712
CUST0657,Toys,Doll,Action,561.03,3,No,No,2025-01-23 19:14:57.306712
CUST0585,Books,Novel,Fiction,306.94,2,No,No,2025-03-17 07:07:43.306712
CUST0785,Clothing,T-Shirt,V-Neck,711.13,1,Yes,No,2025-01-16 12:44:07.306712
CUST0755,Home,Table,Study,481.86,4,No,No,2025-03-24 01:36:30.306712
CUST0638,Home,Chair,Dining,474.36,4,No,No,2025-02-23 06:50:58.306712
CUST0859,Books,Biography,Historical,383.8,4,Yes,Yes,2025-02-25 13:31:16.306712
CUST0198,Electronics,Laptop,Ultrabook,134.36,4,No,No,2025-01-31 03:48:39.306712
CUST0864,Toys,Puzzle,Jigsaw,723.25,5,Yes,Yes,2025-04-02 08:12:51.306712
CUST0543,Electronics,Laptop,Gaming,487.67,5,No,No,2025-02-11 03:22:16.306712
CUST0798,Clothing,Jeans,Regular,563.46,1,Yes,No,2025-04-03 06:54:25.306712
CUST0349,Toys,Doll,Action,391.97,7,Yes,No,2025-03-12 03:40:09.306712
CUST0857,Electronics,Laptop,Gaming,709.95,4,No,No,2025-02-05 09:06:42.306712
CUST0137,Books,Textbook,Math,868.08,1,Yes,No,2025-02-03 20:59:14.306712
CUST0670,Books,Novel,Mystery,822.95,2,Yes,No,2025-03-15 03:47:50.306712
CUST0515,Toys,Puzzle,Jigsaw,469.66,3,Yes,No,2025-02-04 15:28:41.306712
CUST0483,Toys,Puzzle,Jigsaw,626.89,1,No,No,2025-03-23 06:57:43.306712
CUST0833,Books,Biography,Celebrity,787.16,0,No,No,2025-04-08 06:15:19.306712
CUST0819,Toys,Car,Remote Control,525.78,4,No,No,2025-01-18 21:49:35.306712
CUST0688,Toys,Doll,Action,316.46,3,Yes,No,2025-03-10 21:51:18.306712
CUST0331,Home,Chair,Dining,604.62,2,No,No,2025-02-23 08:32:56.306712
CUST0509,Home,Lamp,LED,449.9,2,Yes,No,2025-03-12 02:48:14.306712
CUST0538,Electronics,Headphones,Wireless,718.96,4,Yes,No,2025-03-27 05:22:29.306712
CUST0216,Books,Textbook,Math,214.3,6,No,No,2025-02-16 18:09:04.306712
CUST0598,Electronics,Laptop,Ultrabook,521.15,3,No,No,2025-03-13 00:11:39.306712
CUST0060,Toys,Car,Remote Control,718.99,7,No,No,2025-02-18 09:25:05.306712
CUST0523,Toys,Car,Remote Control,760.53,4,No,No,2025-01-29 18:51:02.306712
CUST0415,Toys,Puzzle,3D,381.48,1,No,No,2025-03-07 22:56:45.306712
CUST0525,Books,Biography,Historical,389.88,0,No,No,2025-03-05 11:49:43.306712
CUST0024,Clothing,T-Shirt,V-Neck,724.57,3,No,No,2025-02-21 04:59:33.306712
CUST0082,Clothing,T-Shirt,V-Neck,501.94,6,No,No,2025-03-20 15:38:59.306712
CUST0112,Clothing,T-Shirt,Round Neck,858.3,2,No,No,2025-03-15 20:56:59.306712
CUST0871,Home,Table,Coffee,717.23,3,No,No,2025-03-07 15:13:42.306712
CUST0900,Toys,Puzzle,Jigsaw,349.7,3,No,No,2025-03-09 13:34:35.306712
CUST0663,Toys,Car,Remote Control,423.24,2,Yes,No,2025-04-05 18:38:04.306712
CUST0672,Electronics,Headphones,Wireless,765.5,5,No,No,2025-04-02 16:24:23.306712
CUST0828,Electronics,Headphones,Wired,640.72,2,No,No,2025-01-14 04:36:46.306712
CUST0938,Books,Biography,Historical,377.89,2,No,No,2025-04-08 06:37:02.306712
CUST0122,Electronics,Laptop,Gaming,659.96,3,No,No,2025-02-03 19:32:54.306712
CUST0493,Clothing,Jacket,Leather,571.26,6,No,No,2025-02-20 03:25:37.306712
CUST0567,Toys,Puzzle,Jigsaw,586.41,3,No,No,2025-02-09 04:46:03.306712
CUST0928,Toys,Car,Remote Control,454.07,10,No,No,2025-03-18 17:15:57.306712
CUST0312,Toys,Doll,Barbie,310.95,4,No,No,2025-02-06 01:31:30.306712
CUST0731,Home,Chair,Dining,50.0,2,No,No,2025-03-02 03:55:05.306712
CUST0336,Books,Textbook,Science,240.43,1,No,No,2025-04-07 05:23:42.306712
CUST0532,Clothing,T-Shirt,V-Neck,240.06,5,Yes,Yes,2025-02-25 19:40:10.306712
CUST0014,Books,Biography,Historical,563.38,2,No,No,2025-03-26 07:54:34.306712
CUST0104,Clothing,Jacket,Leather,648.27,4,No,No,2025-01-23 05:34:06.306712
CUST0331,Home,Lamp,LED,389.44,4,No,No,2025-03-20 15:51:07.306712
CUST0865,Home,Lamp,LED,899.23,5,No,No,2025-02-17 05:10:56.306712
CUST0131,Electronics,Headphones,Wired,496.8,2,No,No,2025-03-14 11:56:13.306712
CUST0618,Clothing,Jacket,Denim,801.53,8,No,No,2025-03-23 12:44:18.306712
CUST0842,Home,Lamp,LED,701.48,4,No,No,2025-02-12 17:18:10.306712
CUST0377,Toys,Car,Electric,723.14,2,No,No,2025-01-23 16:06:07.306712
CUST0996,Electronics,Laptop,Gaming,616.34,6,Yes,Yes,2025-03-01 10:35:57.306712
CUST0974,Electronics,Headphones,Wireless,542.34,5,Yes,No,2025-02-04 12:44:05.306712
CUST0664,Home,Chair,Office,315.47,1,Yes,No,2025-02-21 09:39:32.306712
CUST0549,Books,Novel,Mystery,258.39,0,Yes,No,2025-03-15 11:02:51.306712
CUST0769,Books,Textbook,Math,312.72,5,Yes,No,2025-03-11 02:10:34.306712
CUST0655,Books,Biography,Celebrity,478.71,2,No,No,2025-03-06 17:11:46.306712
CUST0055,Clothing,T-Shirt,V-Neck,913.41,4,No,No,2025-04-01 14:20:55.306712
CUST0797,Home,Lamp,Halogen,328.98,2,No,No,2025-03-04 06:07:46.306712
CUST0299,Home,Lamp,Halogen,505.67,2,No,No,2025-03-10 06:53:44.306712
CUST0830,Home,Chair,Office,762.42,1,No,No,2025-04-03 01:32:55.306712
CUST0791,Books,Textbook,Science,441.8,4,No,No,2025-02-11 10:58:20.306712
CUST0834,Electronics,Mobile,iOS,515.78,4,Yes,Yes,2025-01-26 14:06:17.306712
CUST0628,Home,Lamp,LED,511.2,3,Yes,No,2025-03-03 15:20:30.306712
CUST0678,Clothing,T-Shirt,V-Neck,791.5,0,Yes,No,2025-03-11 01:02:27.306712
CUST0968,Books,Biography,Celebrity,189.08,0,No,No,2025-03-23 02:16:34.306712
CUST0940,Clothing,Jacket,Leather,500.34,2,No,No,2025-03-18 20:02:48.306712
CUST0450,Clothing,T-Shirt,V-Neck,1070.28,4,No,No,2025-03-08 20:04:18.306712
CUST0793,Clothing,Jacket,Leather,544.67,3,Yes,Yes,2025-04-04 01:55:50.306712
CUST0091,Home,Table,Study,644.42,2,Yes,No,2025-04-13 00:04:26.306712
CUST0723,Home,Table,Coffee,130.59,7,No,No,2025-04-03 06:46:29.306712
CUST0233,Clothing,T-Shirt,V-Neck,420.85,2,No,No,2025-01-22 07:00:46.306712
CUST0385,Home,Chair,Dining,664.04,8,No,No,2025-03-15 08:49:08.306712
CUST0757,Home,Table,Coffee,842.58,6,Yes,No,2025-03-31 21:34:21.306712
CUST0399,Electronics,Laptop,Gaming,221.53,0,Yes,No,2025-02-11 14:59:55.306712
CUST0299,Books,Biography,Celebrity,601.2,2,No,No,2025-02-20 06:06:58.306712
CUST0181,Electronics,Laptop,Ultrabook,694.48,2,Yes,No,2025-03-07 09:36:23.306712
CUST0291,Electronics,Headphones,Wired,50.0,2,No,No,2025-02-08 12:04:09.306712
CUST0759,Toys,Puzzle,3D,579.31,2,No,No,2025-01-19 16:29:54.306712
CUST0453,Electronics,Laptop,Gaming,724.48,4,No,No,2025-01-29 04:40:06.306712
CUST0920,Clothing,T-Shirt,Round Neck,599.07,3,No,No,2025-02-21 18:43:50.306712
CUST0579,Toys,Puzzle,3D,397.31,1,No,No,2025-04-10 00:56:32.306712
CUST0102,Clothing,Jeans,Regular,592.97,1,No,No,2025-03-19 07:55:50.306712
CUST0492,Books,Textbook,Math,240.46,2,No,No,2025-03-22 23:30:53.306712
CUST0605,Home,Table,Coffee,245.43,4,No,No,2025-03-21 21:19:37.306712
CUST0499,Books,Biography,Historical,618.73,3,No,No,2025-03-25 23:04:32.306712
CUST0132,Toys,Car,Electric,817.68,1,No,No,2025-03-06 13:12:22.306712
CUST0415,Home,Table,Coffee,268.02,6,No,No,2025-02-02 01:13:26.306712
CUST0790,Electronics,Mobile,iOS,583.82,6,Yes,No,2025-03-16 02:29:44.306712
CUST0357,Electronics,Headphones,Wired,415.44,5,No,No,2025-03-23 03:49:05.306712
CUST0839,Clothing,T-Shirt,Round Neck,335.97,5,No,No,2025-02-22 20:39:27.306712
CUST0387,Books,Biography,Historical,514.78,3,Yes,No,2025-02-19 03:57:58.306712
CUST0426,Books,Biography,Historical,121.3,2,Yes,No,2025-01-13 15:41:13.306712
CUST0143,Home,Table,Study,420.9,5,No,No,2025-04-12 08:56:13.306712
CUST0247,Home,Chair,Office,562.9,4,No,No,2025-01-26 13:26:24.306712
CUST0813,Clothing,T-Shirt,Round Neck,276.3,3,No,No,2025-02-08 14:14:11.306712
CUST0629,Toys,Car,Electric,669.17,2,Yes,No,2025-01-20 12:50:14.306712
CUST0922,Clothing,Jacket,Denim,449.95,3,No,No,2025-02-23 14:44:28.306712
CUST0568,Clothing,Jeans,Regular,566.11,3,Yes,Yes,2025-03-26 09:23:15.306712
CUST0017,Electronics,Laptop,Ultrabook,511.83,3,No,No,2025-03-14 03:33:02.306712
CUST0074,Home,Chair,Dining,103.87,1,No,No,2025-02-09 07:30:38.306712
CUST0834,Books,Novel,Mystery,549.29,2,No,No,2025-02-11 00:43:32.306712
CUST0028,Toys,Puzzle,Jigsaw,482.69,6,No,No,2025-02-06 07:49:23.306712
CUST0796,Home,Chair,Dining,742.68,3,No,No,2025-02-12 00:40:45.306712
CUST0872,Books,Biography,Celebrity,756.54,0,Yes,No,2025-04-09 02:40:12.306712
CUST0315,Clothing,Jeans,Slim,873.78,5,No,No,2025-01-24 04:37:20.306712
CUST0563,Books,Novel,Mystery,869.23,3,Yes,No,2025-02-19 08:45:26.306712
CUST0224,Electronics,Headphones,Wired,579.43,5,Yes,No,2025-03-16 22:08:28.306712
CUST0391,Toys,Car,Remote Control,703.41,0,No,No,2025-02-17 01:46:37.306712
CUST0597,Clothing,Jacket,Leather,638.07,6,No,No,2025-03-01 16:35:18.306712
CUST0702,Books,Biography,Celebrity,630.21,1,No,No,2025-04-02 08:02:57.306712
CUST0095,Home,Table,Coffee,482.51,1,No,No,2025-01-16 01:32:43.306712
CUST0222,Toys,Doll,Barbie,219.51,2,Yes,No,2025-01-30 21:04:14.306712
CUST0761,Home,Lamp,LED,350.77,3,No,No,2025-03-25 05:58:48.306712
CUST0740,Clothing,Jeans,Regular,607.81,3,No,No,2025-04-13 08:26:45.306712
CUST0700,Home,Table,Study,702.63,4,Yes,Yes,2025-01-31 00:57:20.306712
CUST0547,Toys,Puzzle,Jigsaw,531.6,3,No,No,2025-02-11 16:51:38.306712
CUST0481,Clothing,T-Shirt,Round Neck,265.26,2,No,No,2025-02-07 01:00:52.306712
CUST0948,Home,Lamp,Halogen,533.72,2,Yes,No,2025-03-25 12:03:23.306712
CUST0757,Electronics,Laptop,Ultrabook,594.31,2,Yes,No,2025-02-10 21:34:05.306712
CUST0595,Clothing,T-Shirt,V-Neck,308.27,1,No,No,2025-01-22 12:25:47.306712
CUST0118,Home,Table,Study,164.02,4,Yes,No,2025-02-27 19:21:28.306712
CUST0604,Home,Chair,Office,333.09,2,No,No,2025-01-26 12:28:30.306712
CUST0896,Electronics,Laptop,Gaming,236.94,7,No,No,2025-03-11 03:04:11.306712
CUST0330,Home,Chair,Dining,349.68,2,No,No,2025-03-02 14:54:37.306712
CUST0667,Books,Biography,Historical,307.22,0,Yes,No,2025-03-04 09:31:08.306712
CUST0199,Electronics,Headphones,Wired,136.08,1,Yes,No,2025-03-03 06:03:34.306712
CUST0053,Electronics,Mobile,iOS,646.12,4,No,No,2025-02-06 02:55:10.306712
CUST0088,Home,Chair,Office,679.26,2,No,No,2025-02-14 00:30:38.306712
CUST0095,Electronics,Laptop,Gaming,964.61,1,No,No,2025-02-24 13:28:39.306712
CUST0493,Toys,Doll,Barbie,587.08,1,No,No,2025-03-15 19:15:16.306712
CUST0107,Electronics,Laptop,Gaming,151.95,3,No,No,2025-03-07 18:58:53.306712
CUST0468,Electronics,Mobile,iOS,325.81,1,Yes,No,2025-03-15 18:12:59.306712
CUST0538,Home,Lamp,Halogen,590.7,1,No,No,2025-01-26 00:29:59.306712
CUST0339,Books,Novel,Mystery,719.3,4,No,No,2025-03-16 20:54:14.306712
CUST0562,Electronics,Mobile,iOS,489.8,4,No,No,2025-04-03 07:31:35.306712
CUST0593,Clothing,T-Shirt,Round Neck,806.74,2,No,No,2025-02-18 15:41:42.306712
CUST0965,Home,Chair,Office,637.27,6,No,No,2025-01-14 16:43:01.306712
CUST0414,Electronics,Mobile,Android,605.14,1,No,No,2025-02-01 11:08:19.306712
CUST0056,Clothing,Jacket,Denim,763.75,3,No,No,2025-04-08 09:25:08.306712
CUST0344,Home,Table,Coffee,484.63,1,No,No,2025-03-20 01:43:07.306712
CUST0335,Clothing,T-Shirt,V-Neck,634.51,1,Yes,No,2025-03-26 10:37:30.306712
CUST0098,Electronics,Laptop,Gaming,369.1,1,No,No,2025-01-16 03:50:07.306712
CUST0414,Books,Biography,Historical,661.45,1,Yes,No,2025-01-23 12:26:05.306712
CUST0323,Electronics,Laptop,Ultrabook,951.1,3,No,No,2025-03-26 05:06:50.306712
CUST0603,Toys,Puzzle,Jigsaw,392.8,4,Yes,Yes,2025-04-06 23:57:07.306712
CUST0412,Books,Novel,Fiction,478.5,0,No,No,2025-04-05 22:03:35.306712
CUST0758,Toys,Puzzle,Jigsaw,467.64,4,No,No,2025-01-26 16:22:02.306712
CUST0874,Clothing,Jeans,Slim,304.71,5,Yes,Yes,2025-02-13 12:43:42.306712
CUST0238,Toys,Puzzle,Jigsaw,904.52,2,No,No,2025-03-19 01:23:22.306712
CUST0181,Electronics,Laptop,Ultrabook,152.29,3,No,No,2025-01-27 02:02:54.306712
CUST0671,Electronics,Mobile,Android,625.65,2,No,No,2025-04-06 01:37:45.306712
CUST0078,Electronics,Mobile,iOS,408.47,1,No,No,2025-03-06 08:56:36.306712
CUST0315,Clothing,T-Shirt,Round Neck,391.8,1,Yes,No,2025-02-01 04:37:36.306712
CUST0234,Clothing,Jeans,Slim,520.59,4,No,No,2025-03-04 16:57:11.306712
CUST0388,Electronics,Mobile,Android,640.32,3,Yes,Yes,2025-03-12 12:57:18.306712
CUST0261,Home,Lamp,Halogen,497.56,6,No,No,2025-02-14 20:44:45.306712
CUST0130,Clothing,Jeans,Slim,232.46,1,Yes,No,2025-03-03 02:40:41.306712
CUST0410,Home,Lamp,Halogen,844.58,0,No,No,2025-02-24 01:58:22.306712
CUST0813,Electronics,Mobile,iOS,169.21,1,No,No,2025-03-11 04:12:16.306712
CUST0525,Books,Biography,Historical,423.68,3,No,No,2025-02-08 11:48:28.306712
CUST0179,Electronics,Headphones,Wired,456.29,3,No,No,2025-02-06 12:57:31.306712
CUST0448,Books,Textbook,Science,864.98,5,No,No,2025-03-15 04:47:45.306712
CUST0927,Clothing,Jeans,Regular,382.59,3,No,No,2025-01-30 17:27:00.306712
CUST0637,Books,Novel,Mystery,529.93,3,No,No,2025-02-21 19:22:29.306712
CUST0855,Electronics,Laptop,Gaming,50.0,2,Yes,No,2025-02-19 18:10:02.306712
CUST0983,Books,Biography,Celebrity,628.13,3,No,No,2025-03-09 03:26:09.306712
CUST0868,Electronics,Laptop,Ultrabook,476.18,4,Yes,No,2025-02-20 09:10:11.306712
CUST0984,Clothing,Jeans,Slim,373.89,4,Yes,No,2025-03-04 02:40:41.306712
CUST0063,Toys,Doll,Action,432.17,2,No,No,2025-02-11 15:35:36.306712
CUST0108,Home,Lamp,Halogen,177.23,1,Yes,No,2025-02-03 18:55:04.306712
CUST0256,Books,Textbook,Science,699.39,3,No,No,2025-01-28 23:17:26.306712
CUST0296,Books,Biography,Celebrity,265.0,3,No,No,2025-02-24 16:11:58.306712
CUST0737,Home,Table,Coffee,389.61,8,Yes,Yes,2025-03-08 23:52:35.306712
CUST0595,Books,Novel,Mystery,838.79,3,No,No,2025-03-27 03:01:22.306712
CUST0256,Clothing,Jeans,Slim,649.81,2,No,No,2025-04-08 16:45:41.306712
CUST0933,Books,Biography,Historical,758.73,3,No,No,2025-02-11 10:09:00.306712
CUST0106,Home,Lamp,LED,415.21,3,Yes,Yes,2025-02-26 22:38:32.306712
CUST0885,Books,Novel,Fiction,141.06,4,No,No,2025-02-13 23:08:01.306712
CUST0278,Clothing,Jacket,Denim,432.67,2,Yes,No,2025-02-22 09:29:30.306712
CUST0562,Home,Table,Study,818.1,6,No,No,2025-02-06 10:14:29.306712
CUST0685,Toys,Puzzle,3D,426.47,4,Yes,No,2025-02-20 16:38:56.306712
CUST0749,Toys,Puzzle,3D,668.62,6,No,No,2025-03-09 09:55:41.306712
CUST0482,Toys,Car,Electric,495.47,4,Yes,No,2025-03-27 12:36:25.306712
CUST0911,Toys,Car,Electric,679.19,4,No,No,2025-02-22 19:52:32.306712
CUST0099,Home,Chair,Office,562.77,2,Yes,No,2025-01-23 08:43:41.306712
CUST0404,Toys,Car,Electric,301.4,2,Yes,No,2025-03-21 22:49:34.306712
CUST0473,Electronics,Mobile,Android,798.55,1,Yes,No,2025-01-15 18:04:43.306712
CUST0510,Clothing,Jeans,Slim,193.83,3,Yes,Yes,2025-02-28 06:56:50.306712
CUST0708,Clothing,T-Shirt,Round Neck,119.41,4,No,No,2025-02-09 02:21:52.306712
CUST0550,Toys,Doll,Action,348.01,2,Yes,No,2025-03-08 06:51:36.306712
CUST0926,Electronics,Headphones,Wireless,962.06,5,No,No,2025-02-20 01:02:21.306712
CUST0750,Home,Table,Coffee,425.41,4,No,No,2025-01-24 22:45:11.306712
CUST0135,Electronics,Laptop,Ultrabook,770.15,4,No,No,2025-03-30 14:28:54.306712
CUST0202,Toys,Doll,Action,690.17,0,No,No,2025-02-21 00:57:14.306712
CUST0189,Home,Table,Study,538.03,1,No,No,2025-04-04 21:38:57.306712
CUST0148,Toys,Car,Electric,1041.29,6,No,No,2025-02-20 05:42:23.306712
CUST0863,Home,Lamp,Halogen,540.02,4,Yes,Yes,2025-04-02 17:29:27.306712
CUST0196,Toys,Puzzle,3D,649.62,4,No,No,2025-01-26 23:23:01.306712
CUST0767,Toys,Car,Remote Control,714.97,5,Yes,Yes,2025-02-20 21:34:39.306712
CUST0841,Toys,Doll,Barbie,260.27,1,Yes,No,2025-03-19 08:13:04.306712
CUST0113,Clothing,Jacket,Denim,646.43,0,No,No,2025-03-22 17:10:57.306712
CUST0933,Books,Textbook,Science,679.64,2,Yes,No,2025-03-09 13:46:24.306712
CUST0472,Electronics,Headphones,Wired,226.37,3,No,No,2025-02-26 08:16:05.306712
CUST0689,Electronics,Laptop,Gaming,760.58,4,No,No,2025-02-03 17:13:45.306712
CUST0337,Clothing,Jacket,Leather,481.05,3,No,No,2025-01-16 16:46:29.306712
CUST0108,Books,Novel,Fiction,729.23,5,No,No,2025-02-16 11:32:17.306712
CUST0805,Toys,Puzzle,Jigsaw,710.81,0,No,No,2025-02-21 11:25:12.306712
CUST0795,Clothing,Jacket,Denim,50.0,5,Yes,No,2025-01-16 19:09:54.306712
CUST0780,Electronics,Mobile,Android,252.23,9,No,No,2025-02-04 23:55:28.306712
CUST0279,Home,Chair,Dining,227.01,2,No,No,2025-04-12 14:27:44.306712
CUST0682,Books,Biography,Historical,244.84,1,No,No,2025-03-21 01:53:05.306712
CUST0281,Toys,Puzzle,3D,871.93,4,Yes,Yes,2025-03-09 04:54:24.306712
CUST0559,Home,Chair,Office,418.92,1,No,No,2025-01-20 10:00:50.306712
CUST0886,Books,Biography,Historical,460.94,3,Yes,Yes,2025-02-06 21:10:48.306712
CUST0931,Toys,Puzzle,Jigsaw,689.62,1,No,No,2025-02-21 09:20:01.306712
CUST0011,Home,Table,Coffee,368.63,2,No,No,2025-03-29 10:17:52.306712
CUST0026,Electronics,Laptop,Gaming,368.92,5,No,No,2025-04-10 06:30:55.306712
CUST0934,Electronics,Mobile,iOS,531.48,1,Yes,No,2025-04-06 08:20:19.306712
CUST0428,Electronics,Laptop,Gaming,445.0,0,No,No,2025-03-27 03:08:39.306712
CUST0988,Electronics,Headphones,Wireless,493.33,0,No,No,2025-02-06 10:28:01.306712
CUST0299,Clothing,T-Shirt,Round Neck,631.21,2,Yes,No,2025-02-07 12:57:32.306712
CUST0514,Home,Lamp,Halogen,554.63,2,Yes,No,2025-04-09 17:45:12.306712
CUST0160,Electronics,Mobile,iOS,549.15,3,No,No,2025-02-01 16:22:04.306712
CUST0077,Books,Novel,Mystery,756.38,1,No,No,2025-03-09 09:51:08.306712
CUST0688,Electronics,Laptop,Gaming,303.5,5,No,No,2025-02-02 10:50:21.306712
CUST0943,Toys,Doll,Barbie,587.67,5,No,No,2025-01-21 06:14:12.306712
CUST0332,Books,Novel,Fiction,307.1,5,No,No,2025-03-31 06:42:10.306712
CUST0508,Electronics,Mobile,Android,874.68,2,No,No,2025-03-30 12:00:14.306712
CUST0723,Electronics,Headphones,Wired,497.34,2,No,No,2025-04-13 10:27:27.306712
CUST0868,Electronics,Mobile,iOS,515.47,4,No,No,2025-04-11 11:49:46.306712
CUST0476,Electronics,Mobile,Android,735.1,3,Yes,Yes,2025-01-25 02:01:49.306712
CUST0136,Toys,Doll,Action,293.84,3,Yes,Yes,2025-04-11 17:29:02.306712
CUST0497,Electronics,Headphones,Wireless,730.18,5,No,No,2025-02-24 20:28:52.306712
CUST0488,Toys,Doll,Action,573.73,3,Yes,Yes,2025-04-07 00:34:52.306712
CUST0439,Clothing,Jacket,Leather,647.41,5,No,No,2025-02-05 16:44:39.306712
CUST0568,Electronics,Mobile,iOS,600.09,8,No,No,2025-02-11 19:08:00.306712
CUST0630,Electronics,Headphones,Wired,442.69,4,No,No,2025-01-25 08:44:55.306712
CUST0802,Toys,Doll,Barbie,921.72,4,No,No,2025-02-06 17:35:14.306712
CUST0657,Clothing,T-Shirt,V-Neck,400.46,3,No,No,2025-02-10 01:52:26.306712
CUST0899,Electronics,Mobile,Android,455.59,3,Yes,Yes,2025-02-15 02:00:34.306712
CUST0224,Home,Chair,Dining,234.15,2,No,No,2025-03-12 10:52:28.306712
CUST0680,Books,Textbook,Math,257.09,4,No,No,2025-02-20 05:33:23.306712
CUST0069,Books,Textbook,Science,395.56,3,Yes,No,2025-02-15 05:47:01.306712
CUST0172,Home,Chair,Dining,694.35,2,No,No,2025-03-26 07:34:48.306712
CUST0320,Electronics,Mobile,Android,514.81,0,No,No,2025-03-15 23:11:27.306712
CUST0373,Home,Lamp,LED,327.63,2,No,No,2025-03-23 04:59:54.306712
CUST0478,Toys,Car,Remote Control,522.96,2,No,No,2025-03-05 01:16:46.306712
CUST0539,Home,Lamp,Halogen,862.45,2,No,No,2025-03-13 04:48:36.306712
CUST0290,Toys,Car,Electric,415.91,4,Yes,No,2025-01-16 11:33:52.306712
CUST0379,Electronics,Headphones,Wired,429.89,3,No,No,2025-02-24 12:25:59.306712
CUST0463,Home,Table,Study,419.48,0,Yes,No,2025-02-02 17:21:35.306712
CUST0375,Home,Table,Study,297.52,5,Yes,No,2025-04-06 04:53:41.306712
CUST0189,Books,Textbook,Math,721.13,2,No,No,2025-02-26 18:01:27.306712
CUST0160,Books,Biography,Historical,666.97,1,No,No,2025-03-28 08:06:46.306712
CUST0670,Home,Lamp,Halogen,517.05,1,Yes,No,2025-01-16 00:31:50.306712
CUST0266,Books,Novel,Mystery,668.15,2,No,No,2025-01-15 16:45:34.306712
CUST0680,Electronics,Mobile,iOS,514.42,3,Yes,No,2025-03-17 23:55:17.306712
CUST0944,Home,Chair,Office,808.03,3,No,No,2025-01-14 00:04:15.306712
CUST0839,Books,Textbook,Science,477.07,2,No,No,2025-04-07 02:49:02.306712
CUST0185,Home,Chair,Dining,427.51,5,No,No,2025-03-30 01:08:30.306712
CUST0828,Electronics,Mobile,Android,571.57,6,No,No,2025-03-16 11:14:57.306712
CUST0833,Books,Biography,Historical,478.33,4,No,No,2025-03-19 18:48:40.306712
CUST0279,Electronics,Laptop,Gaming,687.71,3,No,No,2025-03-06 13:52:06.306712
CUST0145,Electronics,Laptop,Ultrabook,436.36,2,Yes,No,2025-01-29 20:50:11.306712
CUST0197,Toys,Car,Electric,646.46,4,No,No,2025-01-25 07:49:03.306712
CUST0360,Clothing,T-Shirt,Round Neck,509.0,4,Yes,Yes,2025-01-27 21:15:39.306712
CUST0186,Clothing,Jacket,Leather,421.2,1,No,No,2025-02-10 01:45:24.306712
CUST0014,Toys,Doll,Action,391.77,4,No,No,2025-02-14 05:33:58.306712
CUST0888,Clothing,Jacket,Leather,50.0,4,No,No,2025-02-17 06:12:22.306712
CUST0621,Toys,Car,Remote Control,570.76,5,No,No,2025-01-16 14:39:01.306712
CUST0002,Home,Chair,Office,781.92,2,Yes,No,2025-03-25 00:34:48.306712
CUST0770,Toys,Doll,Action,667.86,1,No,No,2025-03-13 06:44:43.306712
CUST0822,Electronics,Mobile,iOS,638.95,4,Yes,No,2025-01-23 09:21:58.306712
CUST0722,Electronics,Mobile,iOS,914.74,2,No,No,2025-03-19 06:27:24.306712
CUST0031,Home,Chair,Dining,455.48,2,No,No,2025-03-30 05:11:40.306712
CUST0967,Books,Novel,Fiction,590.39,7,Yes,No,2025-03-06 00:37:08.306712
CUST0607,Clothing,T-Shirt,V-Neck,596.9,4,No,No,2025-02-10 14:14:45.306712
CUST0121,Home,Lamp,LED,673.33,4,Yes,No,2025-02-27 14:14:31.306712
CUST0537,Clothing,T-Shirt,Round Neck,875.32,2,Yes,No,2025-04-13 11:24:58.306712
CUST0554,Electronics,Mobile,Android,516.62,3,Yes,No,2025-01-23 10:38:25.306712
CUST0637,Home,Table,Study,635.04,4,No,No,2025-02-06 01:27:55.306712
CUST0309,Electronics,Headphones,Wired,135.3,3,Yes,No,2025-01-25 18:22:49.306712
CUST0806,Toys,Puzzle,3D,292.26,8,No,No,2025-02-10 11:05:01.306712
CUST0481,Toys,Doll,Action,668.15,3,No,No,2025-02-10 10:54:39.306712
CUST0751,Clothing,Jacket,Leather,516.64,4,No,No,2025-01-30 12:38:54.306712
CUST0088,Toys,Car,Electric,936.16,3,No,No,2025-01-15 16:48:01.306712
CUST0395,Clothing,Jeans,Regular,637.07,3,No,No,2025-04-12 03:00:34.306712
CUST0573,Electronics,Headphones,Wireless,959.96,4,No,No,2025-02-27 14:56:10.306712
CUST0572,Toys,Puzzle,Jigsaw,893.53,3,No,No,2025-01-22 23:02:11.306712
CUST0228,Toys,Car,Remote Control,474.87,1,No,No,2025-02-06 20:05:52.306712
CUST0954,Clothing,Jacket,Denim,254.57,4,No,No,2025-03-12 09:35:29.306712
CUST0590,Electronics,Laptop,Ultrabook,563.22,1,No,No,2025-03-08 03:44:08.306712
CUST0331,Home,Lamp,Halogen,545.24,4,Yes,No,2025-02-12 05:22:33.306712
CUST0715,Electronics,Headphones,Wired,161.93,4,No,No,2025-01-31 14:56:50.306712
CUST0590,Electronics,Laptop,Ultrabook,561.87,0,No,No,2025-03-09 12:05:59.306712
CUST0653,Electronics,Headphones,Wired,579.08,5,Yes,Yes,2025-01-28 09:14:41.306712
CUST0533,Toys,Car,Remote Control,314.87,2,Yes,No,2025-01-14 22:37:29.306712
CUST0387,Electronics,Headphones,Wireless,416.49,6,No,No,2025-02-20 05:29:22.306712
CUST0340,Books,Biography,Historical,626.94,2,No,No,2025-02-05 04:21:43.306712
CUST0464,Home,Lamp,Halogen,963.52,2,No,No,2025-04-10 06:37:37.306712
CUST0045,Electronics,Laptop,Ultrabook,50.0,2,No,No,2025-01-27 11:31:01.306712
CUST0455,Books,Novel,Fiction,458.83,5,No,No,2025-02-23 02:48:21.306712
CUST0680,Toys,Puzzle,3D,604.28,3,Yes,No,2025-03-08 02:04:31.306712
CUST0060,Clothing,Jeans,Slim,516.78,3,Yes,No,2025-03-04 05:18:51.306712
CUST0288,Clothing,Jeans,Regular,141.3,1,Yes,No,2025-03-14 07:30:17.306712
CUST0629,Clothing,Jacket,Denim,559.6,4,Yes,Yes,2025-02-11 18:16:04.306712
CUST0471,Books,Novel,Mystery,718.66,3,No,No,2025-04-01 10:38:44.306712
CUST0898,Electronics,Headphones,Wired,561.47,3,Yes,No,2025-02-05 20:20:50.306712
CUST0762,Clothing,Jeans,Slim,215.3,4,Yes,Yes,2025-03-04 05:54:34.306712
CUST0005,Electronics,Laptop,Gaming,291.25,4,No,No,2025-02-26 14:57:32.306712
CUST0727,Clothing,Jeans,Slim,547.23,0,No,No,2025-03-24 10:15:51.306712
CUST0339,Home,Chair,Dining,487.24,3,Yes,No,2025-02-14 07:37:51.306712
CUST0548,Home,Lamp,Halogen,632.59,4,No,No,2025-02-09 20:49:01.306712
CUST0867,Toys,Puzzle,3D,491.75,2,No,No,2025-01-30 09:55:27.306712
CUST0855,Books,Textbook,Science,329.89,5,No,No,2025-01-14 23:01:45.306712
CUST0167,Home,Chair,Dining,452.35,1,No,No,2025-02-26 09:51:14.306712
CUST0063,Clothing,T-Shirt,Round Neck,524.38,5,No,No,2025-03-18 07:29:36.306712
CUST0148,Toys,Doll,Action,543.88,4,No,No,2025-02-17 08:21:04.306712
CUST0186,Clothing,T-Shirt,V-Neck,607.39,3,Yes,No,2025-04-12 23:44:17.306712
CUST0830,Clothing,Jacket,Denim,455.21,7,No,No,2025-02-04 11:39:30.306712
CUST0048,Home,Chair,Office,83.61,2,Yes,No,2025-03-13 06:11:20.306712
CUST0446,Books,Novel,Fiction,422.65,3,No,No,2025-02-25 11:35:08.306712
CUST0162,Electronics,Laptop,Ultrabook,317.97,5,No,No,2025-01-28 17:58:42.306712
CUST0615,Clothing,T-Shirt,Round Neck,503.38,1,No,No,2025-02-11 19:59:44.306712
CUST0090,Books,Biography,Historical,815.59,0,No,No,2025-04-11 09:24:24.306712
CUST0123,Home,Table,Coffee,833.3,3,No,No,2025-03-11 19:47:40.306712
CUST0181,Books,Biography,Historical,427.22,5,Yes,Yes,2025-04-04 12:03:31.306712
CUST0006,Books,Novel,Fiction,624.16,4,Yes,No,2025-03-27 11:22:49.306712
CUST0034,Clothing,T-Shirt,Round Neck,399.78,2,No,No,2025-03-11 10:32:30.306712
CUST0161,Toys,Puzzle,3D,252.09,3,Yes,No,2025-04-03 06:01:28.306712
CUST0367,Electronics,Mobile,Android,751.63,2,No,No,2025-01-17 21:15:12.306712
CUST0429,Electronics,Headphones,Wireless,673.17,1,Yes,No,2025-01-23 19:45:57.306712
CUST0591,Clothing,Jacket,Leather,401.87,1,No,No,2025-02-03 01:22:25.306712
CUST0383,Toys,Puzzle,3D,322.92,1,No,No,2025-03-13 04:04:44.306712
CUST0499,Electronics,Headphones,Wireless,634.33,4,No,No,2025-01-13 17:00:21.306712
CUST0060,Electronics,Mobile,iOS,816.06,2,No,No,2025-02-24 06:50:35.306712
CUST0102,Books,Novel,Fiction,718.76,5,No,No,2025-04-05 05:28:23.306712
CUST0349,Books,Textbook,Science,943.59,2,No,No,2025-03-22 11:21:08.306712
CUST0505,Electronics,Headphones,Wired,787.95,2,No,No,2025-02-16 20:50:33.306712
CUST0994,Toys,Doll,Barbie,178.12,2,No,No,2025-03-25 02:27:14.306712
CUST0461,Toys,Car,Electric,530.8,3,Yes,Yes,2025-02-10 05:49:32.306712
CUST0813,Home,Table,Coffee,360.78,6,No,No,2025-01-26 18:46:27.306712
CUST0761,Clothing,T-Shirt,V-Neck,485.61,0,Yes,No,2025-03-17 16:53:04.306712
CUST0643,Books,Biography,Historical,599.24,2,No,No,2025-02-10 03:58:57.306712
CUST0340,Books,Biography,Celebrity,677.83,4,No,No,2025-03-25 18:21:08.306712
CUST0295,Clothing,Jeans,Slim,399.95,1,Yes,No,2025-03-30 11:15:33.306712
CUST0758,Electronics,Headphones,Wired,433.79,2,No,No,2025-03-27 23:59:34.306712
CUST0362,Clothing,Jacket,Leather,196.73,2,No,No,2025-04-12 19:56:58.306712
CUST0083,Books,Biography,Celebrity,253.56,3,No,No,2025-02-23 08:33:03.306712
CUST0729,Books,Biography,Historical,635.82,2,No,No,2025-02-15 23:10:48.306712
CUST0182,Books,Textbook,Science,856.93,1,No,No,2025-01-20 00:04:55.306712
CUST0129,Electronics,Headphones,Wireless,543.11,1,No,No,2025-03-08 06:35:22.306712
CUST0089,Home,Lamp,LED,639.66,3,No,No,2025-02-22 00:04:00.306712
CUST0679,Electronics,Headphones,Wireless,773.79,2,No,No,2025-01-28 15:25:40.306712
CUST0136,Clothing,T-Shirt,Round Neck,829.2,1,No,No,2025-02-20 10:48:44.306712
CUST0490,Toys,Car,Remote Control,485.08,5,Yes,Yes,2025-03-15 14:20:35.306712
CUST0846,Books,Textbook,Science,397.17,1,No,No,2025-02-02 08:42:58.306712
CUST0344,Clothing,T-Shirt,Round Neck,491.52,6,No,No,2025-02-01 18:33:35.306712
CUST0701,Books,Novel,Mystery,268.93,1,No,No,2025-03-11 09:09:13.306712
CUST0160,Electronics,Mobile,iOS,424.71,4,No,No,2025-04-02 23:59:37.306712
CUST0652,Toys,Car,Remote Control,380.52,5,Yes,No,2025-02-18 04:51:06.306712
CUST0425,Clothing,Jeans,Slim,479.34,1,No,No,2025-01-21 13:54:01.306712
CUST0293,Clothing,Jacket,Denim,820.08,4,Yes,Yes,2025-01-17 09:30:26.306712
CUST0030,Clothing,Jeans,Regular,486.23,4,No,No,2025-03-29 13:12:38.306712
CUST0931,Clothing,Jacket,Leather,289.74,2,No,No,2025-04-08 08:04:26.306712
CUST0250,Electronics,Mobile,Android,153.43,0,No,No,2025-02-07 17:14:15.306712
CUST0448,Home,Table,Study,311.69,7,Yes,Yes,2025-02-02 18:29:20.306712
CUST0130,Books,Textbook,Science,195.42,6,No,No,2025-01-23 12:51:55.306712
CUST0503,Toys,Puzzle,3D,394.93,1,No,No,2025-02-22 13:56:35.306712
CUST0351,Toys,Puzzle,3D,273.17,2,Yes,No,2025-04-10 10:54:26.306712
CUST0216,Toys,Puzzle,Jigsaw,429.15,7,No,No,2025-01-22 15:48:53.306712
CUST0101,Home,Table,Coffee,303.6,3,Yes,No,2025-04-01 13:15:28.306712
CUST0362,Clothing,Jacket,Denim,257.76,7,No,No,2025-02-20 15:46:13.306712
CUST0300,Clothing,Jeans,Regular,337.14,3,No,No,2025-04-07 13:39:32.306712
CUST0813,Clothing,Jeans,Slim,194.59,6,No,No,2025-04-01 17:06:40.306712
CUST0148,Books,Novel,Mystery,309.64,3,No,No,2025-02-13 04:21:18.306712
CUST0966,Home,Chair,Office,533.1,2,Yes,No,2025-03-01 23:40:31.306712
CUST0973,Home,Table,Study,613.02,5,No,No,2025-02-12 23:54:38.306712
CUST0953,Books,Textbook,Science,324.8,2,Yes,No,2025-02-22 09:16:42.306712
CUST0267,Toys,Doll,Action,428.14,3,No,No,2025-03-11 15:55:37.306712
CUST0437,Clothing,T-Shirt,V-Neck,325.08,0,Yes,No,2025-04-02 13:17:57.306712
CUST0822,Toys,Doll,Action,433.78,2,No,No,2025-04-04 03:18:58.306712
CUST0124,Electronics,Laptop,Ultrabook,388.9,0,No,No,2025-03-15 05:39:45.306712
CUST0142,Home,Chair,Dining,572.54,0,No,No,2025-03-10 16:25:29.306712
CUST0133,Toys,Doll,Action,300.73,0,Yes,No,2025-02-19 16:50:14.306712
CUST0547,Home,Chair,Office,266.98,6,No,No,2025-04-02 23:16:00.306712
CUST0689,Electronics,Laptop,Gaming,547.25,3,Yes,No,2025-04-08 13:00:04.306712
CUST0428,Books,Novel,Fiction,541.8,3,No,No,2025-03-26 07:48:59.306712
CUST0328,Electronics,Headphones,Wired,488.84,3,No,No,2025-03-11 05:44:07.306712
CUST0797,Clothing,Jeans,Regular,153.71,4,Yes,No,2025-01-20 14:11:09.306712
CUST0135,Toys,Puzzle,3D,572.98,2,No,No,2025-02-24 22:41:12.306712
CUST0890,Home,Chair,Office,240.23,0,No,No,2025-01-27 19:32:20.306712
CUST0807,Clothing,Jeans,Regular,579.27,2,No,No,2025-02-27 07:30:10.306712
CUST0564,Electronics,Laptop,Ultrabook,527.68,4,No,No,2025-03-02 08:23:05.306712
CUST0741,Toys,Doll,Barbie,720.27,2,Yes,No,2025-02-18 18:42:25.306712
CUST0120,Toys,Doll,Barbie,472.76,0,Yes,No,2025-02-27 01:38:44.306712
CUST0025,Clothing,T-Shirt,Round Neck,504.51,6,No,No,2025-01-22 14:19:21.306712
CUST0300,Books,Textbook,Math,483.42,0,No,No,2025-03-29 16:09:06.306712
CUST0249,Clothing,Jeans,Slim,485.02,3,Yes,No,2025-04-13 11:01:17.306712
CUST0582,Home,Lamp,LED,918.48,6,Yes,No,2025-02-20 19:56:13.306712
CUST0500,Books,Textbook,Science,304.87,4,No,No,2025-01-14 15:34:59.306712
CUST0405,Clothing,Jeans,Slim,528.02,4,No,No,2025-03-19 15:31:03.306712
CUST0144,Toys,Doll,Barbie,295.1,2,No,No,2025-01-13 22:19:29.306712
CUST0116,Electronics,Mobile,Android,212.22,6,No,No,2025-01-16 03:16:18.306712
CUST0842,Electronics,Headphones,Wired,575.64,4,No,No,2025-03-03 09:09:42.306712
CUST0941,Home,Chair,Dining,481.12,4,Yes,No,2025-03-29 13:58:10.306712
CUST0988,Toys,Puzzle,Jigsaw,625.38,5,Yes,No,2025-02-03 03:24:02.306712
CUST0434,Books,Textbook,Science,545.55,1,No,No,2025-01-15 17:39:29.306712
CUST0970,Toys,Puzzle,3D,512.45,5,No,No,2025-03-02 22:24:33.306712
CUST0742,Electronics,Headphones,Wireless,718.68,7,Yes,Yes,2025-04-06 05:05:22.306712
CUST0344,Home,Table,Study,418.38,6,No,No,2025-04-09 23:34:22.306712
CUST0446,Toys,Puzzle,Jigsaw,346.38,3,Yes,No,2025-02-18 11:27:48.306712
CUST0940,Books,Biography,Historical,226.43,2,Yes,No,2025-01-24 13:11:58.306712
CUST0888,Clothing,T-Shirt,V-Neck,617.9,4,No,No,2025-03-14 20:42:31.306712
CUST0379,Electronics,Headphones,Wireless,377.04,4,No,No,2025-02-18 20:09:07.306712
CUST0052,Electronics,Mobile,Android,223.66,3,No,No,2025-04-10 18:50:31.306712
CUST0340,Home,Lamp,LED,377.47,4,Yes,Yes,2025-03-30 22:14:19.306712
CUST0922,Toys,Car,Electric,78.25,2,No,No,2025-03-07 00:34:29.306712
CUST0899,Electronics,Mobile,Android,485.61,2,Yes,No,2025-02-10 06:15:37.306712
CUST0262,Electronics,Mobile,iOS,229.45,3,Yes,Yes,2025-02-06 00:04:48.306712
CUST0066,Home,Lamp,Halogen,590.21,3,No,No,2025-04-10 06:29:55.306712
CUST0522,Home,Chair,Office,478.19,1,No,No,2025-04-04 10:43:08.306712
CUST0339,Clothing,Jacket,Leather,785.92,2,No,No,2025-02-09 03:41:40.306712
CUST0528,Clothing,Jeans,Regular,450.13,5,No,No,2025-02-26 23:36:32.306712
CUST0328,Home,Table,Coffee,75.42,4,No,No,2025-02-01 15:26:35.306712
CUST0044,Toys,Car,Electric,433.59,4,Yes,Yes,2025-02-21 15:59:45.306712
CUST0529,Home,Lamp,Halogen,344.94,2,Yes,No,2025-02-25 22:40:11.306712
CUST0113,Books,Biography,Celebrity,441.98,4,Yes,Yes,2025-03-13 13:24:25.306712
CUST0039,Clothing,Jeans,Slim,520.28,1,Yes,No,2025-02-21 19:27:02.306712
CUST0919,Toys,Car,Electric,227.41,1,No,No,2025-03-01 11:22:52.306712
CUST0719,Electronics,Laptop,Gaming,432.24,6,No,No,2025-01-23 20:50:17.306712
CUST0375,Toys,Doll,Action,449.35,4,No,No,2025-04-01 01:37:05.306712
CUST0530,Books,Novel,Fiction,55.99,4,No,No,2025-03-09 17:29:09.306712
CUST0585,Books,Biography,Celebrity,407.05,4,No,No,2025-02-17 02:19:10.306712
CUST0594,Toys,Puzzle,Jigsaw,432.02,5,No,No,2025-01-29 00:38:09.306712
CUST0424,Electronics,Laptop,Gaming,471.27,2,No,No,2025-03-24 08:33:55.306712
CUST0329,Electronics,Laptop,Gaming,377.82,1,No,No,2025-02-18 21:50:17.306712
CUST0195,Home,Lamp,LED,518.1,3,No,No,2025-03-11 14:29:12.306712
CUST0357,Books,Biography,Celebrity,224.36,2,No,No,2025-03-23 00:20:38.306712
CUST0154,Toys,Doll,Barbie,642.41,2,No,No,2025-02-17 22:07:18.306712
CUST0975,Clothing,T-Shirt,Round Neck,240.21,7,No,No,2025-02-09 21:58:55.306712
CUST0164,Books,Biography,Historical,418.37,2,No,No,2025-01-22 15:51:13.306712
CUST0480,Books,Biography,Historical,618.51,7,No,No,2025-01-19 23:14:30.306712
CUST0698,Home,Table,Study,495.51,2,No,No,2025-02-23 19:16:29.306712
CUST0439,Toys,Doll,Barbie,474.27,3,Yes,Yes,2025-04-08 11:02:05.306712
CUST0796,Clothing,T-Shirt,Round Neck,708.34,1,Yes,No,2025-03-31 01:59:24.306712
CUST0528,Home,Chair,Office,994.49,1,No,No,2025-04-10 23:34:04.306712
CUST0846,Books,Novel,Mystery,401.36,4,Yes,No,2025-02-24 06:10:07.306712
CUST0607,Toys,Car,Electric,728.62,2,No,No,2025-02-07 06:30:10.306712
CUST0325,Electronics,Headphones,Wired,473.23,4,Yes,No,2025-03-23 10:54:08.306712
CUST0063,Clothing,Jeans,Slim,571.9,2,No,No,2025-04-08 10:36:19.306712
CUST0531,Home,Lamp,Halogen,417.55,1,Yes,No,2025-01-23 20:21:14.306712
CUST0992,Clothing,T-Shirt,V-Neck,588.02,1,Yes,No,2025-04-02 22:42:35.306712
CUST0196,Electronics,Headphones,Wired,341.9,2,No,No,2025-01-25 15:37:00.306712
CUST0908,Electronics,Headphones,Wired,575.3,6,No,No,2025-03-28 20:00:22.306712
CUST0849,Clothing,Jacket,Leather,797.97,5,No,No,2025-03-01 11:29:29.306712
CUST0813,Books,Biography,Celebrity,363.34,2,No,No,2025-04-12 19:37:00.306712
CUST0765,Electronics,Mobile,iOS,631.1,6,No,No,2025-01-27 02:54:41.306712
CUST0327,Clothing,Jacket,Denim,401.13,3,No,No,2025-03-17 20:34:29.306712
CUST0517,Books,Novel,Fiction,438.91,4,Yes,No,2025-01-19 11:27:26.306712
CUST0009,Books,Novel,Fiction,716.87,2,No,No,2025-01-20 14:43:53.306712
CUST0050,Clothing,Jacket,Denim,480.03,5,No,No,2025-01-27 04:19:06.306712
CUST0199,Home,Table,Study,841.48,4,No,No,2025-03-01 23:19:40.306712
CUST0222,Electronics,Laptop,Ultrabook,183.47,3,Yes,No,2025-03-21 16:04:18.306712
CUST0679,Books,Biography,Historical,289.78,2,No,No,2025-03-28 01:03:05.306712
CUST0634,Books,Novel,Mystery,387.69,2,No,No,2025-01-24 00:38:38.306712
CUST0386,Home,Table,Study,515.94,2,No,No,2025-02-16 11:27:04.306712
CUST0791,Books,Biography,Celebrity,394.09,2,Yes,No,2025-02-21 23:55:38.306712
CUST0304,Electronics,Headphones,Wired,871.09,5,No,No,2025-03-05 09:14:44.306712
CUST0876,Clothing,T-Shirt,V-Neck,882.09,1,No,No,2025-03-30 03:21:13.306712
CUST0273,Electronics,Mobile,iOS,399.01,2,No,No,2025-01-28 07:10:40.306712
CUST0166,Home,Chair,Dining,391.17,5,No,No,2025-03-20 17:43:42.306712
CUST0730,Home,Chair,Dining,112.07,0,Yes,No,2025-03-15 02:33:37.306712
CUST0206,Clothing,T-Shirt,Round Neck,321.96,4,No,No,2025-03-10 18:25:51.306712
CUST0078,Home,Chair,Office,324.02,4,No,No,2025-02-27 00:56:41.306712
CUST0022,Home,Table,Study,330.26,5,No,No,2025-02-28 22:35:01.306712
CUST0688,Clothing,Jeans,Slim,683.62,1,Yes,No,2025-03-28 12:24:12.306712
CUST0117,Home,Lamp,LED,743.79,3,No,No,2025-01-21 12:42:40.306712
CUST0930,Home,Chair,Office,481.29,3,No,No,2025-01-17 18:23:39.306712
CUST0071,Books,Textbook,Math,366.27,2,Yes,No,2025-02-23 04:40:48.306712
CUST0010,Electronics,Headphones,Wireless,203.13,10,Yes,Yes,2025-02-16 08:36:47.306712
CUST0574,Toys,Car,Electric,726.17,5,No,No,2025-03-19 12:04:27.306712
CUST0268,Books,Biography,Celebrity,492.08,3,Yes,No,2025-04-12 16:29:39.306712
CUST0875,Clothing,T-Shirt,V-Neck,400.46,1,No,No,2025-02-10 13:40:22.306712
CUST0520,Toys,Car,Electric,1003.5,6,Yes,Yes,2025-04-10 08:22:37.306712
CUST0092,Toys,Puzzle,Jigsaw,437.76,2,No,No,2025-02-10 01:14:34.306712
CUST0585,Books,Biography,Historical,304.46,3,Yes,No,2025-02-19 19:55:40.306712
CUST0249,Toys,Doll,Action,602.03,2,Yes,No,2025-04-06 07:59:04.306712
CUST0291,Clothing,T-Shirt,Round Neck,483.98,5,Yes,No,2025-01-22 09:41:24.306712
CUST0966,Books,Textbook,Math,284.35,3,Yes,No,2025-02-22 02:08:15.306712
CUST0434,Home,Chair,Office,601.59,1,No,No,2025-02-12 15:26:05.306712
CUST0403,Toys,Doll,Action,522.62,6,No,No,2025-04-06 20:12:45.306712
CUST0911,Toys,Puzzle,3D,605.56,3,No,No,2025-03-19 12:58:25.306712
CUST0132,Home,Chair,Office,543.4,4,Yes,No,2025-03-21 10:10:06.306712
CUST0902,Clothing,T-Shirt,V-Neck,246.33,1,No,No,2025-03-18 23:35:56.306712
CUST0051,Electronics,Laptop,Ultrabook,650.63,2,No,No,2025-03-31 04:49:38.306712
CUST0018,Home,Chair,Office,445.31,2,No,No,2025-03-08 19:52:51.306712
CUST0785,Home,Lamp,LED,558.29,1,No,No,2025-04-03 12:01:53.306712
CUST0147,Books,Novel,Mystery,707.11,3,Yes,No,2025-02-02 05:02:08.306712
CUST0748,Electronics,Headphones,Wireless,546.55,4,No,No,2025-02-05 06:33:38.306712
CUST0328,Books,Textbook,Math,559.14,4,No,No,2025-02-19 12:54:13.306712
CUST0613,Clothing,T-Shirt,Round Neck,423.34,6,No,No,2025-04-11 13:50:19.306712
CUST0060,Electronics,Headphones,Wireless,710.88,3,Yes,No,2025-03-05 14:37:27.306712
CUST0841,Toys,Car,Electric,50.0,3,No,No,2025-01-19 21:54:54.306712
CUST0567,Books,Textbook,Math,574.66,0,No,No,2025-03-25 02:30:38.306712
CUST0004,Home,Table,Coffee,316.5,1,Yes,No,2025-01-30 08:27:48.306712
CUST0540,Clothing,Jeans,Regular,501.75,5,No,No,2025-01-19 18:25:31.306712
CUST0344,Toys,Car,Electric,515.68,6,No,No,2025-03-15 04:32:30.306712
CUST0700,Electronics,Headphones,Wireless,347.11,3,No,No,2025-01-18 07:14:23.306712
CUST0946,Home,Table,Coffee,327.16,5,No,No,2025-03-16 00:01:52.306712
CUST0455,Books,Biography,Historical,404.84,1,No,No,2025-02-06 01:07:53.306712
CUST0789,Books,Biography,Historical,663.96,2,No,No,2025-03-06 08:01:18.306712
CUST0939,Electronics,Headphones,Wireless,440.51,1,No,No,2025-01-27 03:11:44.306712
CUST0141,Books,Textbook,Math,684.05,2,No,No,2025-02-16 08:56:30.306712
CUST0874,Toys,Doll,Action,636.48,5,No,No,2025-04-10 07:40:28.306712
CUST0715,Home,Lamp,LED,432.1,1,No,No,2025-04-08 03:40:40.306712
CUST0356,Clothing,T-Shirt,Round Neck,355.32,1,No,No,2025-01-17 00:52:14.306712
CUST0358,Toys,Puzzle,Jigsaw,665.97,5,Yes,Yes,2025-03-14 00:17:57.306712
CUST0444,Books,Novel,Mystery,512.47,3,No,No,2025-03-14 13:57:22.306712
CUST0516,Home,Chair,Office,633.65,3,Yes,No,2025-01-25 14:59:18.306712
CUST0765,Home,Chair,Dining,582.01,5,Yes,No,2025-02-28 13:33:57.306712
CUST0418,Home,Table,Coffee,730.16,5,No,No,2025-03-28 01:13:50.306712
CUST0746,Electronics,Laptop,Ultrabook,648.1,2,Yes,No,2025-02-23 23:30:43.306712
CUST0491,Electronics,Headphones,Wired,473.68,2,No,No,2025-02-28 23:41:29.306712
CUST0408,Clothing,Jacket,Leather,298.13,6,No,No,2025-02-22 05:37:48.306712
CUST0950,Clothing,Jeans,Regular,357.3,1,Yes,No,2025-01-15 21:27:55.306712
CUST0090,Books,Textbook,Math,802.27,1,No,No,2025-02-27 03:49:25.306712
CUST0947,Books,Novel,Fiction,522.66,2,No,No,2025-01-31 09:07:43.306712
CUST0436,Books,Biography,Celebrity,297.37,4,No,No,2025-03-04 11:35:38.306712
CUST0851,Toys,Puzzle,Jigsaw,570.78,4,No,No,2025-02-25 23:03:37.306712
CUST0660,Books,Novel,Mystery,350.61,1,Yes,No,2025-04-02 20:00:11.306712
CUST0333,Clothing,T-Shirt,Round Neck,409.11,4,No,No,2025-02-27 12:55:59.306712
CUST0299,Toys,Car,Electric,655.44,5,Yes,No,2025-03-09 10:08:48.306712
CUST0549,Electronics,Mobile,iOS,712.54,6,Yes,Yes,2025-02-28 18:48:35.306712
CUST0492,Books,Novel,Mystery,795.4,1,No,No,2025-02-13 20:11:05.306712
CUST0998,Toys,Doll,Action,329.08,1,No,No,2025-02-11 06:49:51.306712
CUST0026,Toys,Puzzle,3D,339.1,3,Yes,No,2025-03-06 04:19:13.306712
CUST0026,Home,Chair,Office,574.1,0,No,No,2025-04-12 16:21:34.306712
CUST0728,Home,Chair,Dining,941.59,5,Yes,Yes,2025-03-30 07:23:04.306712
CUST0397,Home,Lamp,LED,377.97,3,No,No,2025-03-10 00:15:34.306712
CUST0072,Clothing,Jacket,Denim,307.51,2,No,No,2025-04-07 17:23:47.306712
CUST0406,Home,Chair,Dining,809.66,5,No,No,2025-01-21 07:15:54.306712
CUST0664,Electronics,Laptop,Ultrabook,855.17,7,Yes,Yes,2025-04-08 06:31:36.306712
CUST0668,Home,Chair,Office,634.78,2,No,No,2025-03-24 06:11:37.306712
CUST0618,Clothing,Jeans,Regular,610.6,2,No,No,2025-03-12 05:10:29.306712
CUST0721,Clothing,Jacket,Denim,493.59,1,No,No,2025-03-08 23:50:30.306712
CUST0856,Books,Biography,Celebrity,521.51,7,No,No,2025-01-18 08:13:11.306712
CUST0642,Clothing,Jacket,Leather,380.24,5,Yes,No,2025-03-11 18:11:14.306712
CUST0201,Electronics,Mobile,Android,66.8,6,No,No,2025-03-25 11:45:24.306712
CUST0899,Clothing,Jeans,Slim,339.39,2,No,No,2025-01-19 16:53:06.306712
CUST0660,Toys,Doll,Barbie,261.69,2,No,No,2025-03-02 09:55:30.306712
CUST0282,Clothing,Jacket,Leather,341.98,2,No,No,2025-02-21 11:45:54.306712
CUST0678,Toys,Doll,Barbie,534.48,4,No,No,2025-01-31 02:19:51.306712
CUST0166,Clothing,T-Shirt,V-Neck,227.8,3,No,No,2025-03-13 05:19:14.306712
CUST0216,Electronics,Headphones,Wireless,50.0,2,No,No,2025-02-19 20:00:58.306712
CUST0173,Electronics,Mobile,iOS,394.78,3,No,No,2025-03-16 13:02:12.306712
CUST0201,Electronics,Mobile,iOS,471.46,2,No,No,2025-03-30 18:32:28.306712
CUST0177,Books,Textbook,Science,731.59,1,No,No,2025-01-26 23:50:44.306712
CUST0266,Toys,Doll,Action,589.56,2,No,No,2025-02-05 17:37:13.306712
CUST0481,Home,Chair,Dining,529.21,2,No,No,2025-03-02 13:12:42.306712
CUST0906,Electronics,Headphones,Wired,331.05,2,No,No,2025-02-12 03:04:46.306712
CUST0401,Toys,Doll,Action,658.01,3,No,No,2025-03-20 08:43:50.306712
CUST0796,Books,Biography,Historical,268.61,3,No,No,2025-03-24 10:45:53.306712
CUST0390,Toys,Doll,Barbie,409.53,2,No,No,2025-02-17 15:27:35.306712
CUST0662,Home,Lamp,Halogen,207.42,4,No,No,2025-02-03 18:12:20.306712
CUST0261,Home,Table,Coffee,427.2,0,No,No,2025-02-09 18:15:03.306712
CUST0390,Books,Textbook,Science,387.89,2,Yes,No,2025-02-16 20:55:55.306712
CUST0950,Toys,Puzzle,3D,481.52,3,No,No,2025-03-03 16:50:37.306712
CUST0204,Home,Table,Coffee,692.44,2,No,No,2025-03-18 17:15:36.306712
CUST0963,Home,Table,Study,399.59,3,No,No,2025-03-15 16:09:51.306712
CUST0164,Books,Biography,Historical,736.4,3,No,No,2025-02-24 15:54:24.306712
CUST0402,Home,Table,Study,297.08,4,No,No,2025-02-05 20:13:44.306712
CUST0158,Electronics,Headphones,Wired,417.87,3,No,No,2025-02-28 09:49:04.306712
CUST0374,Toys,Doll,Barbie,398.4,3,Yes,No,2025-04-10 23:53:55.306712
CUST0624,Home,Chair,Office,562.29,4,Yes,No,2025-03-17 15:50:49.306712
CUST0419,Toys,Car,Electric,652.55,1,No,No,2025-03-18 06:51:36.306712
CUST0850,Home,Lamp,LED,248.46,2,Yes,No,2025-04-08 02:24:08.306712
CUST0999,Books,Textbook,Science,306.0,1,No,No,2025-04-07 15:20:28.306712
CUST0549,Electronics,Laptop,Gaming,471.48,3,No,No,2025-03-28 14:29:28.306712
CUST0742,Home,Lamp,LED,532.89,6,Yes,Yes,2025-03-24 11:37:36.306712
CUST0033,Toys,Puzzle,3D,680.76,2,No,No,2025-02-21 10:21:01.306712
CUST0475,Clothing,Jacket,Leather,358.56,1,No,No,2025-01-18 11:21:32.306712
CUST0469,Clothing,Jeans,Slim,505.48,1,No,No,2025-04-12 14:45:05.306712
CUST0777,Toys,Puzzle,Jigsaw,166.0,3,Yes,No,2025-02-25 21:24:23.306712
CUST0233,Books,Novel,Mystery,1181.95,3,No,No,2025-02-08 16:30:40.306712
CUST0651,Home,Table,Coffee,679.77,3,No,No,2025-02-05 23:22:42.306712
CUST0576,Electronics,Mobile,iOS,319.75,3,No,No,2025-01-26 21:04:59.306712
CUST0344,Toys,Doll,Barbie,282.35,2,No,No,2025-02-16 21:53:28.306712
CUST0040,Clothing,Jacket,Leather,582.2,7,No,No,2025-02-11 15:00:48.306712
CUST0352,Electronics,Headphones,Wireless,580.82,5,No,No,2025-03-09 02:31:07.306712
CUST0097,Home,Chair,Dining,704.72,3,No,No,2025-02-04 13:05:38.306712
CUST0906,Electronics,Mobile,iOS,544.03,4,No,No,2025-03-12 10:26:20.306712
CUST0272,Clothing,T-Shirt,V-Neck,1044.23,2,Yes,No,2025-03-14 17:55:59.306712
CUST0880,Home,Chair,Office,590.63,2,No,No,2025-03-31 22:28:54.306712
CUST0739,Electronics,Mobile,Android,185.04,2,No,No,2025-02-05 17:06:49.306712
CUST0673,Home,Table,Coffee,252.24,2,Yes,No,2025-02-09 04:27:55.306712
CUST0890,Clothing,Jeans,Regular,229.22,3,No,No,2025-01-31 10:28:08.306712
CUST0907,Books,Biography,Historical,458.24,2,No,No,2025-03-08 00:57:55.306712
CUST0445,Books,Novel,Mystery,50.0,1,No,No,2025-01-24 06:52:22.306712
CUST0709,Electronics,Headphones,Wired,431.22,2,No,No,2025-03-02 15:45:23.306712
CUST0229,Toys,Puzzle,3D,287.84,5,No,No,2025-02-16 08:24:33.306712
CUST0300,Home,Chair,Dining,374.92,2,No,No,2025-03-15 20:41:02.306712
CUST0775,Books,Novel,Fiction,591.08,3,No,No,2025-03-11 06:25:09.306712
CUST0238,Home,Chair,Office,790.77,3,No,No,2025-02-28 18:50:43.306712
CUST0682,Home,Lamp,Halogen,626.36,0,No,No,2025-02-12 20:45:46.306712
CUST0774,Clothing,Jacket,Denim,762.57,2,Yes,No,2025-03-22 07:54:45.306712
CUST0033,Books,Novel,Mystery,740.64,1,Yes,No,2025-01-31 14:43:29.306712
CUST0557,Electronics,Laptop,Ultrabook,490.53,2,Yes,No,2025-02-01 21:45:40.306712
CUST0254,Books,Biography,Celebrity,272.51,2,Yes,No,2025-01-22 18:39:33.306712
CUST0864,Clothing,T-Shirt,V-Neck,444.19,2,No,No,2025-04-04 03:18:11.306712
CUST0488,Home,Lamp,LED,493.62,3,Yes,No,2025-02-07 11:49:11.306712
CUST0905,Electronics,Mobile,iOS,195.01,2,Yes,No,2025-01-16 07:11:17.306712
CUST0527,Home,Table,Coffee,473.99,2,No,No,2025-03-04 03:18:01.306712
CUST1000,Books,Biography,Historical,666.38,0,No,No,2025-01-14 21:05:37.306712
CUST0604,Toys,Puzzle,3D,50.0,5,No,No,2025-03-09 22:46:29.306712
CUST0240,Electronics,Headphones,Wired,386.53,4,No,No,2025-02-05 20:36:18.306712
CUST0021,Clothing,Jacket,Denim,561.99,0,No,No,2025-01-20 16:03:37.306712
CUST0447,Books,Novel,Mystery,941.62,4,No,No,2025-02-15 02:10:33.306712
CUST0034,Home,Table,Coffee,656.23,4,Yes,No,2025-01-25 15:34:21.306712
CUST0937,Books,Biography,Historical,442.44,3,No,No,2025-03-20 05:01:27.306712
CUST0824,Electronics,Mobile,Android,633.48,2,No,No,2025-02-09 17:34:27.306712
CUST0801,Clothing,Jacket,Leather,308.57,5,No,No,2025-02-12 11:14:14.306712
CUST0515,Home,Chair,Dining,100.92,1,No,No,2025-03-17 15:18:28.306712
CUST0156,Electronics,Mobile,iOS,671.34,2,No,No,2025-03-13 12:29:39.306712
CUST0836,Clothing,Jeans,Regular,616.32,1,No,No,2025-02-18 01:40:03.306712
CUST0048,Clothing,Jacket,Leather,893.59,4,Yes,No,2025-02-05 13:43:30.306712
CUST0110,Clothing,Jeans,Slim,362.04,3,No,No,2025-02-28 06:35:54.306712
CUST0371,Home,Lamp,Halogen,460.64,6,Yes,Yes,2025-03-13 09:09:58.306712
CUST0625,Electronics,Mobile,iOS,540.84,8,Yes,Yes,2025-01-15 20:47:06.306712
CUST0767,Home,Table,Study,441.4,1,Yes,No,2025-02-01 08:26:49.306712
CUST0917,Electronics,Headphones,Wireless,533.72,3,No,No,2025-03-17 07:34:50.306712
CUST0307,Clothing,Jeans,Regular,204.86,5,No,No,2025-02-04 08:32:43.306712
CUST0938,Electronics,Mobile,Android,368.62,6,No,No,2025-03-19 00:32:05.306712
CUST0600,Books,Biography,Historical,456.98,5,No,No,2025-03-20 08:31:51.306712
CUST0658,Electronics,Laptop,Gaming,638.6,4,Yes,Yes,2025-03-20 20:27:10.306712
CUST0599,Electronics,Headphones,Wired,279.62,1,No,No,2025-03-13 05:51:11.306712
CUST0130,Books,Biography,Historical,204.63,5,No,No,2025-04-11 19:57:40.306712
CUST0463,Clothing,T-Shirt,Round Neck,251.97,2,No,No,2025-04-05 05:51:41.306712
CUST0438,Clothing,Jacket,Leather,422.57,1,No,No,2025-03-26 17:00:25.306712
CUST0055,Toys,Doll,Barbie,459.81,2,No,No,2025-04-03 03:09:58.306712
CUST0634,Clothing,T-Shirt,Round Neck,819.02,6,No,No,2025-03-12 03:37:56.306712
CUST0564,Clothing,Jeans,Slim,61.11,4,No,No,2025-03-30 21:41:11.306712
CUST0330,Books,Novel,Mystery,523.09,1,Yes,No,2025-02-24 18:10:25.306712
CUST0797,Books,Novel,Fiction,489.16,1,No,No,2025-02-17 08:41:50.306712
CUST0141,Toys,Car,Remote Control,161.86,3,Yes,Yes,2025-02-25 10:18:06.306712
CUST0659,Home,Lamp,LED,686.62,3,No,No,2025-02-18 17:43:40.306712
CUST0885,Clothing,T-Shirt,V-Neck,363.85,4,No,No,2025-02-09 03:03:01.306712
CUST0326,Electronics,Mobile,Android,674.4,2,No,No,2025-01-14 01:53:58.306712
CUST0135,Books,Textbook,Math,261.19,2,No,No,2025-03-08 22:10:17.306712
CUST0507,Toys,Car,Electric,809.37,2,No,No,2025-04-09 15:11:18.306712
CUST0219,Home,Table,Study,549.13,6,No,No,2025-04-08 23:54:37.306712
CUST0057,Clothing,Jacket,Denim,665.51,2,Yes,No,2025-03-03 08:16:27.306712
CUST0410,Books,Biography,Historical,339.64,3,No,No,2025-02-05 14:10:32.306712
CUST0665,Electronics,Laptop,Gaming,195.03,3,No,No,2025-03-13 04:59:30.306712
CUST0800,Clothing,Jeans,Regular,444.48,5,No,No,2025-03-21 00:00:15.306712
CUST0707,Books,Textbook,Science,400.37,2,No,No,2025-02-11 09:39:15.306712
CUST0641,Electronics,Headphones,Wireless,487.71,3,No,No,2025-02-05 19:39:38.306712
CUST0808,Books,Textbook,Math,372.21,4,Yes,Yes,2025-04-09 18:56:36.306712
CUST0250,Toys,Car,Electric,670.01,2,Yes,No,2025-02-25 20:24:22.306712
CUST0177,Electronics,Mobile,iOS,293.91,4,Yes,Yes,2025-02-06 06:05:05.306712
CUST0288,Books,Novel,Fiction,430.04,1,No,No,2025-03-07 11:17:26.306712
CUST0318,Clothing,T-Shirt,Round Neck,282.88,3,No,No,2025-01-23 01:49:00.306712
CUST0241,Toys,Car,Electric,302.86,5,No,No,2025-02-17 14:56:08.306712
CUST0816,Clothing,T-Shirt,Round Neck,830.59,1,No,No,2025-03-29 08:38:29.306712
CUST0564,Clothing,Jacket,Leather,352.96,2,Yes,No,2025-04-09 02:12:29.306712
CUST0771,Books,Textbook,Math,630.56,5,No,No,2025-03-24 18:27:47.306712
CUST0799,Books,Novel,Mystery,809.06,8,No,No,2025-04-05 04:05:52.306712
CUST0010,Clothing,Jacket,Leather,315.31,2,Yes,No,2025-03-17 11:20:46.306712
CUST0961,Books,Novel,Mystery,567.74,5,Yes,No,2025-02-27 17:43:35.306712
CUST0768,Toys,Car,Remote Control,233.76,2,No,No,2025-03-17 10:11:19.306712
CUST0498,Books,Biography,Historical,232.91,6,Yes,Yes,2025-01-15 18:06:35.306712
CUST0363,Clothing,T-Shirt,V-Neck,881.59,2,No,No,2025-03-22 08:24:21.306712
CUST0735,Electronics,Mobile,iOS,545.4,4,Yes,No,2025-02-26 20:30:40.306712
CUST0117,Books,Novel,Mystery,293.83,3,No,No,2025-03-08 22:33:40.306712
CUST0374,Electronics,Headphones,Wired,201.95,7,Yes,Yes,2025-02-03 13:07:47.306712
CUST0470,Electronics,Headphones,Wired,235.25,4,No,No,2025-01-21 08:46:31.306712
CUST0784,Electronics,Headphones,Wireless,766.24,0,No,No,2025-03-14 22:04:11.306712
CUST0272,Home,Lamp,Halogen,589.89,4,Yes,No,2025-02-23 07:36:30.306712
CUST0621,Books,Novel,Mystery,333.79,2,Yes,No,2025-02-15 22:03:10.306712
CUST0347,Books,Novel,Fiction,822.08,7,Yes,Yes,2025-03-02 21:49:44.306712
CUST0081,Clothing,Jeans,Regular,206.47,2,Yes,No,2025-03-25 19:23:18.306712
CUST0701,Electronics,Headphones,Wired,325.29,2,No,No,2025-03-27 08:01:23.306712
CUST0145,Books,Novel,Mystery,130.81,1,No,No,2025-02-21 10:06:54.306712
CUST0110,Clothing,Jacket,Denim,270.6,3,No,No,2025-03-28 18:34:37.306712
CUST0850,Books,Biography,Historical,690.66,1,No,No,2025-01-15 23:03:38.306712
CUST0382,Home,Lamp,LED,211.8,2,No,No,2025-02-27 01:12:18.306712
CUST0101,Clothing,Jacket,Denim,759.04,1,No,No,2025-03-27 01:51:45.306712
CUST0294,Electronics,Mobile,Android,365.9,0,Yes,No,2025-02-03 14:48:59.306712
CUST0704,Home,Table,Study,508.46,2,No,No,2025-01-20 04:37:42.306712
CUST0310,Home,Lamp,Halogen,349.53,6,Yes,Yes,2025-02-23 16:48:22.306712
CUST0210,Clothing,T-Shirt,V-Neck,685.84,1,Yes,No,2025-03-20 12:39:45.306712
CUST0114,Electronics,Laptop,Ultrabook,474.98,4,No,No,2025-03-30 03:43:07.306712
CUST0100,Home,Chair,Office,525.2,1,Yes,No,2025-02-18 21:04:03.306712
CUST0191,Home,Table,Coffee,380.6,3,No,No,2025-01-24 10:47:58.306712
CUST0616,Books,Textbook,Science,562.81,3,Yes,Yes,2025-04-13 03:08:18.306712
CUST0426,Home,Lamp,LED,1048.73,2,No,No,2025-04-05 05:32:57.306712
CUST0257,Books,Biography,Celebrity,339.71,4,No,No,2025-03-06 19:20:32.306712
CUST0579,Books,Textbook,Science,216.65,6,No,No,2025-01-15 15:06:36.306712
CUST0222,Books,Textbook,Math,590.64,4,Yes,Yes,2025-02-09 12:41:49.306712
CUST0555,Clothing,Jeans,Slim,639.51,4,No,No,2025-02-21 11:54:54.306712
CUST0747,Clothing,Jacket,Leather,424.64,5,No,No,2025-03-28 19:57:52.306712
CUST0353,Toys,Puzzle,Jigsaw,1084.71,1,Yes,No,2025-03-30 04:29:07.306712
CUST0978,Toys,Puzzle,Jigsaw,1051.55,1,No,No,2025-03-01 08:38:05.306712
CUST0958,Electronics,Laptop,Ultrabook,636.19,5,No,No,2025-03-12 14:21:56.306712
CUST0229,Home,Chair,Office,473.97,1,No,No,2025-04-11 15:37:44.306712
CUST0271,Electronics,Laptop,Gaming,525.51,4,No,No,2025-03-10 17:23:30.306712
CUST0097,Electronics,Headphones,Wired,580.32,0,No,No,2025-01-30 01:07:13.306712
CUST0132,Toys,Puzzle,3D,886.94,1,Yes,No,2025-03-01 02:15:00.306712
CUST0128,Toys,Puzzle,Jigsaw,211.26,5,Yes,Yes,2025-01-24 14:20:12.306712
CUST0458,Toys,Doll,Barbie,521.61,2,Yes,No,2025-04-05 20:08:38.306712
CUST0848,Books,Biography,Celebrity,337.67,2,No,No,2025-03-05 13:27:07.306712
CUST0628,Toys,Car,Remote Control,611.91,5,Yes,No,2025-02-28 19:50:32.306712
CUST0916,Home,Table,Study,360.35,3,Yes,No,2025-01-19 00:44:32.306712
CUST0324,Clothing,T-Shirt,Round Neck,661.14,4,No,No,2025-03-02 02:45:34.306712
CUST0128,Electronics,Laptop,Ultrabook,921.58,3,Yes,No,2025-02-23 01:04:05.306712
CUST0365,Toys,Car,Electric,676.04,8,No,No,2025-03-08 04:32:00.306712
CUST0635,Toys,Car,Electric,480.19,3,No,No,2025-04-10 01:16:53.306712
CUST0992,Electronics,Laptop,Gaming,265.77,4,No,No,2025-03-02 07:50:50.306712
CUST0217,Home,Lamp,LED,585.45,3,No,No,2025-01-22 16:53:56.306712
CUST0418,Clothing,T-Shirt,Round Neck,268.68,8,No,No,2025-03-12 09:51:45.306712
CUST0473,Home,Lamp,Halogen,798.95,4,No,No,2025-04-02 22:13:27.306712
CUST0183,Books,Novel,Mystery,490.03,2,No,No,2025-03-12 10:34:30.306712
CUST0313,Toys,Doll,Barbie,640.23,3,No,No,2025-03-01 21:19:57.306712
CUST0936,Toys,Car,Electric,578.0,2,No,No,2025-01-22 02:50:28.306712
CUST0588,Clothing,Jacket,Leather,508.07,3,Yes,Yes,2025-01-29 16:37:01.306712
CUST0715,Electronics,Mobile,Android,159.73,2,Yes,No,2025-03-16 22:30:18.306712
CUST0844,Electronics,Laptop,Gaming,512.2,4,No,No,2025-02-23 20:53:47.306712
CUST0506,Home,Chair,Office,879.47,0,No,No,2025-01-24 15:58:59.306712
CUST0399,Clothing,Jacket,Leather,300.43,4,No,No,2025-02-23 10:34:54.306712
CUST0944,Electronics,Mobile,Android,588.26,7,No,No,2025-02-28 03:51:44.306712
CUST0629,Toys,Doll,Action,325.64,4,Yes,No,2025-03-27 17:52:42.306712
CUST0869,Electronics,Laptop,Gaming,572.82,2,Yes,No,2025-02-06 01:40:12.306712
CUST0488,Clothing,Jacket,Denim,277.34,2,No,No,2025-03-27 07:12:40.306712
CUST0303,Home,Table,Study,305.1,3,No,No,2025-03-03 09:29:36.306712
CUST0231,Home,Table,Study,495.23,2,No,No,2025-04-11 06:13:15.306712
CUST0991,Clothing,Jacket,Leather,587.4,3,No,No,2025-01-28 09:03:50.306712
CUST0494,Home,Table,Coffee,579.29,3,Yes,No,2025-01-28 11:20:39.306712
CUST0149,Home,Lamp,LED,589.92,2,No,No,2025-02-25 00:41:18.306712
CUST0829,Home,Chair,Office,596.39,2,Yes,No,2025-02-13 20:04:49.306712
CUST0572,Electronics,Headphones,Wired,414.02,1,No,No,2025-04-04 07:04:08.306712
CUST0506,Books,Novel,Fiction,70.58,2,Yes,No,2025-04-03 00:22:42.306712
CUST0721,Clothing,Jacket,Leather,804.16,0,No,No,2025-02-21 21:49:18.306712
CUST0831,Electronics,Mobile,iOS,519.11,3,Yes,Yes,2025-03-12 14:11:18.306712
CUST0268,Home,Lamp,LED,105.83,4,No,No,2025-04-03 14:09:33.306712
CUST0213,Toys,Doll,Action,503.03,0,No,No,2025-02-05 04:53:19.306712
CUST0097,Home,Lamp,LED,614.08,0,No,No,2025-03-29 20:22:06.306712
CUST0054,Toys,Puzzle,Jigsaw,110.84,0,No,No,2025-04-10 09:08:06.306712
CUST0791,Books,Textbook,Science,400.18,4,No,No,2025-03-05 02:57:26.306712
CUST0678,Home,Table,Coffee,408.42,3,Yes,No,2025-02-24 03:01:35.306712
CUST0713,Home,Lamp,Halogen,693.35,0,No,No,2025-01-26 16:11:57.306712
CUST0645,Home,Table,Coffee,433.25,4,Yes,No,2025-03-27 06:06:01.306712
CUST0626,Toys,Puzzle,Jigsaw,100.76,1,Yes,No,2025-02-27 06:10:55.306712
CUST0496,Clothing,Jeans,Slim,258.9,3,Yes,Yes,2025-03-03 20:26:44.306712
CUST0066,Electronics,Mobile,Android,492.57,0,No,No,2025-03-14 20:52:05.306712
CUST0482,Clothing,Jeans,Regular,648.13,1,No,No,2025-01-16 07:16:15.306712
CUST0490,Clothing,T-Shirt,V-Neck,758.13,4,No,No,2025-03-18 06:48:07.306712
CUST0232,Home,Chair,Office,434.48,4,No,No,2025-02-12 04:22:16.306712
CUST0136,Clothing,Jacket,Leather,649.05,3,No,No,2025-03-25 20:49:06.306712
CUST0872,Home,Chair,Office,385.02,1,Yes,No,2025-04-02 05:24:21.306712
CUST0829,Electronics,Laptop,Gaming,897.58,5,Yes,Yes,2025-02-05 07:03:56.306712
CUST0445,Home,Lamp,LED,645.91,3,Yes,Yes,2025-03-07 08:27:42.306712
CUST0103,Home,Lamp,Halogen,662.82,5,No,No,2025-01-29 20:07:36.306712
CUST0304,Toys,Doll,Barbie,624.51,2,No,No,2025-03-19 12:01:18.306712
CUST0685,Electronics,Mobile,iOS,611.25,3,No,No,2025-02-06 06:16:46.306712
CUST0828,Home,Chair,Dining,772.66,0,No,No,2025-02-25 03:39:16.306712
CUST0422,Home,Table,Coffee,377.64,3,No,No,2025-01-24 23:11:51.306712
CUST0685,Toys,Doll,Barbie,460.8,3,Yes,No,2025-02-22 22:47:00.306712
CUST0281,Electronics,Headphones,Wired,421.73,2,No,No,2025-01-23 12:19:34.306712
CUST0317,Books,Biography,Historical,521.81,2,Yes,No,2025-03-14 19:13:48.306712
CUST0553,Toys,Car,Electric,348.81,4,Yes,No,2025-02-27 21:27:29.306712
CUST0040,Home,Lamp,LED,686.71,5,No,No,2025-02-11 15:26:36.306712
CUST0859,Home,Chair,Office,243.09,4,No,No,2025-03-03 21:15:28.306712
CUST0932,Clothing,Jeans,Slim,50.0,2,No,No,2025-03-19 07:21:00.306712
CUST0924,Electronics,Mobile,Android,533.42,4,No,No,2025-02-13 09:54:31.306712
CUST0393,Home,Table,Study,429.91,3,Yes,Yes,2025-03-10 14:49:23.306712
CUST0608,Clothing,T-Shirt,Round Neck,417.11,2,No,No,2025-02-05 23:46:51.306712
CUST0492,Books,Textbook,Science,459.7,2,Yes,No,2025-02-24 12:39:27.306712
CUST0598,Books,Textbook,Math,819.19,1,No,No,2025-03-29 18:56:22.306712
CUST0172,Toys,Doll,Barbie,919.86,6,No,No,2025-02-05 00:07:54.306712
CUST0551,Books,Novel,Mystery,728.79,3,No,No,2025-01-22 12:35:36.306712
CUST0855,Electronics,Headphones,Wireless,665.73,2,Yes,No,2025-03-13 14:52:41.306712
CUST0694,Electronics,Headphones,Wireless,710.77,6,No,No,2025-03-30 13:45:11.306712
CUST0814,Home,Chair,Dining,458.68,2,Yes,No,2025-03-17 23:26:42.306712
CUST0647,Clothing,Jeans,Slim,463.87,3,No,No,2025-02-19 06:16:46.306712
CUST0435,Clothing,Jacket,Leather,391.76,3,Yes,Yes,2025-02-01 01:59:57.306712
CUST0207,Home,Table,Coffee,621.59,2,No,No,2025-02-05 15:05:06.306712
CUST0264,Clothing,Jeans,Regular,712.12,5,Yes,Yes,2025-03-26 02:52:56.306712
CUST0540,Books,Biography,Celebrity,758.48,4,Yes,No,2025-03-03 19:17:57.306712
CUST0446,Home,Lamp,LED,412.57,3,No,No,2025-02-10 02:37:10.306712
CUST0256,Toys,Puzzle,3D,529.1,2,No,No,2025-03-14 17:25:27.306712
CUST0968,Clothing,Jacket,Denim,304.81,4,No,No,2025-02-15 20:40:27.306712
CUST0022,Books,Biography,Historical,437.03,3,No,No,2025-02-15 12:31:10.306712
CUST0841,Electronics,Headphones,Wired,683.12,2,No,No,2025-01-29 08:13:38.306712
CUST0998,Toys,Car,Remote Control,707.3,4,No,No,2025-03-13 14:45:32.306712
CUST0279,Books,Textbook,Math,494.69,7,No,No,2025-02-06 15:48:18.306712
CUST0583,Books,Textbook,Science,676.31,1,No,No,2025-02-10 00:31:24.306712
CUST0335,Clothing,Jeans,Slim,624.37,3,No,No,2025-04-05 00:23:40.306712
CUST0883,Books,Biography,Celebrity,500.17,4,No,No,2025-01-17 20:35:49.306712
CUST0265,Books,Novel,Fiction,682.15,1,No,No,2025-01-13 22:45:29.306712
CUST0039,Toys,Car,Remote Control,726.68,2,No,No,2025-02-09 02:35:43.306712
CUST0140,Toys,Car,Remote Control,575.07,10,Yes,Yes,2025-02-09 04:27:58.306712
CUST0292,Toys,Car,Remote Control,461.4,4,Yes,No,2025-03-04 15:22:21.306712
CUST0986,Books,Biography,Celebrity,444.96,1,No,No,2025-03-11 16:46:16.306712
CUST0552,Toys,Car,Remote Control,722.17,3,No,No,2025-02-26 21:03:16.306712
CUST0017,Books,Textbook,Math,653.8,2,No,No,2025-02-26 22:25:53.306712
CUST0718,Electronics,Laptop,Gaming,803.37,2,Yes,No,2025-01-21 18:16:28.306712
CUST0867,Home,Table,Study,329.44,0,No,No,2025-04-11 16:25:35.306712
CUST0085,Electronics,Mobile,Android,517.03,1,Yes,No,2025-04-01 00:39:26.306712
CUST0537,Home,Table,Study,247.1,2,No,No,2025-01-23 11:20:41.306712
CUST0345,Books,Biography,Celebrity,667.59,3,Yes,Yes,2025-03-25 04:19:18.306712
CUST0334,Electronics,Headphones,Wired,185.71,3,Yes,Yes,2025-03-25 04:29:53.306712
CUST0518,Books,Novel,Fiction,263.84,2,No,No,2025-02-19 19:49:27.306712
CUST0504,Home,Lamp,LED,671.2,3,Yes,Yes,2025-03-21 22:01:29.306712
CUST0213,Home,Table,Study,722.38,2,No,No,2025-03-10 09:10:33.306712
CUST0530,Home,Chair,Dining,546.79,3,No,No,2025-02-13 23:39:16.306712
CUST0778,Electronics,Headphones,Wired,632.06,1,No,No,2025-03-30 09:19:18.306712
CUST0419,Books,Textbook,Math,371.41,5,No,No,2025-03-01 13:06:17.306712
CUST0352,Home,Chair,Office,493.19,2,No,No,2025-04-03 14:10:52.306712
CUST0730,Home,Chair,Dining,301.96,7,Yes,Yes,2025-04-04 05:35:40.306712
CUST0720,Toys,Car,Electric,581.53,5,No,No,2025-04-10 20:12:32.306712
CUST0340,Books,Novel,Mystery,553.66,3,No,No,2025-01-16 17:46:44.306712
CUST0865,Clothing,Jeans,Slim,203.93,2,No,No,2025-04-07 05:17:01.306712
CUST0699,Clothing,Jacket,Denim,547.93,2,No,No,2025-04-08 02:27:44.306712
CUST0723,Books,Biography,Historical,806.81,3,No,No,2025-03-27 20:48:26.306712
CUST0386,Home,Table,Coffee,497.9,5,Yes,No,2025-03-28 08:30:27.306712
CUST0775,Clothing,Jacket,Denim,254.62,2,Yes,No,2025-03-10 03:19:09.306712
CUST0251,Books,Textbook,Math,304.82,2,Yes,No,2025-03-19 16:08:55.306712
CUST0395,Clothing,Jeans,Regular,636.62,5,Yes,Yes,2025-03-24 10:08:03.306712
CUST0861,Electronics,Mobile,Android,692.52,4,Yes,No,2025-01-27 05:27:35.306712
CUST0450,Toys,Car,Remote Control,592.25,3,Yes,No,2025-01-21 16:04:26.306712
CUST0991,Toys,Car,Electric,351.24,3,No,No,2025-01-13 15:46:33.306712
CUST0778,Home,Table,Study,983.75,4,No,No,2025-01-27 19:44:17.306712
CUST0929,Books,Biography,Celebrity,774.58,4,No,No,2025-03-05 09:37:54.306712
CUST0386,Books,Novel,Fiction,577.22,5,No,No,2025-02-20 02:39:21.306712
CUST0336,Books,Novel,Fiction,989.4,4,Yes,No,2025-03-27 01:40:19.306712
CUST0433,Clothing,Jeans,Regular,397.23,3,No,No,2025-03-20 12:43:24.306712
CUST0289,Clothing,Jacket,Denim,737.77,3,No,No,2025-02-21 15:10:53.306712
CUST0521,Toys,Doll,Barbie,669.28,4,No,No,2025-02-05 02:16:01.306712
CUST0108,Toys,Puzzle,Jigsaw,414.2,5,Yes,Yes,2025-02-18 12:11:26.306712
CUST0451,Books,Novel,Mystery,376.3,1,Yes,No,2025-03-23 20:05:33.306712
CUST0863,Electronics,Laptop,Gaming,501.08,6,No,No,2025-04-04 21:20:45.306712
CUST0128,Books,Biography,Celebrity,333.04,2,No,No,2025-04-07 15:01:47.306712
CUST0366,Books,Biography,Celebrity,198.37,2,No,No,2025-01-30 07:27:33.306712
CUST0692,Books,Novel,Mystery,418.99,7,No,No,2025-02-06 07:06:01.306712
CUST0966,Books,Biography,Celebrity,274.68,5,Yes,No,2025-03-03 23:17:01.306712
CUST0629,Toys,Car,Remote Control,649.38,0,Yes,No,2025-04-02 12:18:02.306712
CUST0508,Home,Lamp,Halogen,604.15,0,No,No,2025-03-14 01:14:16.306712
CUST0280,Home,Table,Coffee,357.03,1,No,No,2025-02-10 04:54:18.306712
CUST0860,Toys,Car,Remote Control,496.55,2,No,No,2025-01-26 22:33:04.306712
CUST0602,Home,Chair,Dining,113.84,6,No,No,2025-03-27 07:36:22.306712
CUST0471,Home,Chair,Office,297.44,3,Yes,Yes,2025-02-27 17:26:01.306712
CUST0430,Toys,Doll,Action,352.4,4,No,No,2025-01-15 22:30:28.306712
CUST0272,Clothing,T-Shirt,V-Neck,570.82,3,No,No,2025-02-23 09:47:11.306712
CUST0479,Home,Chair,Dining,539.8,3,No,No,2025-03-12 10:47:00.306712
CUST0456,Home,Chair,Dining,922.53,4,No,No,2025-01-22 01:52:43.306712
CUST0078,Home,Lamp,LED,451.24,2,No,No,2025-03-17 18:52:04.306712
CUST0796,Clothing,T-Shirt,Round Neck,83.95,3,No,No,2025-03-31 02:09:38.306712
CUST0034,Electronics,Headphones,Wired,453.68,2,Yes,No,2025-03-26 04:58:22.306712
CUST0035,Books,Biography,Celebrity,821.71,6,No,No,2025-02-17 04:13:53.306712
CUST0744,Toys,Puzzle,Jigsaw,455.0,5,No,No,2025-03-26 19:51:49.306712
CUST0298,Home,Lamp,LED,369.48,1,No,No,2025-03-05 12:19:05.306712
CUST0982,Home,Table,Study,240.88,1,Yes,No,2025-02-17 23:46:42.306712
CUST0252,Home,Chair,Office,715.48,4,Yes,No,2025-01-26 03:26:07.306712
CUST0965,Books,Biography,Historical,706.48,2,No,No,2025-03-15 19:13:56.306712
CUST0700,Electronics,Mobile,iOS,319.78,2,No,No,2025-02-27 19:01:40.306712
CUST0030,Toys,Car,Electric,545.15,1,No,No,2025-01-20 07:38:20.306712
CUST0062,Clothing,Jeans,Regular,545.82,3,No,No,2025-04-03 13:21:38.306712
CUST0432,Electronics,Mobile,iOS,290.78,6,Yes,No,2025-01-21 07:25:49.306712
CUST0089,Toys,Puzzle,3D,631.58,3,No,No,2025-03-03 06:50:16.306712
CUST0221,Books,Biography,Celebrity,418.29,3,No,No,2025-02-23 21:45:05.306712
CUST0079,Home,Table,Study,869.84,4,No,No,2025-02-28 04:16:32.306712
CUST0460,Books,Novel,Mystery,599.89,6,No,No,2025-03-04 03:12:06.306712
CUST0499,Electronics,Laptop,Ultrabook,137.85,6,Yes,No,2025-02-22 11:19:11.306712
CUST0410,Books,Textbook,Math,421.19,1,No,No,2025-03-23 06:21:25.306712
CUST0629,Electronics,Headphones,Wired,425.89,4,Yes,No,2025-02-18 07:42:29.306712
CUST0414,Home,Table,Study,362.59,4,Yes,Yes,2025-03-16 19:56:46.306712
CUST0634,Electronics,Laptop,Gaming,552.3,5,Yes,No,2025-03-21 15:52:33.306712
CUST0238,Electronics,Headphones,Wireless,616.66,3,No,No,2025-03-10 06:18:18.306712
CUST0722,Clothing,Jeans,Regular,581.77,5,Yes,No,2025-04-06 13:20:52.306712
CUST0018,Home,Lamp,Halogen,607.99,3,No,No,2025-03-20 13:40:12.306712
CUST0248,Toys,Car,Remote Control,875.81,7,No,No,2025-01-30 11:21:51.306712
CUST0937,Clothing,T-Shirt,V-Neck,314.85,3,Yes,Yes,2025-01-20 00:51:55.306712
CUST0222,Electronics,Headphones,Wired,522.77,2,No,No,2025-02-19 00:34:12.306712
CUST0034,Home,Lamp,Halogen,185.44,3,No,No,2025-02-26 07:15:53.306712
CUST0889,Clothing,T-Shirt,Round Neck,421.56,4,No,No,2025-02-07 02:30:16.306712
CUST0465,Toys,Doll,Barbie,663.82,2,No,No,2025-02-07 20:43:33.306712
CUST0467,Home,Lamp,LED,623.21,5,Yes,Yes,2025-02-14 06:53:58.306712
CUST0621,Home,Lamp,LED,877.57,0,No,No,2025-01-15 03:05:07.306712
CUST0953,Clothing,Jacket,Leather,246.22,0,No,No,2025-03-30 12:56:10.306712
CUST0517,Books,Textbook,Math,600.41,3,No,No,2025-04-04 21:35:19.306712
CUST0366,Electronics,Headphones,Wired,444.27,4,No,No,2025-02-22 16:00:21.306712
CUST0318,Books,Biography,Celebrity,582.39,3,No,No,2025-01-22 18:45:40.306712
CUST0209,Electronics,Mobile,iOS,50.0,4,No,No,2025-01-20 22:07:18.306712
CUST0518,Clothing,T-Shirt,Round Neck,573.29,1,No,No,2025-02-17 00:12:27.306712
CUST0527,Home,Chair,Dining,346.91,1,No,No,2025-04-10 22:59:22.306712
CUST0968,Books,Biography,Historical,372.97,1,No,No,2025-02-16 10:02:27.306712
CUST0216,Toys,Car,Remote Control,370.61,1,Yes,No,2025-03-16 10:08:24.306712
CUST0172,Electronics,Laptop,Ultrabook,396.06,1,No,No,2025-02-15 21:08:39.306712
CUST0898,Toys,Car,Electric,694.88,1,No,No,2025-04-02 00:56:58.306712
CUST0592,Toys,Doll,Barbie,547.72,4,Yes,No,2025-03-08 07:07:00.306712
CUST0385,Home,Lamp,LED,1008.41,3,No,No,2025-02-19 02:11:08.306712
CUST0472,Home,Table,Coffee,193.41,3,No,No,2025-02-03 09:29:46.306712
CUST0551,Clothing,T-Shirt,Round Neck,450.28,1,No,No,2025-02-12 16:59:54.306712
CUST0546,Toys,Puzzle,Jigsaw,633.05,1,No,No,2025-03-25 14:40:36.306712
CUST0057,Clothing,Jacket,Leather,864.05,4,No,No,2025-04-03 00:53:59.306712
CUST0265,Books,Novel,Mystery,686.65,2,No,No,2025-01-25 20:26:54.306712
CUST0721,Toys,Puzzle,3D,92.72,6,No,No,2025-04-12 07:40:20.306712
CUST0161,Electronics,Headphones,Wired,592.69,2,No,No,2025-03-10 06:15:44.306712
CUST0475,Clothing,T-Shirt,Round Neck,775.21,3,No,No,2025-01-30 08:13:38.306712
CUST0065,Toys,Doll,Barbie,771.13,4,Yes,Yes,2025-02-01 06:22:18.306712
CUST0303,Electronics,Mobile,iOS,88.21,4,No,No,2025-03-24 18:36:46.306712
CUST0412,Electronics,Mobile,Android,579.4,5,Yes,Yes,2025-04-09 04:56:03.306712
CUST0657,Home,Lamp,LED,584.09,2,Yes,No,2025-04-05 22:27:24.306712
CUST0056,Electronics,Laptop,Gaming,79.41,4,No,No,2025-01-17 07:03:30.306712
CUST0195,Electronics,Laptop,Ultrabook,399.83,5,No,No,2025-01-14 12:06:57.306712
CUST0461,Books,Textbook,Math,485.18,2,No,No,2025-03-19 17:25:11.306712
CUST0730,Electronics,Mobile,iOS,667.57,2,Yes,No,2025-02-17 12:22:24.306712
CUST0629,Toys,Doll,Action,463.66,3,No,No,2025-02-13 13:18:44.306712
CUST0468,Books,Textbook,Science,253.04,5,Yes,Yes,2025-04-01 04:50:59.306712
CUST0313,Home,Lamp,LED,641.37,4,No,No,2025-03-30 12:55:23.306712
CUST0572,Clothing,Jacket,Leather,517.0,6,No,No,2025-01-27 05:35:32.306712
CUST0417,Toys,Car,Remote Control,526.58,3,Yes,Yes,2025-01-18 20:32:21.306712
CUST0427,Home,Table,Coffee,50.0,2,No,No,2025-03-14 12:32:03.306712
CUST0940,Electronics,Mobile,iOS,595.54,5,Yes,No,2025-04-12 14:38:23.306712
CUST0712,Books,Textbook,Science,860.64,4,No,No,2025-03-21 12:04:08.306712
CUST0631,Electronics,Mobile,Android,459.96,2,Yes,No,2025-04-10 10:06:10.306712
CUST0772,Toys,Car,Electric,319.86,1,Yes,No,2025-01-29 01:06:57.306712
CUST0681,Home,Chair,Office,905.99,2,No,No,2025-02-21 18:45:00.306712
CUST0549,Clothing,Jeans,Slim,607.66,4,Yes,Yes,2025-01-21 15:16:50.306712
CUST0649,Books,Biography,Celebrity,381.4,1,No,No,2025-01-30 01:29:38.306712
CUST0666,Books,Textbook,Science,432.63,2,No,No,2025-01-27 16:25:52.306712
CUST0032,Toys,Puzzle,3D,50.0,4,Yes,Yes,2025-04-01 03:28:37.306712
CUST0955,Electronics,Headphones,Wireless,255.18,2,No,No,2025-01-14 14:07:08.306712
CUST0354,Toys,Puzzle,Jigsaw,523.83,0,No,No,2025-03-18 18:53:14.306712
CUST0819,Home,Lamp,LED,731.28,1,No,No,2025-03-28 07:16:40.306712
CUST0136,Toys,Car,Remote Control,207.71,4,No,No,2025-01-18 06:44:40.306712
CUST0721,Clothing,T-Shirt,Round Neck,506.91,0,No,No,2025-01-16 11:17:06.306712
CUST0048,Books,Biography,Celebrity,225.58,6,Yes,No,2025-03-25 20:54:48.306712
CUST0132,Home,Chair,Dining,630.82,3,Yes,No,2025-01-27 13:29:21.306712
CUST0625,Home,Chair,Dining,346.09,3,No,No,2025-02-15 00:03:22.306712
CUST0191,Electronics,Laptop,Gaming,188.65,3,No,No,2025-03-23 02:27:33.306712
CUST0953,Clothing,Jacket,Denim,286.47,1,Yes,No,2025-01-15 01:20:04.306712
CUST0826,Books,Novel,Mystery,274.35,2,Yes,No,2025-03-08 03:25:45.306712
CUST0030,Clothing,T-Shirt,V-Neck,361.12,3,No,No,2025-01-14 18:00:48.306712
CUST0429,Home,Lamp,Halogen,298.32,4,No,No,2025-02-08 02:10:41.306712
CUST0462,Books,Textbook,Science,138.33,3,No,No,2025-01-17 13:16:20.306712
CUST0736,Toys,Puzzle,3D,593.89,5,No,No,2025-04-08 00:54:16.306712
CUST0086,Toys,Car,Remote Control,440.28,7,No,No,2025-02-24 19:20:37.306712
CUST0402,Home,Chair,Office,395.88,3,Yes,Yes,2025-02-20 06:28:17.306712
CUST0338,Home,Lamp,LED,470.51,4,No,No,2025-02-03 22:08:18.306712
CUST0528,Toys,Doll,Action,378.88,3,No,No,2025-03-25 04:34:37.306712
CUST0902,Books,Biography,Celebrity,450.34,1,Yes,No,2025-03-22 04:55:42.306712
CUST0934,Toys,Car,Electric,73.9,3,No,No,2025-01-20 16:47:41.306712
CUST0211,Books,Textbook,Math,370.28,1,No,No,2025-02-22 23:09:39.306712
CUST0663,Clothing,T-Shirt,Round Neck,602.94,2,No,No,2025-04-09 09:45:03.306712
CUST0091,Electronics,Headphones,Wireless,755.93,1,No,No,2025-03-08 11:48:18.306712
CUST0392,Electronics,Laptop,Ultrabook,361.22,4,No,No,2025-04-04 03:53:29.306712
CUST0604,Home,Table,Study,421.2,3,No,No,2025-04-11 03:17:51.306712
CUST0904,Electronics,Headphones,Wireless,672.93,2,Yes,No,2025-02-03 07:36:05.306712
CUST0522,Electronics,Mobile,iOS,217.89,4,No,No,2025-01-25 06:44:32.306712
CUST0779,Home,Table,Study,310.84,2,No,No,2025-03-25 08:52:54.306712
CUST0252,Toys,Puzzle,3D,124.65,4,No,No,2025-02-12 09:59:11.306712
CUST0076,Toys,Car,Electric,499.98,2,No,No,2025-02-07 17:08:59.306712
CUST0471,Toys,Car,Electric,668.35,6,Yes,No,2025-02-05 03:57:59.306712
CUST0316,Books,Novel,Fiction,625.2,2,No,No,2025-03-11 15:33:43.306712
CUST0368,Electronics,Headphones,Wired,508.65,3,No,No,2025-02-28 13:14:34.306712
CUST0221,Electronics,Headphones,Wired,487.92,3,No,No,2025-03-25 06:13:33.306712
CUST0227,Clothing,Jacket,Denim,576.75,3,Yes,Yes,2025-04-01 22:34:42.306712
CUST0570,Home,Table,Study,270.77,2,No,No,2025-04-02 14:34:22.306712
CUST0642,Toys,Car,Remote Control,355.66,2,Yes,No,2025-04-04 13:13:28.306712
CUST0819,Home,Lamp,LED,697.06,4,No,No,2025-03-12 01:59:41.306712
CUST0913,Clothing,Jeans,Slim,401.59,4,No,No,2025-04-08 05:35:41.306712
CUST0908,Clothing,Jacket,Leather,299.49,3,No,No,2025-03-24 02:42:34.306712
CUST0550,Electronics,Mobile,Android,445.05,1,No,No,2025-01-28 11:39:33.306712
CUST0252,Home,Chair,Office,716.67,3,Yes,Yes,2025-03-04 00:28:44.306712
CUST0527,Home,Lamp,Halogen,577.43,2,No,No,2025-03-20 16:13:53.306712
CUST0965,Books,Biography,Celebrity,629.79,3,Yes,No,2025-03-03 06:50:11.306712
CUST0019,Toys,Doll,Action,482.61,2,No,No,2025-02-13 23:03:17.306712
CUST0821,Toys,Puzzle,3D,625.78,2,No,No,2025-02-08 14:33:11.306712
CUST0752,Home,Table,Study,438.18,2,No,No,2025-04-04 04:27:28.306712
CUST0589,Books,Biography,Historical,706.72,2,No,No,2025-01-21 05:05:58.306712
CUST0237,Home,Table,Coffee,659.39,2,No,No,2025-01-21 09:19:14.306712
CUST0961,Books,Biography,Celebrity,574.04,2,No,No,2025-03-20 21:17:22.306712
CUST0807,Home,Table,Coffee,635.67,4,Yes,No,2025-03-22 11:22:02.306712
CUST0638,Books,Biography,Celebrity,203.57,4,Yes,No,2025-01-21 22:53:35.306712
CUST0991,Electronics,Headphones,Wired,349.64,3,No,No,2025-03-05 15:11:00.306712
CUST0396,Clothing,Jeans,Regular,547.48,1,No,No,2025-02-13 21:23:01.306712
CUST0779,Electronics,Headphones,Wireless,703.3,5,No,No,2025-03-31 04:49:23.306712
CUST0632,Toys,Doll,Action,445.08,4,No,No,2025-02-07 11:27:21.306712
CUST0343,Clothing,Jeans,Regular,90.34,4,Yes,Yes,2025-02-13 09:52:46.306712
CUST0074,Home,Table,Study,395.3,4,No,No,2025-02-12 16:08:23.306712
CUST0909,Electronics,Headphones,Wired,557.42,2,Yes,No,2025-02-25 06:52:25.306712
CUST0543,Toys,Doll,Barbie,515.66,2,No,No,2025-03-24 16:02:30.306712
CUST0009,Electronics,Headphones,Wireless,330.77,4,Yes,Yes,2025-03-03 11:20:43.306712
CUST0838,Clothing,T-Shirt,Round Neck,531.72,2,No,No,2025-02-20 22:57:17.306712
CUST0804,Clothing,T-Shirt,Round Neck,1072.06,2,Yes,No,2025-03-28 03:52:12.306712
CUST0755,Home,Table,Study,342.18,5,Yes,No,2025-01-28 13:55:22.306712
CUST0177,Home,Chair,Office,703.95,1,No,No,2025-03-05 09:58:08.306712
CUST0288,Toys,Car,Electric,405.82,2,Yes,No,2025-02-12 03:37:29.306712
CUST0791,Toys,Puzzle,3D,516.5,3,Yes,Yes,2025-03-08 05:28:40.306712
CUST0050,Toys,Car,Remote Control,616.06,1,No,No,2025-02-24 19:54:30.306712
CUST0671,Electronics,Mobile,Android,626.07,4,Yes,Yes,2025-03-31 13:30:10.306712
CUST0209,Clothing,Jeans,Slim,516.7,4,Yes,Yes,2025-04-06 10:56:25.306712
CUST0342,Clothing,Jeans,Slim,491.24,2,Yes,No,2025-02-18 21:22:52.306712
CUST0814,Toys,Doll,Action,448.66,1,No,No,2025-03-27 00:32:13.306712
CUST0498,Electronics,Laptop,Ultrabook,438.45,1,No,No,2025-02-07 20:52:34.306712
CUST0280,Books,Novel,Mystery,1359.77,4,Yes,Yes,2025-01-28 11:36:34.306712
CUST0914,Books,Novel,Mystery,269.39,3,No,No,2025-03-01 13:17:55.306712
CUST0877,Home,Table,Study,443.13,1,Yes,No,2025-03-15 23:10:49.306712
CUST0718,Clothing,Jeans,Slim,805.44,5,No,No,2025-01-18 04:13:52.306712
CUST0645,Home,Table,Coffee,587.75,3,Yes,Yes,2025-03-22 03:46:46.306712
CUST0874,Home,Table,Coffee,600.91,3,No,No,2025-01-23 21:43:45.306712
CUST0614,Clothing,Jacket,Denim,617.61,7,Yes,Yes,2025-03-26 05:55:50.306712
CUST0642,Clothing,Jacket,Denim,315.21,6,No,No,2025-03-26 03:32:50.306712
CUST0044,Clothing,T-Shirt,V-Neck,147.31,3,No,No,2025-02-13 16:08:41.306712
CUST0740,Clothing,Jacket,Leather,453.91,4,Yes,No,2025-03-19 21:45:05.306712
CUST0510,Books,Biography,Celebrity,488.29,2,No,No,2025-03-07 19:31:01.306712
CUST0143,Electronics,Mobile,iOS,305.4,5,No,No,2025-01-31 05:12:30.306712
CUST0427,Home,Chair,Dining,295.89,4,No,No,2025-02-21 02:49:42.306712
CUST0490,Toys,Doll,Action,350.78,4,Yes,No,2025-01-13 18:05:30.306712
CUST0457,Toys,Car,Electric,396.0,4,Yes,No,2025-04-04 02:33:32.306712
CUST0352,Electronics,Headphones,Wireless,586.44,2,No,No,2025-03-13 10:57:49.306712
CUST0517,Electronics,Laptop,Ultrabook,903.61,2,No,No,2025-02-18 21:11:11.306712
CUST0380,Electronics,Mobile,iOS,375.12,3,No,No,2025-02-11 12:46:18.306712
CUST0099,Home,Table,Coffee,460.66,4,No,No,2025-02-15 10:15:11.306712
CUST0211,Electronics,Laptop,Ultrabook,683.06,4,Yes,No,2025-01-30 18:36:22.306712
CUST0533,Clothing,Jacket,Denim,849.45,5,Yes,No,2025-02-28 17:03:23.306712
CUST0279,Books,Biography,Celebrity,50.0,2,No,No,2025-02-16 12:56:15.306712
CUST0389,Home,Table,Coffee,574.5,3,No,No,2025-03-01 05:57:56.306712
CUST0020,Home,Lamp,Halogen,592.29,3,No,No,2025-03-24 22:14:11.306712
CUST0628,Home,Table,Coffee,351.13,2,No,No,2025-03-16 12:21:26.306712
CUST0856,Home,Chair,Dining,596.31,3,No,No,2025-03-06 15:36:14.306712
CUST0483,Books,Novel,Mystery,450.92,1,No,No,2025-04-06 23:44:08.306712
CUST0421,Toys,Puzzle,Jigsaw,557.31,4,Yes,No,2025-04-04 02:24:05.306712
CUST0597,Home,Table,Coffee,195.08,5,No,No,2025-03-01 18:42:26.306712
CUST0415,Clothing,Jeans,Slim,501.9,3,No,No,2025-02-16 01:54:51.306712
CUST0216,Home,Table,Study,341.55,0,No,No,2025-02-27 19:30:29.306712
CUST0128,Electronics,Headphones,Wireless,448.89,1,Yes,No,2025-01-24 04:01:50.306712
CUST0127,Home,Table,Study,258.93,3,No,No,2025-02-27 09:32:26.306712
CUST0466,Clothing,Jeans,Regular,561.88,3,No,No,2025-02-05 20:21:20.306712
CUST0680,Electronics,Headphones,Wired,415.39,2,No,No,2025-03-21 21:53:07.306712
CUST0550,Books,Novel,Fiction,482.63,1,No,No,2025-02-16 17:20:52.306712
CUST0966,Home,Lamp,Halogen,521.51,1,No,No,2025-02-21 11:16:38.306712
CUST0261,Electronics,Mobile,iOS,330.3,3,Yes,Yes,2025-03-25 12:05:19.306712
CUST0650,Books,Biography,Historical,707.25,5,No,No,2025-02-20 17:08:30.306712
CUST0547,Home,Table,Study,544.35,5,No,No,2025-02-27 21:46:21.306712
CUST0220,Toys,Car,Remote Control,446.21,1,No,No,2025-01-28 05:34:08.306712
CUST0244,Clothing,Jacket,Denim,480.8,4,Yes,No,2025-02-16 10:38:17.306712
CUST0566,Electronics,Headphones,Wired,228.82,1,No,No,2025-03-01 16:37:39.306712
CUST0765,Toys,Doll,Action,479.34,2,No,No,2025-02-17 16:00:54.306712
CUST0951,Toys,Puzzle,3D,548.77,1,No,No,2025-02-21 13:58:58.306712
CUST0046,Clothing,Jacket,Denim,732.1,3,No,No,2025-03-15 11:42:38.306712
CUST0656,Electronics,Mobile,iOS,482.7,4,No,No,2025-01-29 18:50:29.306712
CUST0245,Clothing,Jacket,Denim,770.58,6,No,No,2025-02-25 14:53:21.306712
CUST0002,Home,Chair,Dining,627.05,2,No,No,2025-01-23 09:19:28.306712
CUST0258,Books,Textbook,Science,497.87,2,Yes,No,2025-03-16 00:35:36.306712
CUST0734,Electronics,Laptop,Ultrabook,515.97,3,No,No,2025-03-19 12:06:44.306712
CUST0605,Books,Textbook,Math,621.31,0,No,No,2025-02-10 17:55:21.306712
CUST0128,Toys,Doll,Action,738.3,4,Yes,No,2025-01-17 13:27:48.306712
CUST0531,Clothing,Jeans,Regular,663.25,1,No,No,2025-02-18 17:02:11.306712
CUST0732,Books,Novel,Fiction,539.89,4,Yes,Yes,2025-02-01 01:10:44.306712
CUST0624,Books,Novel,Fiction,368.92,3,No,No,2025-01-21 01:33:58.306712
CUST0472,Home,Table,Coffee,418.88,1,No,No,2025-03-18 11:54:28.306712
CUST0867,Electronics,Mobile,iOS,666.58,0,No,No,2025-03-27 07:08:25.306712
CUST0037,Books,Biography,Celebrity,370.94,9,No,No,2025-03-10 07:10:22.306712
CUST0035,Books,Textbook,Science,433.53,1,Yes,No,2025-03-22 13:01:08.306712
CUST0612,Clothing,Jacket,Denim,577.72,2,No,No,2025-02-12 23:26:46.306712
CUST0697,Electronics,Laptop,Gaming,475.97,4,No,No,2025-01-24 04:09:08.306712
CUST0768,Home,Table,Coffee,650.88,2,No,No,2025-03-19 00:47:28.306712
CUST0563,Toys,Doll,Action,387.38,4,No,No,2025-02-21 12:28:25.306712
CUST0694,Clothing,Jeans,Slim,806.61,5,Yes,No,2025-03-01 18:32:40.306712
CUST0246,Home,Table,Study,398.94,3,No,No,2025-03-22 18:50:55.306712
CUST0540,Toys,Doll,Barbie,460.01,2,No,No,2025-03-01 23:46:13.306712
CUST0060,Books,Novel,Fiction,403.19,1,No,No,2025-03-06 08:27:43.306712
CUST0552,Clothing,Jeans,Slim,317.0,2,No,No,2025-02-03 05:59:55.306712
CUST0237,Home,Chair,Office,509.24,7,No,No,2025-03-13 22:28:44.306712
CUST0008,Electronics,Laptop,Gaming,664.96,3,Yes,Yes,2025-02-27 22:56:36.306712
CUST0933,Home,Chair,Dining,65.07,1,No,No,2025-03-16 04:26:54.306712
CUST0318,Toys,Puzzle,3D,490.4,0,No,No,2025-02-21 20:21:35.306712
CUST0872,Clothing,Jeans,Regular,380.94,3,No,No,2025-03-23 15:54:19.306712
CUST0791,Toys,Doll,Action,530.21,5,Yes,No,2025-04-09 09:05:38.306712
CUST0065,Home,Table,Coffee,557.86,2,No,No,2025-02-01 12:57:18.306712
CUST0721,Electronics,Headphones,Wireless,221.79,4,No,No,2025-04-12 06:22:45.306712
CUST0468,Clothing,Jeans,Regular,368.66,3,No,No,2025-04-05 09:39:17.306712
CUST0374,Toys,Puzzle,3D,489.23,1,No,No,2025-04-03 13:06:17.306712
CUST0026,Toys,Puzzle,3D,472.83,3,No,No,2025-01-31 03:04:07.306712
CUST0972,Books,Novel,Mystery,670.35,2,No,No,2025-04-02 03:07:18.306712
CUST0606,Home,Table,Coffee,586.41,4,No,No,2025-01-27 05:53:54.306712
CUST0908,Toys,Car,Remote Control,683.57,0,Yes,No,2025-02-24 04:13:37.306712
CUST0962,Toys,Puzzle,Jigsaw,702.12,3,Yes,No,2025-03-19 18:35:09.306712
CUST0132,Clothing,T-Shirt,Round Neck,297.71,0,No,No,2025-02-08 03:01:35.306712
CUST0642,Clothing,Jeans,Slim,644.52,0,No,No,2025-04-01 16:13:48.306712
CUST0387,Electronics,Mobile,iOS,765.97,2,No,No,2025-03-31 04:22:42.306712
CUST0658,Toys,Car,Electric,647.74,3,No,No,2025-04-05 08:18:20.306712
CUST0342,Toys,Doll,Action,472.93,2,No,No,2025-03-28 02:59:24.306712
CUST0777,Home,Lamp,Halogen,774.25,5,No,No,2025-03-15 14:17:25.306712
CUST0645,Home,Lamp,Halogen,486.93,1,No,No,2025-03-22 11:28:30.306712
CUST0220,Clothing,Jeans,Regular,873.12,3,No,No,2025-02-09 17:01:53.306712
CUST0294,Electronics,Mobile,Android,480.04,3,Yes,No,2025-03-21 06:16:08.306712
CUST0546,Home,Chair,Office,366.13,6,No,No,2025-02-19 14:26:05.306712
CUST0944,Books,Novel,Fiction,716.92,5,Yes,No,2025-01-27 12:38:31.306712
CUST0060,Clothing,Jacket,Leather,809.41,5,No,No,2025-03-21 12:03:26.306712
CUST0608,Clothing,Jeans,Regular,500.43,1,Yes,No,2025-03-04 07:33:27.306712
CUST0309,Electronics,Headphones,Wired,202.71,0,No,No,2025-04-07 04:42:12.306712
CUST0509,Electronics,Laptop,Ultrabook,801.01,2,No,No,2025-03-19 15:11:15.306712
CUST0138,Clothing,T-Shirt,Round Neck,584.66,2,No,No,2025-02-07 20:27:31.306712
CUST0678,Toys,Puzzle,Jigsaw,425.81,4,No,No,2025-02-06 02:16:45.306712
CUST0332,Home,Chair,Office,133.88,0,No,No,2025-01-24 07:31:52.306712
CUST0190,Books,Novel,Fiction,790.18,3,No,No,2025-04-11 23:57:37.306712
CUST0399,Electronics,Mobile,Android,858.4,4,No,No,2025-03-03 20:17:47.306712
CUST0494,Books,Biography,Celebrity,325.12,1,No,No,2025-04-11 15:50:59.306712
CUST0495,Electronics,Headphones,Wireless,384.87,2,No,No,2025-02-23 11:02:20.306712
CUST0678,Books,Biography,Historical,505.08,4,No,No,2025-03-07 06:33:45.306712
CUST0243,Books,Biography,Historical,682.98,3,No,No,2025-03-26 09:36:17.306712
CUST0619,Home,Chair,Dining,448.77,3,No,No,2025-02-23 09:21:39.306712
CUST0670,Books,Textbook,Math,387.72,2,No,No,2025-03-16 07:22:28.306712
CUST0427,Clothing,T-Shirt,V-Neck,476.87,2,No,No,2025-01-27 19:23:35.306712
CUST0043,Home,Table,Study,628.13,1,Yes,No,2025-03-08 23:13:36.306712
CUST0051,Home,Chair,Dining,406.0,2,No,No,2025-04-02 12:46:43.306712
CUST0589,Clothing,T-Shirt,Round Neck,759.6,1,No,No,2025-04-09 12:50:38.306712
CUST0847,Clothing,Jeans,Regular,624.71,1,No,No,2025-03-18 00:55:39.306712
CUST0337,Books,Biography,Celebrity,584.05,5,Yes,Yes,2025-01-24 02:37:44.306712
CUST0603,Toys,Puzzle,3D,424.85,2,Yes,No,2025-01-17 02:25:47.306712
CUST0331,Clothing,Jacket,Leather,729.83,4,Yes,Yes,2025-04-12 00:40:11.306712
CUST0257,Toys,Puzzle,3D,503.46,4,No,No,2025-03-17 03:33:49.306712
CUST0016,Clothing,Jeans,Slim,564.77,3,Yes,Yes,2025-03-18 18:46:56.306712
CUST0118,Toys,Doll,Barbie,886.86,3,Yes,Yes,2025-01-20 05:20:10.306712
CUST0756,Home,Table,Coffee,326.0,3,No,No,2025-01-31 17:52:24.306712
CUST0407,Toys,Puzzle,3D,348.97,5,Yes,Yes,2025-01-14 13:18:31.306712
CUST0474,Home,Chair,Office,50.0,7,No,No,2025-02-14 18:04:59.306712
CUST0945,Clothing,T-Shirt,Round Neck,831.18,3,Yes,No,2025-02-21 03:32:47.306712
CUST0747,Clothing,Jeans,Slim,258.15,1,No,No,2025-02-21 11:49:57.306712
CUST0815,Electronics,Mobile,Android,254.76,5,No,No,2025-01-24 11:42:04.306712
CUST0434,Toys,Car,Electric,336.0,6,Yes,No,2025-03-04 00:41:26.306712
CUST0467,Home,Lamp,LED,600.64,2,No,No,2025-01-27 06:04:16.306712
CUST0886,Toys,Puzzle,Jigsaw,219.01,2,No,No,2025-03-29 12:43:46.306712
CUST0377,Toys,Puzzle,3D,828.52,0,No,No,2025-02-01 03:53:01.306712
CUST0699,Toys,Car,Electric,506.41,3,No,No,2025-01-13 22:07:56.306712
CUST0419,Home,Lamp,LED,403.74,2,No,No,2025-04-09 11:18:32.306712
CUST0823,Home,Chair,Dining,525.67,2,Yes,No,2025-02-12 18:02:44.306712
CUST0347,Home,Lamp,LED,376.75,4,No,No,2025-03-29 09:54:00.306712
CUST0707,Home,Chair,Office,289.03,4,No,No,2025-04-08 13:37:13.306712
CUST0167,Electronics,Laptop,Gaming,825.75,1,No,No,2025-04-11 14:28:18.306712
CUST0828,Electronics,Mobile,Android,292.42,3,No,No,2025-01-31 21:31:55.306712
CUST0089,Toys,Doll,Action,796.98,3,No,No,2025-03-04 08:06:28.306712
CUST0975,Toys,Car,Remote Control,409.19,3,Yes,No,2025-01-14 16:00:40.306712
CUST0955,Clothing,Jeans,Regular,651.09,3,Yes,Yes,2025-03-02 08:50:42.306712
CUST0084,Books,Textbook,Math,518.68,4,No,No,2025-02-01 04:09:59.306712
CUST0034,Home,Lamp,Halogen,755.57,2,No,No,2025-04-11 14:57:27.306712
CUST0059,Toys,Doll,Barbie,450.09,1,No,No,2025-01-26 02:07:14.306712
CUST0260,Books,Novel,Mystery,405.58,3,Yes,Yes,2025-02-20 14:00:06.306712
CUST0260,Toys,Puzzle,3D,198.32,4,Yes,Yes,2025-02-26 00:37:32.306712
CUST0395,Toys,Doll,Barbie,431.6,4,No,No,2025-03-27 21:56:09.306712
CUST0571,Books,Biography,Celebrity,494.02,4,No,No,2025-02-27 15:14:13.306712
CUST0887,Books,Novel,Fiction,400.23,3,No,No,2025-02-20 03:46:48.306712
CUST0287,Clothing,Jeans,Regular,498.43,5,No,No,2025-03-18 04:55:15.306712
CUST0864,Toys,Car,Remote Control,637.4,2,No,No,2025-03-20 04:08:49.306712
CUST0651,Clothing,T-Shirt,V-Neck,515.2,3,No,No,2025-03-28 07:50:21.306712
CUST0243,Electronics,Mobile,Android,484.15,3,No,No,2025-01-30 16:45:05.306712
CUST0271,Toys,Doll,Action,381.94,4,No,No,2025-02-14 20:55:10.306712
CUST0935,Books,Biography,Celebrity,468.04,6,No,No,2025-01-24 19:13:29.306712
CUST0799,Electronics,Laptop,Ultrabook,462.79,1,No,No,2025-04-10 14:08:31.306712
CUST0547,Electronics,Headphones,Wired,519.12,2,No,No,2025-03-22 13:26:22.306712
CUST0895,Books,Textbook,Math,377.04,1,No,No,2025-04-05 10:09:32.306712
CUST0120,Toys,Puzzle,3D,677.15,2,Yes,No,2025-02-20 02:00:58.306712
CUST0021,Home,Lamp,LED,368.44,4,No,No,2025-03-01 11:11:06.306712
CUST0053,Books,Textbook,Science,673.74,4,Yes,No,2025-03-24 05:32:26.306712
CUST0912,Home,Lamp,Halogen,241.67,5,No,No,2025-04-04 06:47:52.306712
CUST0121,Electronics,Mobile,Android,716.27,3,Yes,Yes,2025-03-10 10:40:58.306712
CUST0485,Books,Biography,Celebrity,337.79,2,No,No,2025-02-17 15:51:24.306712
CUST0297,Home,Lamp,Halogen,569.1,3,No,No,2025-02-27 07:11:23.306712
CUST0154,Toys,Car,Remote Control,332.13,1,No,No,2025-01-28 05:41:24.306712
CUST0171,Books,Textbook,Math,769.14,2,No,No,2025-02-11 06:01:58.306712
CUST0520,Home,Lamp,LED,650.98,4,No,No,2025-03-28 02:57:48.306712
CUST0209,Toys,Puzzle,3D,321.11,5,Yes,No,2025-02-19 10:11:30.306712
CUST0542,Home,Table,Study,436.72,1,Yes,No,2025-01-14 14:47:02.306712
CUST0864,Books,Biography,Historical,601.95,3,Yes,No,2025-03-17 14:42:20.306712
CUST0736,Books,Novel,Fiction,627.19,3,No,No,2025-03-04 22:29:54.306712
CUST0136,Books,Textbook,Science,547.54,1,No,No,2025-01-16 18:53:30.306712
CUST0640,Books,Biography,Celebrity,319.05,1,No,No,2025-02-25 03:13:21.306712
CUST0611,Home,Lamp,LED,646.98,3,No,No,2025-03-27 23:50:02.306712
CUST0670,Clothing,Jacket,Denim,658.81,2,No,No,2025-01-27 12:28:49.306712
CUST0386,Clothing,Jeans,Regular,777.66,4,No,No,2025-03-11 17:16:34.306712
CUST0189,Books,Novel,Fiction,252.3,4,No,No,2025-01-18 20:46:01.306712
CUST0970,Books,Novel,Mystery,177.03,2,Yes,No,2025-01-25 11:17:06.306712
CUST0134,Toys,Car,Remote Control,407.84,5,No,No,2025-01-30 05:54:09.306712
CUST0192,Electronics,Laptop,Gaming,558.59,2,No,No,2025-02-10 09:56:17.306712
CUST0207,Clothing,T-Shirt,Round Neck,313.82,3,Yes,No,2025-03-29 21:08:56.306712
CUST0248,Electronics,Mobile,Android,577.79,3,No,No,2025-03-14 09:24:34.306712
CUST0604,Clothing,Jeans,Regular,564.86,1,Yes,No,2025-02-19 07:32:04.306712
CUST0024,Books,Textbook,Math,563.39,3,Yes,No,2025-02-19 04:38:47.306712
CUST0580,Home,Table,Coffee,316.87,4,No,No,2025-03-20 12:50:07.306712
CUST0940,Electronics,Laptop,Ultrabook,711.69,2,No,No,2025-03-18 00:59:05.306712
CUST0134,Clothing,Jeans,Regular,410.5,1,No,No,2025-03-06 17:06:01.306712
CUST0902,Books,Biography,Historical,307.43,4,No,No,2025-03-12 15:28:25.306712
CUST0313,Electronics,Mobile,iOS,600.01,5,No,No,2025-02-06 01:07:41.306712
CUST0494,Electronics,Mobile,iOS,726.85,4,No,No,2025-04-07 03:36:34.306712
CUST0963,Home,Lamp,Halogen,204.24,3,Yes,Yes,2025-03-01 00:03:53.306712
CUST0799,Home,Chair,Office,286.66,2,Yes,No,2025-01-24 19:32:42.306712
CUST0985,Toys,Car,Electric,477.5,2,No,No,2025-02-07 08:33:02.306712
CUST0171,Home,Lamp,Halogen,431.08,3,No,No,2025-04-11 07:52:22.306712
CUST0147,Toys,Puzzle,3D,628.41,1,No,No,2025-02-06 13:06:29.306712
CUST0998,Books,Biography,Celebrity,454.34,4,Yes,No,2025-02-17 23:05:40.306712
CUST0342,Electronics,Laptop,Ultrabook,395.25,1,No,No,2025-03-07 23:18:21.306712
CUST0543,Books,Textbook,Science,542.42,4,No,No,2025-01-16 04:04:44.306712
CUST0696,Clothing,T-Shirt,Round Neck,489.73,2,No,No,2025-03-24 14:49:57.306712
CUST0605,Clothing,T-Shirt,Round Neck,292.0,4,No,No,2025-02-06 16:39:43.306712
CUST0910,Electronics,Laptop,Gaming,377.85,5,No,No,2025-04-11 01:55:52.306712
CUST0921,Electronics,Headphones,Wired,916.11,4,Yes,No,2025-02-22 18:32:10.306712
CUST0945,Clothing,Jacket,Leather,552.27,1,No,No,2025-03-06 22:21:58.306712
CUST0831,Books,Textbook,Science,633.86,5,No,No,2025-01-28 23:48:58.306712
CUST0942,Toys,Doll,Barbie,270.55,1,No,No,2025-04-03 17:46:30.306712
CUST0817,Electronics,Laptop,Gaming,584.39,4,Yes,No,2025-03-09 14:18:08.306712
CUST0371,Books,Novel,Fiction,561.52,5,No,No,2025-02-28 12:26:39.306712
CUST0938,Toys,Doll,Action,298.84,5,No,No,2025-02-11 16:13:27.306712
CUST0118,Books,Novel,Fiction,636.41,3,No,No,2025-02-01 09:52:53.306712
CUST0779,Clothing,Jacket,Leather,543.62,4,No,No,2025-02-28 05:43:43.306712
CUST0005,Electronics,Laptop,Gaming,271.16,4,Yes,No,2025-01-30 20:49:48.306712
CUST0540,Books,Biography,Celebrity,648.48,2,Yes,No,2025-03-20 23:50:33.306712
CUST0082,Clothing,T-Shirt,Round Neck,571.18,3,No,No,2025-03-20 15:17:35.306712
CUST0164,Electronics,Mobile,iOS,268.79,3,Yes,Yes,2025-02-18 02:22:52.306712
CUST0970,Home,Chair,Dining,472.97,12,Yes,Yes,2025-03-02 21:17:59.306712
CUST0635,Clothing,Jacket,Leather,257.38,3,No,No,2025-01-18 21:39:04.306712
CUST0890,Home,Lamp,Halogen,462.21,2,No,No,2025-01-26 06:52:15.306712
CUST0896,Books,Biography,Historical,734.98,4,Yes,No,2025-02-17 00:36:15.306712
CUST0176,Books,Textbook,Science,595.63,1,No,No,2025-02-07 01:24:50.306712
CUST0283,Clothing,T-Shirt,Round Neck,226.09,2,Yes,No,2025-04-07 18:08:19.306712
CUST0739,Books,Novel,Mystery,885.26,3,No,No,2025-03-06 09:48:09.306712
CUST0931,Home,Lamp,LED,546.17,3,No,No,2025-02-02 02:06:40.306712
CUST0014,Toys,Doll,Action,676.45,1,No,No,2025-01-27 06:31:25.306712
CUST0924,Clothing,Jacket,Leather,446.74,3,No,No,2025-02-21 03:22:04.306712
CUST0548,Electronics,Laptop,Gaming,824.07,2,No,No,2025-03-31 18:07:59.306712
CUST0091,Home,Lamp,Halogen,801.4,3,No,No,2025-03-12 05:17:52.306712
CUST0158,Clothing,T-Shirt,V-Neck,444.77,2,No,No,2025-03-01 15:19:40.306712
CUST0078,Home,Table,Study,665.86,3,No,No,2025-03-03 01:40:37.306712
CUST0721,Electronics,Headphones,Wired,488.26,3,No,No,2025-01-14 04:26:13.306712
CUST0098,Home,Chair,Office,585.3,2,Yes,No,2025-03-09 09:54:13.306712
CUST0443,Books,Textbook,Science,752.44,4,No,No,2025-03-19 11:48:21.306712
CUST0136,Electronics,Headphones,Wireless,502.52,6,No,No,2025-02-16 12:41:14.306712
CUST0076,Toys,Puzzle,Jigsaw,837.41,4,No,No,2025-01-25 01:51:37.306712
CUST0869,Toys,Puzzle,3D,435.52,2,No,No,2025-01-25 18:34:01.306712
CUST0244,Clothing,Jacket,Leather,965.91,3,Yes,No,2025-02-26 04:41:32.306712
CUST0862,Electronics,Laptop,Gaming,610.23,3,No,No,2025-03-27 17:02:05.306712
CUST0489,Toys,Doll,Barbie,749.67,2,No,No,2025-03-12 02:54:01.306712
CUST0932,Electronics,Laptop,Ultrabook,242.16,3,No,No,2025-04-12 07:06:28.306712
CUST0331,Electronics,Mobile,iOS,433.56,5,Yes,No,2025-04-01 09:09:56.306712
CUST0619,Books,Novel,Mystery,606.72,3,Yes,No,2025-01-15 09:24:03.306712
CUST0926,Books,Biography,Celebrity,492.23,2,Yes,No,2025-02-11 21:33:11.306712
CUST0713,Electronics,Laptop,Gaming,427.86,4,No,No,2025-02-11 12:59:04.306712
CUST0575,Books,Novel,Mystery,250.65,3,No,No,2025-01-28 21:25:13.306712
CUST0395,Clothing,Jeans,Slim,757.76,2,Yes,No,2025-03-04 17:12:20.306712
CUST0948,Toys,Puzzle,Jigsaw,494.4,4,No,No,2025-01-30 18:32:46.306712
CUST0308,Toys,Doll,Action,481.44,2,Yes,No,2025-02-05 09:16:11.306712
CUST0778,Books,Textbook,Science,679.44,7,No,No,2025-03-01 02:43:16.306712
CUST0176,Home,Lamp,LED,350.9,0,No,No,2025-03-16 04:41:22.306712
CUST0314,Clothing,Jacket,Denim,228.36,2,No,No,2025-04-06 23:58:45.306712
CUST0312,Toys,Doll,Action,331.57,3,No,No,2025-01-29 12:11:33.306712
CUST0619,Books,Biography,Celebrity,704.09,3,Yes,Yes,2025-04-11 06:40:58.306712
CUST0416,Home,Chair,Office,434.38,5,Yes,No,2025-03-14 01:29:19.306712
CUST0938,Toys,Puzzle,Jigsaw,399.41,3,No,No,2025-02-08 17:50:18.306712
CUST0951,Toys,Car,Electric,154.9,6,No,No,2025-03-16 17:09:30.306712
CUST0304,Clothing,Jeans,Regular,437.58,5,No,No,2025-03-10 22:27:18.306712
CUST0885,Books,Novel,Fiction,699.16,0,No,No,2025-03-24 12:14:31.306712
CUST0052,Toys,Doll,Barbie,832.68,4,No,No,2025-03-12 21:34:58.306712
CUST0068,Books,Textbook,Science,392.3,2,No,No,2025-03-01 09:30:30.306712
CUST0234,Books,Biography,Historical,367.33,4,No,No,2025-02-10 11:15:10.306712
CUST0901,Clothing,Jeans,Regular,442.42,4,No,No,2025-03-21 22:33:26.306712
CUST0798,Clothing,T-Shirt,V-Neck,352.32,5,No,No,2025-02-07 22:00:17.306712
CUST0609,Clothing,T-Shirt,Round Neck,526.43,3,No,No,2025-02-22 13:36:34.306712
CUST0801,Toys,Puzzle,Jigsaw,495.82,3,Yes,No,2025-01-21 17:10:04.306712
CUST0736,Home,Table,Coffee,760.44,3,Yes,No,2025-03-20 09:51:01.306712
CUST0341,Clothing,Jeans,Slim,310.32,2,No,No,2025-01-24 01:34:07.306712
CUST0967,Electronics,Laptop,Gaming,111.27,2,Yes,No,2025-04-03 01:59:25.306712
CUST0187,Books,Biography,Historical,452.09,1,No,No,2025-02-07 14:50:27.306712
CUST0504,Home,Lamp,LED,793.86,1,No,No,2025-04-08 19:57:32.306712
CUST0012,Electronics,Headphones,Wired,509.07,4,No,No,2025-01-25 17:30:32.306712
CUST0941,Toys,Puzzle,Jigsaw,219.66,5,No,No,2025-02-14 13:03:44.306712
CUST0626,Toys,Car,Remote Control,605.27,6,No,No,2025-02-26 00:59:30.306712
CUST0821,Home,Chair,Office,452.76,1,No,No,2025-03-10 08:32:06.306712
CUST0552,Clothing,Jacket,Denim,209.4,1,Yes,No,2025-03-14 08:39:01.306712
CUST0428,Books,Textbook,Science,415.91,0,No,No,2025-03-30 23:14:55.306712
CUST0489,Electronics,Laptop,Gaming,218.49,4,No,No,2025-04-07 07:14:29.306712
CUST0610,Electronics,Mobile,Android,732.16,3,Yes,Yes,2025-04-12 03:07:24.306712
CUST0168,Home,Lamp,LED,574.7,4,No,No,2025-02-21 14:31:25.306712
CUST0333,Electronics,Mobile,Android,552.69,5,No,No,2025-01-27 09:59:51.306712
CUST0620,Toys,Puzzle,Jigsaw,788.43,2,No,No,2025-03-22 18:42:32.306712
CUST0995,Electronics,Laptop,Ultrabook,617.95,4,Yes,No,2025-02-21 23:36:00.306712
CUST0070,Home,Lamp,LED,366.43,2,No,No,2025-02-26 08:31:47.306712
CUST0516,Books,Novel,Mystery,311.65,2,Yes,No,2025-02-13 09:25:33.306712
CUST0267,Electronics,Headphones,Wired,393.78,7,No,No,2025-01-30 14:23:44.306712
CUST0657,Clothing,T-Shirt,V-Neck,598.05,1,No,No,2025-03-14 15:08:35.306712
CUST0505,Toys,Puzzle,Jigsaw,670.21,4,Yes,No,2025-02-25 12:10:28.306712
CUST0974,Home,Lamp,LED,88.89,3,No,No,2025-03-14 21:30:13.306712
CUST0202,Home,Chair,Dining,454.08,1,No,No,2025-03-11 13:08:03.306712
CUST0020,Home,Lamp,LED,723.76,5,No,No,2025-03-26 06:59:34.306712
CUST0797,Toys,Puzzle,3D,717.4,3,No,No,2025-01-30 10:51:25.306712
CUST0526,Books,Textbook,Math,401.26,6,Yes,Yes,2025-02-01 17:52:25.306712
CUST0255,Toys,Puzzle,Jigsaw,397.78,4,Yes,Yes,2025-03-01 05:56:58.306712
CUST0239,Home,Lamp,LED,692.06,5,No,No,2025-03-15 14:02:39.306712
CUST0920,Clothing,T-Shirt,Round Neck,804.95,4,No,No,2025-02-04 20:08:50.306712
CUST0434,Home,Chair,Office,623.13,2,Yes,No,2025-01-28 07:36:56.306712
CUST0301,Books,Biography,Historical,615.63,4,Yes,No,2025-03-06 19:32:32.306712
CUST0384,Clothing,Jacket,Denim,370.74,2,No,No,2025-01-28 18:41:48.306712
CUST0057,Clothing,T-Shirt,V-Neck,237.07,4,No,No,2025-01-17 20:38:44.306712
CUST0332,Electronics,Laptop,Gaming,339.59,4,Yes,Yes,2025-04-03 06:26:03.306712
CUST0136,Home,Chair,Office,379.71,2,Yes,No,2025-03-01 20:05:52.306712
CUST0726,Electronics,Laptop,Ultrabook,303.49,2,No,No,2025-02-13 23:47:48.306712
CUST0548,Books,Novel,Mystery,811.73,4,No,No,2025-03-16 01:38:43.306712
CUST0716,Electronics,Laptop,Gaming,136.19,1,No,No,2025-01-28 07:06:57.306712
CUST0917,Home,Lamp,Halogen,425.0,5,No,No,2025-02-12 04:10:52.306712
CUST0073,Electronics,Headphones,Wireless,470.76,1,No,No,2025-02-18 13:28:36.306712
CUST0833,Home,Chair,Office,504.33,11,No,No,2025-02-13 15:35:05.306712
CUST0239,Toys,Puzzle,3D,514.04,4,No,No,2025-03-29 08:03:03.306712
CUST0530,Electronics,Headphones,Wireless,651.12,5,Yes,No,2025-04-03 08:17:21.306712
CUST0751,Home,Chair,Dining,446.81,0,No,No,2025-03-23 23:25:49.306712
CUST0761,Clothing,Jacket,Denim,695.56,4,Yes,No,2025-02-07 03:53:52.306712
CUST0954,Electronics,Headphones,Wired,526.97,2,No,No,2025-01-24 04:41:44.306712
CUST0342,Books,Biography,Celebrity,91.77,3,No,No,2025-03-02 16:22:46.306712
CUST0973,Electronics,Laptop,Ultrabook,605.84,7,No,No,2025-03-31 22:36:32.306712
CUST0237,Clothing,Jacket,Leather,520.79,4,Yes,No,2025-02-22 06:35:29.306712
CUST0252,Electronics,Laptop,Gaming,600.24,4,No,No,2025-03-26 20:07:56.306712
CUST0421,Clothing,T-Shirt,V-Neck,339.69,3,No,No,2025-04-10 02:11:37.306712
CUST0972,Books,Novel,Mystery,692.3,2,No,No,2025-01-26 06:26:25.306712
CUST0010,Electronics,Laptop,Ultrabook,1024.64,3,Yes,No,2025-02-12 20:45:16.306712
CUST0043,Home,Chair,Office,258.92,5,Yes,Yes,2025-03-09 02:38:07.306712
CUST0676,Books,Textbook,Science,566.51,3,No,No,2025-03-19 07:55:36.306712
CUST0668,Books,Textbook,Science,257.49,4,Yes,Yes,2025-01-21 00:25:56.306712
CUST0314,Clothing,Jacket,Leather,458.04,1,No,No,2025-03-21 18:22:50.306712
CUST0988,Books,Novel,Fiction,629.51,2,No,No,2025-03-26 20:33:26.306712
CUST0784,Toys,Puzzle,Jigsaw,403.85,3,No,No,2025-01-17 19:02:07.306712
CUST0081,Home,Lamp,LED,657.47,0,No,No,2025-04-05 23:51:53.306712
CUST0052,Clothing,Jacket,Leather,546.76,2,Yes,No,2025-03-01 15:42:49.306712
CUST0852,Toys,Car,Electric,376.93,1,Yes,No,2025-03-06 17:42:33.306712
CUST0609,Clothing,T-Shirt,V-Neck,463.88,5,No,No,2025-04-01 02:35:10.306712
CUST0998,Books,Textbook,Math,558.9,2,No,No,2025-02-19 23:21:10.306712
CUST0961,Clothing,Jacket,Leather,50.0,2,No,No,2025-02-22 02:03:10.306712
CUST0991,Toys,Doll,Action,497.87,3,No,No,2025-01-22 02:38:35.306712
CUST0541,Home,Lamp,LED,146.42,2,Yes,No,2025-02-16 12:57:59.306712
CUST0643,Electronics,Headphones,Wired,333.1,3,No,No,2025-02-14 22:38:40.306712
CUST0410,Toys,Car,Electric,592.51,1,No,No,2025-02-19 10:07:01.306712
CUST0491,Clothing,Jacket,Leather,394.78,5,No,No,2025-01-14 16:14:14.306712
CUST0491,Clothing,Jacket,Denim,592.47,2,No,No,2025-01-28 17:05:24.306712
CUST0844,Electronics,Headphones,Wireless,716.77,3,Yes,No,2025-04-07 11:20:10.306712
CUST0298,Books,Novel,Fiction,322.14,3,Yes,Yes,2025-02-16 15:44:01.306712
CUST0431,Home,Chair,Dining,840.86,4,Yes,No,2025-03-25 02:35:17.306712
CUST0742,Electronics,Headphones,Wireless,979.96,2,No,No,2025-01-18 08:03:02.306712
CUST0788,Books,Textbook,Science,768.49,7,No,No,2025-04-09 08:47:19.306712
CUST0533,Toys,Car,Remote Control,611.38,6,Yes,Yes,2025-02-07 07:06:05.306712
CUST0355,Home,Table,Coffee,347.31,5,No,No,2025-02-22 11:25:48.306712
CUST0473,Electronics,Laptop,Ultrabook,340.77,2,No,No,2025-03-01 04:33:39.306712
CUST0270,Toys,Puzzle,3D,381.36,1,No,No,2025-02-19 07:08:42.306712
CUST0540,Toys,Car,Remote Control,666.49,1,No,No,2025-02-26 03:28:26.306712
CUST0382,Electronics,Headphones,Wired,322.34,2,No,No,2025-03-28 13:47:52.306712
CUST0504,Electronics,Mobile,iOS,449.13,2,No,No,2025-02-12 01:19:24.306712
CUST0363,Books,Novel,Mystery,449.52,4,No,No,2025-03-19 10:42:04.306712
CUST0623,Home,Lamp,LED,105.29,3,No,No,2025-02-11 23:48:17.306712
CUST0255,Electronics,Headphones,Wireless,415.14,5,No,No,2025-04-12 10:52:52.306712
CUST0641,Books,Novel,Fiction,474.35,3,No,No,2025-01-15 02:05:04.306712
CUST0738,Electronics,Mobile,iOS,449.78,2,Yes,No,2025-03-05 21:27:27.306712
CUST0855,Home,Lamp,Halogen,274.54,3,No,No,2025-03-28 03:27:09.306712
CUST0810,Clothing,T-Shirt,V-Neck,143.25,3,Yes,No,2025-03-01 07:36:06.306712
CUST0814,Clothing,T-Shirt,Round Neck,785.11,6,No,No,2025-01-23 03:52:16.306712
CUST0388,Books,Textbook,Science,310.24,6,No,No,2025-01-24 00:28:42.306712
CUST0607,Clothing,Jeans,Slim,300.9,2,Yes,No,2025-02-18 13:06:22.306712
CUST0290,Toys,Doll,Barbie,438.33,1,No,No,2025-01-14 17:35:51.306712
CUST0873,Electronics,Mobile,iOS,393.86,5,No,No,2025-03-19 01:15:59.306712
CUST0059,Clothing,Jeans,Regular,350.77,5,Yes,Yes,2025-01-15 19:36:06.306712
CUST0674,Electronics,Laptop,Ultrabook,378.44,2,No,No,2025-03-11 18:39:40.306712
CUST0033,Toys,Car,Electric,508.21,1,Yes,No,2025-03-19 03:38:49.306712
CUST0578,Toys,Car,Electric,876.74,1,Yes,No,2025-03-09 15:48:15.306712
CUST0867,Books,Biography,Celebrity,678.26,3,No,No,2025-02-05 12:13:21.306712
CUST0533,Toys,Doll,Barbie,827.77,0,No,No,2025-02-12 14:13:10.306712
CUST0387,Electronics,Laptop,Gaming,469.44,8,No,No,2025-01-14 18:56:09.306712
CUST0208,Home,Chair,Office,799.02,3,No,No,2025-03-29 12:08:02.306712
CUST0688,Electronics,Mobile,Android,724.5,2,No,No,2025-03-10 20:18:46.306712
CUST0082,Home,Chair,Dining,896.06,5,No,No,2025-01-28 18:56:37.306712
CUST0630,Home,Table,Coffee,789.63,4,No,No,2025-01-15 05:35:09.306712
CUST0504,Home,Chair,Dining,332.12,4,No,No,2025-03-09 16:03:41.306712
CUST0580,Books,Biography,Celebrity,637.79,1,Yes,No,2025-02-22 15:17:21.306712
CUST0773,Books,Novel,Mystery,431.18,1,No,No,2025-03-21 19:26:41.306712
CUST0200,Home,Chair,Dining,525.98,4,No,No,2025-01-28 17:29:04.306712
CUST0149,Home,Chair,Dining,401.9,3,Yes,No,2025-03-15 20:29:14.306712
CUST0414,Electronics,Mobile,Android,533.82,2,Yes,No,2025-01-25 21:03:11.306712
CUST0256,Electronics,Mobile,Android,521.29,3,No,No,2025-04-10 13:31:24.306712
CUST0977,Home,Chair,Dining,345.33,2,No,No,2025-02-19 14:53:22.306712
CUST0762,Books,Biography,Historical,553.33,0,Yes,No,2025-01-31 10:00:24.306712
CUST0369,Electronics,Headphones,Wired,281.69,5,No,No,2025-03-04 20:45:38.306712
CUST0578,Electronics,Laptop,Gaming,361.04,4,No,No,2025-04-13 03:00:44.306712
CUST0529,Clothing,Jacket,Leather,746.36,5,No,No,2025-02-15 05:02:09.306712
CUST0072,Books,Biography,Celebrity,254.27,6,No,No,2025-01-17 17:26:06.306712
CUST0727,Toys,Puzzle,Jigsaw,520.41,4,No,No,2025-02-03 15:02:12.306712
CUST0594,Clothing,Jeans,Regular,459.32,3,No,No,2025-03-29 09:31:02.306712
CUST0283,Books,Textbook,Math,402.23,2,Yes,No,2025-03-11 04:19:44.306712
CUST0571,Books,Novel,Mystery,250.7,5,Yes,Yes,2025-01-27 03:40:20.306712
CUST0486,Books,Textbook,Science,865.41,1,No,No,2025-04-04 00:12:34.306712
CUST0565,Home,Lamp,Halogen,277.13,4,No,No,2025-01-28 14:03:37.306712
CUST0016,Clothing,T-Shirt,V-Neck,408.53,10,No,No,2025-03-21 21:31:29.306712
CUST0569,Clothing,Jeans,Regular,571.47,4,No,No,2025-02-01 02:10:46.306712
CUST0742,Electronics,Mobile,iOS,274.88,4,No,No,2025-02-05 07:06:19.306712
CUST0474,Electronics,Laptop,Ultrabook,392.87,5,No,No,2025-01-17 13:01:33.306712
CUST0232,Electronics,Mobile,Android,400.03,8,No,No,2025-03-22 00:43:05.306712
CUST0157,Books,Textbook,Science,463.05,4,Yes,No,2025-04-02 08:42:10.306712
CUST0125,Home,Chair,Office,163.95,2,No,No,2025-03-19 12:20:03.306712
CUST0588,Books,Novel,Mystery,463.52,3,No,No,2025-01-21 18:53:41.306712
CUST0026,Home,Lamp,LED,495.27,2,No,No,2025-04-08 07:16:20.306712
CUST0514,Toys,Car,Electric,278.49,0,No,No,2025-04-04 04:09:04.306712
CUST0105,Toys,Car,Electric,339.07,0,No,No,2025-03-25 17:42:06.306712
CUST0323,Books,Textbook,Math,749.75,2,Yes,No,2025-04-09 18:18:09.306712
CUST0312,Books,Biography,Historical,321.94,2,No,No,2025-02-10 14:42:24.306712
CUST0065,Electronics,Mobile,iOS,819.82,1,Yes,No,2025-01-21 03:06:05.306712
CUST0288,Electronics,Mobile,Android,111.39,3,Yes,No,2025-01-24 06:32:04.306712
CUST0967,Toys,Car,Electric,394.29,5,Yes,Yes,2025-02-15 16:40:03.306712
CUST0944,Electronics,Headphones,Wireless,311.66,2,No,No,2025-01-28 17:02:31.306712
CUST0323,Electronics,Laptop,Gaming,198.19,3,No,No,2025-02-12 13:53:47.306712
CUST0320,Books,Novel,Mystery,404.77,3,No,No,2025-02-22 17:03:22.306712
CUST0002,Toys,Car,Remote Control,774.65,4,No,No,2025-03-31 10:35:33.306712
CUST0049,Books,Biography,Historical,244.99,2,Yes,No,2025-02-11 05:43:38.306712
CUST0677,Toys,Doll,Barbie,393.64,2,No,No,2025-01-20 05:28:13.306712
CUST0023,Clothing,T-Shirt,V-Neck,552.88,2,Yes,No,2025-04-02 02:03:50.306712
CUST0827,Home,Lamp,Halogen,437.24,6,No,No,2025-02-13 01:30:42.306712
CUST0486,Clothing,T-Shirt,V-Neck,97.72,3,No,No,2025-02-14 08:46:55.306712
CUST0678,Books,Textbook,Science,626.6,1,No,No,2025-03-31 06:20:20.306712
CUST0056,Books,Textbook,Science,538.45,7,Yes,Yes,2025-02-03 08:42:34.306712
CUST0879,Books,Biography,Celebrity,913.87,1,Yes,No,2025-03-14 12:47:53.306712
CUST0643,Toys,Car,Remote Control,338.89,2,No,No,2025-01-13 20:50:48.306712
CUST0619,Clothing,T-Shirt,Round Neck,833.24,3,No,No,2025-03-23 06:00:20.306712
CUST0235,Books,Textbook,Science,550.95,1,No,No,2025-01-22 03:29:50.306712
CUST0191,Books,Biography,Historical,583.58,5,No,No,2025-01-13 22:14:16.306712
CUST0854,Books,Novel,Fiction,277.84,0,No,No,2025-01-29 19:16:24.306712
CUST0437,Books,Biography,Historical,539.46,2,No,No,2025-01-19 20:31:10.306712
CUST0720,Toys,Puzzle,3D,618.4,5,No,No,2025-03-01 23:26:44.306712
CUST0948,Books,Novel,Fiction,531.52,2,No,No,2025-03-21 01:24:17.306712
CUST0857,Electronics,Mobile,Android,568.47,3,No,No,2025-03-06 08:04:55.306712
CUST0618,Books,Textbook,Science,329.33,6,No,No,2025-02-11 04:21:13.306712
CUST0417,Electronics,Mobile,iOS,633.64,2,No,No,2025-02-04 10:29:33.306712
CUST0406,Electronics,Laptop,Ultrabook,279.66,1,No,No,2025-01-15 13:52:38.306712
CUST0063,Home,Lamp,Halogen,476.62,3,No,No,2025-03-05 02:20:41.306712
CUST0410,Books,Textbook,Science,473.93,1,Yes,No,2025-04-08 15:19:35.306712
CUST0575,Books,Textbook,Science,495.12,5,Yes,No,2025-03-04 16:21:01.306712
CUST0072,Books,Novel,Fiction,489.77,5,No,No,2025-02-21 20:35:25.306712
CUST0828,Electronics,Mobile,Android,360.07,3,No,No,2025-04-12 23:06:37.306712
CUST0914,Books,Biography,Historical,472.6,1,No,No,2025-03-27 15:58:09.306712
CUST0074,Books,Biography,Historical,396.5,0,Yes,No,2025-03-17 23:45:52.306712
CUST0493,Home,Table,Study,650.54,4,Yes,No,2025-04-02 01:10:47.306712
CUST0207,Electronics,Laptop,Gaming,526.93,1,Yes,No,2025-01-24 06:01:50.306712
CUST0954,Electronics,Laptop,Gaming,719.55,2,No,No,2025-03-10 05:06:00.306712
CUST0721,Books,Novel,Fiction,463.85,2,Yes,No,2025-02-09 12:03:48.306712
CUST0631,Electronics,Mobile,Android,345.99,1,No,No,2025-02-08 12:48:09.306712
CUST0294,Home,Chair,Dining,419.5,4,No,No,2025-02-14 22:54:55.306712
CUST0870,Toys,Doll,Action,592.61,4,No,No,2025-02-09 15:03:19.306712
CUST0233,Clothing,T-Shirt,V-Neck,399.44,3,No,No,2025-03-18 22:28:59.306712
CUST0579,Books,Textbook,Science,577.07,2,Yes,No,2025-02-18 19:44:41.306712
CUST0963,Clothing,T-Shirt,Round Neck,493.5,5,No,No,2025-03-01 02:47:15.306712
CUST0795,Electronics,Mobile,Android,142.72,4,Yes,Yes,2025-04-11 13:21:56.306712
CUST0002,Electronics,Laptop,Gaming,874.22,4,No,No,2025-02-19 20:40:49.306712
CUST0642,Books,Biography,Historical,644.33,6,Yes,No,2025-03-24 04:24:29.306712
CUST0115,Toys,Doll,Action,481.61,3,No,No,2025-02-05 08:37:33.306712
CUST0107,Books,Novel,Mystery,638.71,1,No,No,2025-03-28 14:56:00.306712
CUST0438,Clothing,Jeans,Regular,235.28,2,Yes,No,2025-03-24 04:27:49.306712
CUST0741,Clothing,T-Shirt,V-Neck,540.67,2,No,No,2025-04-05 15:03:10.306712
CUST0539,Books,Biography,Historical,487.42,6,Yes,No,2025-01-28 09:43:43.306712
CUST0887,Books,Textbook,Science,298.8,3,No,No,2025-03-08 05:44:10.306712
CUST0465,Electronics,Laptop,Gaming,320.27,1,No,No,2025-04-13 08:30:48.306712
CUST0982,Clothing,Jeans,Slim,303.34,4,No,No,2025-03-31 07:26:15.306712
CUST0128,Books,Textbook,Science,592.14,3,No,No,2025-02-25 06:13:05.306712
CUST0960,Electronics,Laptop,Gaming,732.9,4,No,No,2025-02-17 23:23:32.306712
CUST0373,Toys,Car,Electric,758.63,3,Yes,Yes,2025-02-04 17:48:00.306712
CUST0845,Home,Lamp,LED,166.79,3,No,No,2025-01-25 00:11:33.306712
CUST0902,Electronics,Laptop,Gaming,501.18,3,Yes,Yes,2025-02-20 16:25:40.306712
CUST0715,Toys,Car,Electric,793.04,4,No,No,2025-04-08 15:32:43.306712
CUST0380,Home,Lamp,Halogen,550.15,6,No,No,2025-02-21 09:46:13.306712
CUST0214,Toys,Car,Remote Control,206.74,1,Yes,No,2025-01-15 00:29:43.306712
CUST0105,Home,Table,Study,559.32,2,Yes,No,2025-02-17 12:30:20.306712
CUST0498,Electronics,Mobile,Android,186.78,3,No,No,2025-02-06 19:59:47.306712
CUST0678,Clothing,Jeans,Slim,604.69,1,No,No,2025-03-24 19:56:24.306712
CUST0554,Books,Biography,Historical,392.64,2,Yes,No,2025-02-17 15:59:35.306712
CUST0330,Clothing,Jacket,Leather,1007.26,1,No,No,2025-02-14 11:26:59.306712
CUST0025,Toys,Puzzle,3D,273.21,2,No,No,2025-01-18 17:05:22.306712
CUST0008,Electronics,Headphones,Wireless,661.37,2,No,No,2025-03-30 14:31:19.306712
CUST0982,Electronics,Headphones,Wireless,473.68,3,No,No,2025-01-21 13:59:18.306712
CUST0838,Home,Lamp,LED,548.04,3,No,No,2025-02-22 19:52:12.306712
CUST0073,Toys,Doll,Barbie,405.18,4,Yes,No,2025-03-30 23:51:55.306712
CUST0259,Toys,Car,Electric,532.64,4,No,No,2025-01-27 00:49:46.306712
CUST0971,Electronics,Mobile,Android,626.68,5,Yes,Yes,2025-03-26 08:13:00.306712
CUST0570,Toys,Puzzle,Jigsaw,626.42,5,No,No,2025-03-06 01:11:08.306712
CUST0875,Home,Table,Study,473.49,6,No,No,2025-04-04 07:23:14.306712
CUST0587,Toys,Puzzle,3D,253.1,3,Yes,Yes,2025-02-01 14:24:40.306712
CUST0691,Clothing,T-Shirt,Round Neck,633.03,2,No,No,2025-02-08 02:39:29.306712
CUST0682,Home,Table,Coffee,505.44,2,Yes,No,2025-03-02 10:48:59.306712
CUST0693,Books,Textbook,Math,197.44,3,No,No,2025-03-15 11:51:00.306712
CUST0423,Home,Lamp,Halogen,236.08,1,No,No,2025-01-20 07:47:48.306712
CUST0621,Clothing,T-Shirt,Round Neck,481.73,5,No,No,2025-03-29 11:19:31.306712
CUST0544,Toys,Puzzle,Jigsaw,406.18,0,No,No,2025-01-15 13:06:54.306712
CUST0421,Clothing,T-Shirt,V-Neck,423.49,6,No,No,2025-04-03 07:28:41.306712
CUST0295,Electronics,Laptop,Ultrabook,187.57,4,No,No,2025-01-19 15:18:24.306712
CUST0654,Clothing,T-Shirt,Round Neck,578.45,3,No,No,2025-01-31 21:57:46.306712
CUST0424,Home,Chair,Dining,361.08,5,No,No,2025-03-13 11:53:51.306712
CUST0245,Books,Textbook,Math,741.59,3,Yes,Yes,2025-03-15 06:07:56.306712
CUST0625,Toys,Puzzle,3D,466.89,0,Yes,No,2025-04-05 19:17:31.306712
CUST0474,Books,Biography,Historical,1038.65,4,No,No,2025-04-04 17:37:26.306712
CUST0250,Clothing,T-Shirt,Round Neck,609.88,2,Yes,No,2025-03-23 17:39:07.306712
CUST0586,Clothing,Jacket,Leather,354.97,3,Yes,No,2025-01-27 02:13:13.306712
CUST0808,Toys,Puzzle,3D,299.31,3,No,No,2025-04-01 16:05:19.306712
CUST0466,Electronics,Mobile,iOS,684.71,1,No,No,2025-04-09 17:32:23.306712
CUST0617,Clothing,Jeans,Regular,458.07,2,No,No,2025-03-13 05:59:07.306712
CUST0867,Toys,Car,Remote Control,419.2,6,No,No,2025-04-05 14:43:53.306712
CUST0881,Clothing,T-Shirt,V-Neck,533.73,1,Yes,No,2025-01-31 11:18:15.306712
CUST0929,Toys,Doll,Action,572.73,3,No,No,2025-02-07 13:42:27.306712
CUST0309,Toys,Doll,Barbie,294.8,4,No,No,2025-04-01 07:40:49.306712
CUST0944,Books,Textbook,Science,610.26,0,No,No,2025-03-03 18:17:11.306712
CUST0116,Electronics,Mobile,iOS,596.87,5,No,No,2025-03-30 13:04:56.306712
CUST0995,Clothing,T-Shirt,Round Neck,733.39,1,No,No,2025-02-23 21:03:12.306712
CUST0264,Electronics,Headphones,Wireless,618.94,3,No,No,2025-02-13 14:57:42.306712
CUST0576,Books,Biography,Historical,468.63,3,No,No,2025-04-05 03:40:00.306712
CUST0342,Home,Table,Study,548.32,1,No,No,2025-03-12 03:55:52.306712
CUST0692,Electronics,Headphones,Wired,404.32,4,No,No,2025-03-22 08:03:32.306712
CUST0911,Clothing,Jeans,Regular,789.79,5,Yes,No,2025-01-18 13:40:29.306712
CUST0176,Home,Table,Coffee,450.44,4,No,No,2025-03-21 07:34:49.306712
CUST0156,Electronics,Headphones,Wired,321.19,5,No,No,2025-02-20 09:22:19.306712
CUST0977,Clothing,Jeans,Slim,400.06,4,Yes,Yes,2025-01-30 20:19:04.306712
CUST0908,Books,Biography,Historical,705.01,4,No,No,2025-02-03 12:22:00.306712
CUST0150,Clothing,Jeans,Regular,649.97,0,No,No,2025-01-20 13:02:47.306712
CUST0549,Electronics,Mobile,iOS,508.65,5,No,No,2025-02-15 23:24:44.306712
CUST0674,Toys,Car,Remote Control,509.0,0,No,No,2025-02-27 23:40:10.306712
CUST0789,Clothing,Jacket,Denim,688.44,4,No,No,2025-04-12 12:51:06.306712
CUST0816,Toys,Puzzle,3D,469.19,2,Yes,No,2025-03-01 23:20:22.306712
CUST0874,Toys,Doll,Action,724.93,2,Yes,No,2025-01-20 01:22:02.306712
CUST0578,Clothing,Jeans,Regular,200.8,7,No,No,2025-02-08 16:01:29.306712
CUST0699,Electronics,Mobile,Android,545.73,2,No,No,2025-03-01 01:28:52.306712
CUST0692,Clothing,Jeans,Regular,836.98,3,No,No,2025-01-14 15:48:47.306712
CUST0224,Toys,Doll,Barbie,357.67,3,No,No,2025-02-16 23:45:10.306712
CUST0403,Books,Biography,Historical,269.09,3,No,No,2025-01-23 13:09:53.306712
CUST0165,Home,Table,Study,350.72,6,Yes,No,2025-01-29 01:53:08.306712
CUST0211,Clothing,T-Shirt,Round Neck,833.45,2,No,No,2025-03-07 05:34:40.306712
CUST0044,Home,Lamp,LED,369.82,0,No,No,2025-01-16 14:56:17.306712
CUST0761,Toys,Car,Electric,267.28,2,No,No,2025-03-10 15:07:28.306712
CUST0988,Clothing,Jacket,Denim,572.27,3,Yes,No,2025-03-08 17:52:46.306712
CUST0143,Toys,Doll,Barbie,495.4,2,No,No,2025-04-11 18:35:18.306712
CUST0859,Clothing,T-Shirt,Round Neck,541.34,8,No,No,2025-04-09 17:20:09.306712
CUST0484,Toys,Car,Electric,683.77,2,No,No,2025-01-21 14:07:45.306712
CUST0176,Books,Novel,Mystery,509.67,2,No,No,2025-02-16 19:04:55.306712
CUST0781,Home,Table,Study,330.0,3,No,No,2025-01-28 00:12:11.306712
CUST0189,Electronics,Laptop,Gaming,641.36,7,No,No,2025-01-14 03:32:33.306712
CUST0066,Toys,Doll,Barbie,431.93,2,No,No,2025-03-07 22:45:27.306712
CUST0303,Clothing,Jacket,Denim,574.98,3,No,No,2025-02-07 02:37:48.306712
CUST0850,Electronics,Laptop,Gaming,579.53,3,No,No,2025-03-02 02:07:00.306712
CUST0628,Books,Novel,Mystery,542.41,4,No,No,2025-02-14 04:24:46.306712
CUST0068,Clothing,Jacket,Denim,568.5,3,No,No,2025-02-16 19:52:32.306712
CUST0340,Electronics,Headphones,Wireless,426.69,4,No,No,2025-01-15 06:53:29.306712
CUST0980,Home,Chair,Office,547.73,4,No,No,2025-03-04 08:12:07.306712
CUST0118,Toys,Doll,Action,365.19,3,No,No,2025-03-23 10:38:03.306712
CUST0132,Clothing,Jeans,Slim,59.85,0,No,No,2025-02-02 16:51:23.306712
CUST0707,Electronics,Mobile,Android,152.48,5,Yes,Yes,2025-02-26 08:57:53.306712
CUST0138,Clothing,T-Shirt,V-Neck,564.69,5,No,No,2025-01-17 05:24:56.306712
CUST0158,Toys,Puzzle,Jigsaw,543.8,4,No,No,2025-03-22 23:52:42.306712
CUST0927,Clothing,Jacket,Denim,419.23,3,No,No,2025-03-20 19:14:52.306712
CUST0146,Home,Chair,Dining,706.61,5,No,No,2025-02-14 15:14:27.306712
CUST0827,Clothing,Jacket,Leather,798.71,1,No,No,2025-02-24 17:13:02.306712
CUST0786,Toys,Puzzle,Jigsaw,694.64,2,Yes,No,2025-04-07 10:33:36.306712
CUST0621,Electronics,Laptop,Ultrabook,309.03,5,No,No,2025-02-03 23:26:01.306712
CUST0127,Books,Biography,Celebrity,305.84,6,No,No,2025-04-04 16:34:07.306712
CUST0572,Books,Textbook,Science,359.77,3,No,No,2025-01-14 09:45:19.306712
CUST0255,Clothing,T-Shirt,V-Neck,699.25,0,Yes,No,2025-02-18 19:15:25.306712
CUST0286,Home,Chair,Office,574.18,1,No,No,2025-02-20 07:53:01.306712
CUST0102,Books,Biography,Celebrity,412.52,5,No,No,2025-03-10 20:21:49.306712
CUST0476,Electronics,Mobile,iOS,470.52,4,No,No,2025-02-10 16:18:00.306712
CUST0808,Home,Table,Coffee,584.27,2,Yes,No,2025-01-23 04:52:29.306712
CUST0338,Electronics,Laptop,Ultrabook,629.02,5,No,No,2025-02-11 13:40:36.306712
CUST0147,Toys,Doll,Barbie,550.28,4,Yes,No,2025-03-11 10:29:35.306712
CUST0133,Home,Chair,Office,485.44,1,No,No,2025-02-17 07:57:05.306712
CUST0007,Home,Chair,Dining,710.32,3,No,No,2025-03-14 05:53:38.306712
CUST0587,Books,Novel,Fiction,363.91,1,Yes,No,2025-01-25 08:52:35.306712
CUST0338,Clothing,Jacket,Denim,798.17,2,Yes,No,2025-02-18 16:08:17.306712
CUST0164,Clothing,Jacket,Leather,302.61,2,No,No,2025-01-26 10:29:06.306712
CUST0677,Toys,Puzzle,3D,247.73,2,No,No,2025-03-03 08:46:34.306712
CUST0858,Toys,Puzzle,3D,181.75,3,Yes,No,2025-03-16 06:05:54.306712
CUST0312,Clothing,Jeans,Regular,404.93,3,No,No,2025-03-26 08:55:23.306712
CUST0059,Home,Lamp,Halogen,96.11,3,No,No,2025-01-30 10:28:57.306712
CUST0961,Home,Table,Coffee,495.91,3,Yes,No,2025-01-18 01:04:26.306712
CUST0791,Electronics,Mobile,Android,487.15,4,No,No,2025-04-12 07:27:25.306712
CUST0338,Clothing,Jeans,Regular,231.34,2,Yes,No,2025-03-03 16:31:52.306712
CUST0703,Books,Novel,Mystery,552.54,4,Yes,Yes,2025-03-07 06:10:39.306712
CUST0566,Toys,Puzzle,3D,902.29,2,No,No,2025-01-17 10:17:12.306712
CUST0227,Electronics,Laptop,Ultrabook,315.84,3,No,No,2025-03-06 02:44:35.306712
CUST0602,Electronics,Mobile,Android,811.65,2,No,No,2025-02-07 05:45:32.306712
CUST0931,Home,Table,Coffee,430.88,1,No,No,2025-03-23 02:55:45.306712
CUST0778,Toys,Doll,Barbie,362.71,4,No,No,2025-04-04 18:01:02.306712
CUST0557,Books,Novel,Mystery,684.03,3,No,No,2025-04-03 18:49:33.306712
CUST0923,Clothing,T-Shirt,Round Neck,262.37,2,Yes,No,2025-02-18 05:38:54.306712
CUST0981,Home,Table,Study,213.03,3,Yes,No,2025-02-17 21:28:04.306712
CUST0611,Clothing,T-Shirt,V-Neck,628.21,3,No,No,2025-03-26 00:15:36.306712
CUST0813,Home,Table,Study,631.79,3,No,No,2025-02-25 12:21:40.306712
CUST0329,Books,Biography,Historical,197.14,5,No,No,2025-01-23 21:28:16.306712
CUST0697,Clothing,Jeans,Slim,397.54,0,No,No,2025-01-15 06:53:38.306712
CUST0726,Home,Lamp,Halogen,283.78,7,No,No,2025-02-22 11:28:45.306712
CUST0995,Clothing,Jeans,Regular,504.73,2,No,No,2025-02-14 01:49:46.306712
CUST0786,Electronics,Mobile,iOS,333.79,3,No,No,2025-01-13 13:30:44.306712
CUST0563,Toys,Doll,Action,798.85,1,No,No,2025-04-12 00:17:57.306712
CUST0972,Electronics,Mobile,iOS,647.43,2,No,No,2025-03-18 12:28:35.306712
CUST0951,Clothing,T-Shirt,Round Neck,674.96,3,No,No,2025-03-29 21:46:56.306712
CUST0211,Clothing,Jeans,Regular,261.41,0,No,No,2025-01-19 09:50:52.306712
CUST0008,Toys,Puzzle,3D,582.1,4,No,No,2025-02-27 00:35:57.306712
CUST0444,Electronics,Mobile,Android,419.39,4,Yes,Yes,2025-04-12 21:32:45.306712
CUST0508,Home,Lamp,LED,537.86,2,Yes,No,2025-03-26 09:37:49.306712
CUST0120,Clothing,Jacket,Denim,769.42,1,No,No,2025-03-10 13:26:45.306712
CUST0906,Toys,Puzzle,3D,205.27,3,No,No,2025-01-23 17:10:42.306712
CUST0649,Home,Table,Study,537.61,2,No,No,2025-01-18 05:32:17.306712
CUST0935,Clothing,T-Shirt,V-Neck,426.13,3,Yes,No,2025-04-09 03:14:36.306712
CUST0532,Home,Chair,Dining,602.41,2,Yes,No,2025-03-25 18:16:01.306712
CUST0659,Toys,Car,Remote Control,815.27,1,No,No,2025-03-04 06:28:56.306712
CUST0668,Electronics,Headphones,Wired,585.2,5,No,No,2025-03-29 20:16:43.306712
CUST0241,Toys,Doll,Action,368.7,4,Yes,No,2025-01-18 11:23:20.306712
CUST0729,Toys,Puzzle,Jigsaw,659.64,3,Yes,Yes,2025-03-02 16:59:39.306712
CUST0602,Home,Table,Study,614.71,3,No,No,2025-03-30 10:00:24.306712
CUST0284,Home,Lamp,Halogen,844.5,2,No,No,2025-04-07 22:23:46.306712
CUST0820,Home,Lamp,LED,539.47,0,No,No,2025-04-06 00:50:35.306712
CUST0987,Electronics,Laptop,Ultrabook,225.21,1,Yes,No,2025-03-10 23:15:57.306712
CUST0928,Clothing,Jacket,Denim,509.39,1,No,No,2025-01-26 15:47:40.306712
CUST0395,Home,Lamp,LED,675.5,5,No,No,2025-02-11 09:56:08.306712
CUST0788,Books,Biography,Historical,704.18,2,No,No,2025-03-21 10:32:55.306712
CUST0401,Electronics,Headphones,Wired,783.26,3,No,No,2025-02-06 17:32:44.306712
CUST0350,Toys,Car,Electric,587.07,0,Yes,No,2025-04-12 22:03:29.306712
CUST0626,Toys,Doll,Barbie,352.21,0,No,No,2025-02-27 08:52:57.306712
CUST0832,Toys,Car,Remote Control,639.2,4,No,No,2025-02-17 20:05:25.306712
CUST0519,Home,Lamp,LED,208.94,5,Yes,No,2025-03-02 18:00:52.306712
CUST0338,Books,Textbook,Math,367.72,2,No,No,2025-02-19 05:58:36.306712
CUST0489,Toys,Doll,Barbie,379.12,4,No,No,2025-02-12 06:35:31.306712
CUST0694,Electronics,Laptop,Gaming,573.18,3,No,No,2025-01-19 00:31:49.306712
CUST0454,Electronics,Headphones,Wired,793.27,7,Yes,Yes,2025-02-20 04:08:35.306712
CUST0097,Clothing,Jeans,Slim,322.67,4,No,No,2025-03-16 19:58:50.306712
CUST0642,Electronics,Laptop,Gaming,468.16,2,Yes,No,2025-02-20 04:05:03.306712
CUST0598,Clothing,T-Shirt,Round Neck,198.58,3,No,No,2025-02-01 16:06:37.306712
CUST0733,Toys,Doll,Action,423.56,6,Yes,Yes,2025-04-11 07:07:02.306712
CUST0194,Books,Textbook,Science,570.84,3,No,No,2025-01-26 02:52:52.306712
CUST0977,Toys,Doll,Barbie,273.11,6,Yes,No,2025-02-04 06:38:42.306712
CUST0090,Clothing,Jacket,Denim,442.99,5,Yes,Yes,2025-01-28 21:49:04.306712
CUST0470,Clothing,Jeans,Regular,469.84,2,Yes,No,2025-04-02 00:59:13.306712
CUST0122,Home,Table,Study,611.79,2,Yes,No,2025-01-28 15:25:02.306712
CUST0269,Toys,Car,Electric,339.68,1,No,No,2025-01-31 19:08:47.306712
CUST0144,Clothing,T-Shirt,V-Neck,491.31,1,Yes,No,2025-03-01 07:30:35.306712
CUST0499,Electronics,Laptop,Ultrabook,596.9,1,No,No,2025-03-31 10:11:11.306712
CUST0628,Home,Chair,Office,216.25,8,No,No,2025-03-23 11:27:48.306712
CUST0366,Home,Lamp,Halogen,255.11,2,No,No,2025-03-21 23:20:41.306712
CUST0463,Electronics,Mobile,Android,325.63,3,No,No,2025-01-17 11:37:58.306712
CUST0421,Electronics,Laptop,Ultrabook,579.45,1,No,No,2025-01-20 15:48:08.306712
CUST0200,Books,Biography,Celebrity,610.47,4,No,No,2025-03-31 11:56:55.306712
CUST0370,Toys,Doll,Action,167.07,2,No,No,2025-04-01 02:27:44.306712
CUST0402,Electronics,Mobile,Android,367.15,2,Yes,No,2025-03-08 00:09:13.306712
CUST0578,Clothing,Jacket,Leather,658.44,2,Yes,No,2025-03-16 03:33:02.306712
CUST0152,Books,Textbook,Math,518.14,1,Yes,No,2025-04-05 07:55:33.306712
CUST0429,Home,Chair,Dining,121.49,2,No,No,2025-03-25 20:44:35.306712
CUST0415,Electronics,Mobile,Android,448.71,5,No,No,2025-04-07 21:49:33.306712
CUST0154,Toys,Car,Electric,503.55,4,No,No,2025-03-18 05:17:39.306712
CUST0728,Electronics,Laptop,Ultrabook,549.04,5,Yes,Yes,2025-02-23 05:07:00.306712
CUST0571,Home,Chair,Office,436.03,4,No,No,2025-02-07 10:17:10.306712
CUST0380,Home,Lamp,Halogen,463.23,0,No,No,2025-03-10 21:10:23.306712
CUST0341,Electronics,Mobile,iOS,243.81,2,No,No,2025-02-03 02:46:15.306712
CUST0723,Home,Lamp,LED,486.57,2,No,No,2025-03-03 00:38:22.306712
CUST0511,Books,Textbook,Science,494.65,3,No,No,2025-04-13 02:47:21.306712
CUST0813,Clothing,T-Shirt,Round Neck,706.88,2,No,No,2025-03-01 21:41:38.306712
CUST0420,Clothing,Jacket,Leather,675.97,1,Yes,No,2025-02-08 00:41:37.306712
CUST0695,Books,Novel,Fiction,961.23,2,No,No,2025-03-04 22:50:16.306712
CUST0183,Clothing,Jeans,Regular,464.17,3,No,No,2025-03-24 11:57:25.306712
CUST0677,Clothing,Jeans,Slim,446.33,1,No,No,2025-01-31 08:21:04.306712
CUST0970,Clothing,T-Shirt,Round Neck,445.03,2,Yes,No,2025-03-09 06:57:42.306712
CUST0455,Home,Lamp,LED,398.25,2,No,No,2025-02-21 09:13:38.306712
CUST0107,Books,Textbook,Math,844.9,3,No,No,2025-02-24 10:03:23.306712
CUST0659,Books,Novel,Fiction,682.98,5,No,No,2025-02-15 14:13:51.306712
CUST0695,Electronics,Mobile,Android,192.08,6,No,No,2025-01-18 22:15:53.306712
CUST0213,Toys,Puzzle,3D,424.91,6,No,No,2025-02-12 13:00:48.306712
CUST0627,Electronics,Laptop,Ultrabook,818.38,2,Yes,No,2025-03-12 16:16:55.306712
CUST0488,Clothing,T-Shirt,V-Neck,497.76,2,No,No,2025-01-31 05:02:30.306712
CUST0746,Electronics,Headphones,Wireless,443.27,1,No,No,2025-03-21 02:23:17.306712
CUST0244,Clothing,Jacket,Leather,634.11,4,Yes,No,2025-01-28 19:19:23.306712
CUST0592,Books,Textbook,Math,563.51,2,Yes,No,2025-01-24 10:17:14.306712
CUST0003,Home,Chair,Office,651.17,4,No,No,2025-03-01 03:34:39.306712
CUST0088,Clothing,T-Shirt,V-Neck,253.15,3,No,No,2025-01-17 14:21:26.306712
CUST0887,Electronics,Headphones,Wireless,499.72,0,No,No,2025-04-09 09:08:39.306712
CUST0149,Toys,Puzzle,3D,879.81,1,No,No,2025-02-25 15:53:43.306712
CUST0767,Home,Chair,Dining,380.8,3,No,No,2025-03-30 04:20:40.306712
CUST0056,Home,Lamp,Halogen,669.89,4,Yes,Yes,2025-03-07 01:55:37.306712
CUST0549,Books,Novel,Fiction,537.79,3,Yes,Yes,2025-02-01 07:07:34.306712
CUST0155,Clothing,Jacket,Leather,416.11,4,No,No,2025-01-21 04:38:07.306712
CUST0172,Books,Textbook,Math,548.03,3,No,No,2025-04-11 00:56:05.306712
CUST0299,Home,Lamp,Halogen,509.58,4,No,No,2025-02-18 00:17:09.306712
CUST0516,Toys,Doll,Barbie,702.28,2,No,No,2025-03-26 10:02:43.306712
CUST0903,Home,Lamp,Halogen,566.69,3,No,No,2025-01-14 18:49:21.306712
CUST0865,Toys,Doll,Barbie,626.19,3,No,No,2025-03-17 07:11:51.306712
CUST0437,Home,Lamp,LED,353.6,2,No,No,2025-03-21 23:08:37.306712
CUST0643,Home,Lamp,LED,499.61,3,Yes,Yes,2025-02-03 15:03:27.306712
CUST0464,Toys,Doll,Action,362.64,2,No,No,2025-02-28 01:41:18.306712
CUST0507,Toys,Car,Remote Control,591.38,4,No,No,2025-01-14 21:02:36.306712
CUST0453,Electronics,Headphones,Wired,149.09,1,Yes,No,2025-02-22 22:53:24.306712
CUST0326,Books,Biography,Celebrity,586.7,2,Yes,No,2025-03-29 19:05:57.306712
CUST0889,Electronics,Laptop,Gaming,323.13,3,No,No,2025-01-27 07:44:11.306712
CUST0927,Toys,Car,Remote Control,380.45,3,No,No,2025-04-12 22:56:21.306712
CUST0157,Toys,Doll,Barbie,638.77,4,No,No,2025-02-21 05:40:21.306712
CUST0535,Electronics,Headphones,Wireless,435.37,6,Yes,No,2025-01-27 17:52:08.306712
CUST0916,Books,Textbook,Math,676.49,4,No,No,2025-03-23 04:39:55.306712
CUST0660,Books,Biography,Historical,521.08,1,No,No,2025-02-24 23:45:35.306712
CUST0028,Electronics,Laptop,Gaming,526.91,6,Yes,No,2025-01-20 17:52:25.306712
CUST0661,Toys,Doll,Barbie,572.68,3,No,No,2025-02-15 00:05:00.306712
CUST0397,Books,Textbook,Math,230.12,0,Yes,No,2025-03-31 16:26:58.306712
CUST0207,Electronics,Headphones,Wired,368.26,3,Yes,Yes,2025-02-28 07:55:30.306712
CUST0993,Toys,Doll,Barbie,53.48,2,No,No,2025-01-27 12:33:02.306712
CUST0478,Toys,Car,Electric,529.54,7,No,No,2025-04-10 15:41:04.306712
CUST0127,Clothing,Jeans,Slim,248.4,2,Yes,No,2025-03-08 13:16:38.306712
CUST0702,Home,Chair,Dining,164.32,3,No,No,2025-03-19 18:39:39.306712
CUST0703,Home,Chair,Dining,421.76,4,No,No,2025-03-31 09:14:14.306712
CUST0019,Electronics,Headphones,Wireless,737.77,10,No,No,2025-03-14 09:27:41.306712
CUST0570,Home,Table,Coffee,542.83,1,No,No,2025-03-05 05:14:52.306712
CUST0451,Electronics,Headphones,Wireless,545.09,1,Yes,No,2025-02-28 06:21:59.306712
CUST0002,Toys,Car,Remote Control,680.21,3,No,No,2025-03-01 16:25:42.306712
CUST0894,Electronics,Laptop,Gaming,232.43,4,No,No,2025-01-17 08:01:58.306712
CUST0492,Books,Textbook,Math,282.72,3,Yes,No,2025-01-18 19:55:40.306712
CUST0483,Home,Chair,Dining,552.12,2,No,No,2025-02-04 11:01:37.306712
CUST0231,Books,Textbook,Science,573.88,7,No,No,2025-03-25 13:54:27.306712
CUST0454,Toys,Doll,Action,465.45,3,No,No,2025-03-22 09:53:38.306712
CUST0156,Home,Lamp,LED,481.03,0,No,No,2025-03-19 12:41:41.306712
CUST0055,Home,Chair,Office,509.78,6,Yes,Yes,2025-04-03 23:09:35.306712
CUST0585,Electronics,Mobile,iOS,642.86,2,No,No,2025-01-18 11:01:54.306712
CUST0835,Electronics,Laptop,Ultrabook,323.95,1,No,No,2025-01-16 05:37:34.306712
CUST0744,Clothing,T-Shirt,V-Neck,301.85,1,No,No,2025-01-18 04:12:07.306712
CUST0153,Home,Table,Study,599.59,2,Yes,No,2025-03-09 09:33:13.306712
CUST0485,Clothing,Jacket,Leather,877.44,2,No,No,2025-03-22 19:04:42.306712
CUST0700,Toys,Puzzle,Jigsaw,346.32,3,No,No,2025-01-21 11:03:44.306712
CUST0013,Clothing,Jacket,Denim,638.62,3,Yes,Yes,2025-03-15 03:05:24.306712
CUST0810,Toys,Doll,Action,672.05,2,Yes,No,2025-03-17 11:08:06.306712
CUST0472,Home,Table,Coffee,678.3,4,No,No,2025-04-07 19:09:08.306712
CUST0614,Books,Biography,Celebrity,602.59,6,No,No,2025-03-27 03:33:19.306712
CUST0317,Home,Chair,Dining,324.13,1,No,No,2025-01-28 04:52:05.306712
CUST0393,Toys,Car,Remote Control,764.78,3,No,No,2025-03-19 10:57:58.306712
CUST0665,Clothing,T-Shirt,V-Neck,373.96,4,No,No,2025-01-21 14:29:34.306712
CUST0415,Home,Chair,Dining,478.6,2,Yes,No,2025-03-30 02:22:44.306712
CUST0737,Clothing,Jeans,Regular,553.56,1,No,No,2025-01-17 07:53:33.306712
CUST0964,Home,Chair,Office,679.0,1,No,No,2025-02-05 15:36:37.306712
CUST0470,Toys,Puzzle,3D,294.58,2,No,No,2025-03-31 03:40:17.306712
CUST0434,Books,Textbook,Science,410.34,1,No,No,2025-02-19 08:04:57.306712
CUST0547,Electronics,Headphones,Wired,614.2,5,Yes,No,2025-01-13 23:22:59.306712
CUST0858,Toys,Doll,Action,207.51,5,No,No,2025-03-02 16:54:29.306712
CUST0786,Electronics,Laptop,Ultrabook,581.5,1,Yes,No,2025-03-12 15:18:04.306712
CUST0674,Electronics,Laptop,Ultrabook,977.69,3,No,No,2025-03-14 06:08:03.306712
CUST0741,Books,Textbook,Math,459.31,2,Yes,No,2025-02-09 05:04:26.306712
CUST0280,Toys,Car,Electric,375.97,4,No,No,2025-03-04 13:25:22.306712
CUST0060,Clothing,Jeans,Regular,375.98,3,Yes,Yes,2025-03-25 19:38:39.306712
CUST0047,Home,Lamp,Halogen,407.21,4,No,No,2025-02-08 06:56:21.306712
CUST0339,Electronics,Headphones,Wired,591.56,1,No,No,2025-02-02 19:26:22.306712
CUST0188,Home,Lamp,LED,194.78,3,No,No,2025-02-13 07:39:10.306712
CUST0149,Books,Textbook,Math,324.84,3,No,No,2025-01-22 22:37:38.306712
CUST0923,Electronics,Mobile,Android,671.49,4,No,No,2025-04-11 23:05:18.306712
CUST0718,Toys,Doll,Barbie,332.64,3,No,No,2025-03-06 09:03:10.306712
CUST0257,Books,Textbook,Science,352.91,5,No,No,2025-04-10 14:31:16.306712
CUST0524,Toys,Car,Remote Control,476.74,5,Yes,No,2025-04-02 23:27:36.306712
CUST0170,Electronics,Mobile,iOS,72.09,1,Yes,No,2025-04-03 18:40:32.306712
CUST0591,Books,Novel,Fiction,667.17,4,Yes,Yes,2025-03-18 11:58:07.306712
CUST0465,Clothing,Jacket,Denim,612.81,2,Yes,No,2025-03-21 19:25:42.306712
CUST0960,Toys,Puzzle,Jigsaw,413.16,2,Yes,No,2025-04-09 09:49:05.306712
CUST0160,Clothing,Jacket,Denim,391.02,2,No,No,2025-02-08 04:59:28.306712
CUST0159,Home,Table,Study,641.22,3,No,No,2025-03-18 20:23:58.306712
CUST0955,Clothing,T-Shirt,V-Neck,452.52,5,No,No,2025-04-06 04:29:08.306712
CUST0340,Home,Table,Coffee,253.47,2,No,No,2025-04-03 09:04:57.306712
CUST0589,Toys,Doll,Barbie,490.22,3,Yes,No,2025-01-27 04:32:14.306712
CUST0992,Electronics,Laptop,Ultrabook,174.0,3,No,No,2025-03-20 19:54:52.306712
CUST0262,Toys,Car,Remote Control,255.79,9,No,No,2025-02-25 21:27:10.306712
CUST0313,Books,Novel,Mystery,591.71,2,No,No,2025-01-30 10:49:40.306712
CUST0598,Clothing,Jeans,Slim,577.12,3,Yes,Yes,2025-03-07 16:18:12.306712
CUST0941,Home,Table,Study,511.55,1,No,No,2025-03-31 15:17:31.306712
CUST0901,Clothing,T-Shirt,V-Neck,359.77,1,No,No,2025-02-24 05:39:43.306712
CUST0081,Books,Novel,Mystery,643.0,1,No,No,2025-02-15 03:01:11.306712
CUST0549,Electronics,Laptop,Ultrabook,578.42,1,No,No,2025-04-01 05:45:28.306712
CUST0148,Toys,Puzzle,3D,317.08,2,No,No,2025-02-25 19:29:25.306712
CUST0886,Books,Textbook,Science,50.0,1,Yes,No,2025-03-11 18:15:23.306712
CUST0555,Toys,Doll,Action,627.57,3,No,No,2025-02-14 14:39:20.306712
CUST0301,Home,Lamp,Halogen,350.46,3,No,No,2025-04-09 06:51:14.306712
CUST0463,Home,Chair,Office,573.45,0,Yes,No,2025-02-09 11:08:17.306712
CUST0005,Electronics,Headphones,Wireless,454.48,0,No,No,2025-03-24 14:41:08.306712
CUST0959,Toys,Car,Electric,427.3,2,No,No,2025-02-22 21:25:58.306712
CUST0912,Electronics,Headphones,Wired,191.65,4,No,No,2025-03-12 23:07:10.306712
CUST0446,Clothing,Jacket,Denim,757.37,3,No,No,2025-02-14 19:50:54.306712
CUST0680,Electronics,Headphones,Wireless,543.37,6,No,No,2025-02-06 21:27:55.306712
CUST0386,Clothing,Jacket,Leather,510.74,4,Yes,Yes,2025-04-05 02:14:02.306712
CUST0286,Toys,Doll,Action,452.15,0,Yes,No,2025-02-28 23:13:38.306712
CUST0619,Clothing,Jeans,Regular,767.9,4,Yes,Yes,2025-04-12 22:34:17.306712
CUST0909,Electronics,Laptop,Ultrabook,482.6,2,No,No,2025-03-08 08:00:40.306712
CUST0823,Books,Novel,Fiction,599.6,3,No,No,2025-03-22 14:11:15.306712
CUST0944,Clothing,T-Shirt,V-Neck,598.9,3,No,No,2025-01-16 05:57:57.306712
CUST0674,Books,Biography,Celebrity,234.66,1,Yes,No,2025-03-04 20:18:05.306712
CUST0031,Home,Chair,Office,560.93,3,No,No,2025-02-19 06:47:37.306712
CUST0036,Clothing,Jacket,Leather,482.21,4,Yes,Yes,2025-04-13 04:49:09.306712
CUST0307,Clothing,T-Shirt,Round Neck,485.34,3,No,No,2025-02-03 04:56:48.306712
CUST0858,Books,Textbook,Math,423.62,2,No,No,2025-04-01 23:58:18.306712
CUST0907,Books,Novel,Mystery,561.02,4,Yes,No,2025-01-29 05:34:31.306712
CUST0292,Home,Lamp,Halogen,748.72,3,No,No,2025-02-23 03:04:27.306712
CUST0193,Electronics,Mobile,Android,291.8,4,No,No,2025-03-15 05:49:24.306712
CUST0079,Clothing,Jacket,Leather,418.46,1,Yes,No,2025-03-02 05:34:46.306712
CUST0558,Clothing,Jacket,Denim,671.78,2,No,No,2025-03-06 21:31:44.306712
CUST0777,Electronics,Laptop,Ultrabook,617.42,1,No,No,2025-01-21 00:57:47.306712
CUST0327,Home,Lamp,Halogen,230.52,3,No,No,2025-03-04 08:58:31.306712
CUST0411,Books,Novel,Mystery,427.86,4,No,No,2025-02-24 13:11:04.306712
CUST0334,Home,Chair,Office,194.12,2,No,No,2025-01-29 13:15:22.306712
CUST0644,Toys,Car,Electric,162.47,4,No,No,2025-02-15 09:10:13.306712
CUST0143,Electronics,Mobile,iOS,348.35,1,Yes,No,2025-02-24 12:40:43.306712
CUST0599,Electronics,Laptop,Ultrabook,724.26,3,Yes,Yes,2025-04-13 01:24:56.306712
CUST0732,Toys,Car,Remote Control,317.35,0,No,No,2025-01-30 13:23:12.306712
CUST0550,Toys,Puzzle,3D,438.28,2,No,No,2025-02-26 02:27:55.306712
CUST0905,Electronics,Laptop,Gaming,589.69,4,Yes,Yes,2025-01-21 04:51:00.306712
CUST0686,Clothing,Jacket,Leather,350.76,3,No,No,2025-04-02 14:06:15.306712
CUST0632,Toys,Car,Remote Control,279.55,4,No,No,2025-01-22 08:38:43.306712
CUST0812,Clothing,T-Shirt,Round Neck,50.0,4,No,No,2025-04-12 15:12:48.306712
CUST0018,Clothing,Jeans,Regular,431.77,1,No,No,2025-03-05 06:46:25.306712
CUST0447,Home,Chair,Dining,422.57,3,Yes,No,2025-03-27 05:26:00.306712
CUST0493,Toys,Doll,Barbie,399.95,3,No,No,2025-02-24 00:17:33.306712
CUST0968,Toys,Car,Remote Control,474.21,2,No,No,2025-01-31 13:58:08.306712
CUST0483,Clothing,Jacket,Denim,143.42,5,No,No,2025-03-26 05:41:11.306712
CUST0388,Electronics,Headphones,Wireless,602.23,3,No,No,2025-01-28 00:39:46.306712
CUST0007,Toys,Doll,Action,337.42,6,No,No,2025-03-08 23:30:55.306712
CUST0232,Home,Lamp,LED,390.82,2,No,No,2025-03-26 16:24:07.306712
CUST0008,Books,Novel,Fiction,219.09,1,No,No,2025-04-03 11:58:45.306712
CUST0228,Home,Table,Study,285.07,3,Yes,No,2025-03-27 18:03:48.306712
CUST0775,Home,Lamp,LED,324.92,8,No,No,2025-02-15 17:24:23.306712
CUST0913,Books,Novel,Fiction,291.7,3,No,No,2025-03-17 15:41:00.306712
CUST0133,Books,Biography,Historical,780.62,4,No,No,2025-01-18 22:32:21.306712
CUST0261,Home,Chair,Dining,346.06,4,No,No,2025-03-06 00:55:01.306712
CUST0366,Toys,Doll,Barbie,480.2,3,Yes,Yes,2025-01-25 17:24:01.306712
CUST0795,Books,Novel,Fiction,213.53,5,No,No,2025-01-30 00:49:56.306712
CUST0564,Home,Lamp,LED,771.72,2,No,No,2025-02-12 19:36:59.306712
CUST0727,Clothing,Jeans,Slim,686.16,4,No,No,2025-03-28 14:49:29.306712
CUST0745,Clothing,Jeans,Regular,341.61,5,No,No,2025-02-15 07:13:09.306712
CUST0298,Books,Textbook,Math,658.51,2,No,No,2025-03-10 17:00:49.306712
CUST0815,Books,Biography,Historical,481.73,7,No,No,2025-02-10 23:20:29.306712
CUST0107,Electronics,Laptop,Ultrabook,352.86,3,Yes,No,2025-03-06 16:31:15.306712
CUST0875,Electronics,Laptop,Ultrabook,590.01,2,No,No,2025-03-16 09:59:30.306712
CUST0804,Home,Lamp,Halogen,838.38,1,No,No,2025-02-05 02:46:26.306712
CUST0541,Books,Biography,Celebrity,321.1,7,No,No,2025-03-13 14:37:38.306712
CUST0011,Home,Lamp,Halogen,309.07,3,No,No,2025-03-26 22:48:21.306712
CUST0688,Books,Biography,Historical,239.35,0,Yes,No,2025-02-02 15:04:50.306712
CUST0192,Clothing,Jacket,Leather,564.37,4,No,No,2025-03-21 11:30:51.306712
CUST0167,Home,Table,Study,270.14,2,No,No,2025-02-16 17:00:08.306712
CUST0548,Books,Textbook,Science,462.01,1,No,No,2025-01-16 07:47:38.306712
CUST0011,Books,Novel,Fiction,615.41,2,Yes,No,2025-03-20 06:38:07.306712
CUST0630,Home,Lamp,Halogen,485.48,3,No,No,2025-01-29 00:14:11.306712
CUST0432,Home,Chair,Dining,707.01,1,Yes,No,2025-02-22 13:35:02.306712
CUST0025,Toys,Car,Remote Control,464.33,3,Yes,Yes,2025-01-21 18:36:00.306712
CUST0132,Electronics,Mobile,Android,468.46,2,No,No,2025-03-10 10:11:39.306712
CUST0524,Electronics,Headphones,Wireless,544.14,4,Yes,Yes,2025-03-03 11:53:57.306712
CUST0511,Electronics,Laptop,Gaming,761.05,6,No,No,2025-03-07 08:31:01.306712
CUST0230,Clothing,Jeans,Regular,440.08,3,No,No,2025-03-07 21:09:04.306712
CUST0640,Electronics,Laptop,Gaming,341.93,8,Yes,Yes,2025-03-19 21:56:24.306712
CUST0018,Electronics,Laptop,Gaming,311.1,0,No,No,2025-02-02 13:51:43.306712
CUST0469,Home,Chair,Dining,594.88,3,No,No,2025-02-21 16:53:29.306712
CUST0470,Electronics,Mobile,iOS,467.97,5,Yes,Yes,2025-03-04 04:04:07.306712
CUST0786,Books,Novel,Mystery,258.72,3,No,No,2025-04-13 09:56:36.306712
CUST0391,Home,Table,Study,408.78,6,No,No,2025-03-18 14:13:49.306712
CUST0636,Home,Lamp,Halogen,257.26,1,No,No,2025-02-16 19:48:27.306712
CUST0984,Books,Biography,Celebrity,289.34,1,Yes,No,2025-03-13 21:20:45.306712
CUST0584,Home,Lamp,LED,576.46,4,Yes,No,2025-02-13 23:39:58.306712
CUST0919,Clothing,Jacket,Denim,368.23,5,No,No,2025-01-26 12:27:11.306712
CUST0577,Electronics,Laptop,Gaming,212.79,5,No,No,2025-02-11 16:05:50.306712
CUST0527,Home,Lamp,LED,408.59,4,No,No,2025-03-08 19:07:03.306712
CUST0230,Toys,Doll,Barbie,158.41,4,Yes,No,2025-01-26 05:24:39.306712
CUST0757,Home,Chair,Office,511.0,4,Yes,No,2025-04-10 07:53:08.306712
CUST0685,Toys,Car,Electric,525.83,3,No,No,2025-03-29 17:42:53.306712
CUST0778,Electronics,Laptop,Ultrabook,724.12,5,No,No,2025-01-22 20:33:07.306712
CUST0895,Electronics,Headphones,Wireless,494.16,1,No,No,2025-01-22 11:48:56.306712
CUST0307,Home,Lamp,Halogen,535.13,5,No,No,2025-03-23 11:51:45.306712
CUST0303,Home,Chair,Office,492.76,3,No,No,2025-04-01 13:15:50.306712
CUST0210,Electronics,Headphones,Wireless,327.73,6,No,No,2025-02-28 11:43:59.306712
CUST0646,Books,Textbook,Science,510.11,5,No,No,2025-02-27 11:36:16.306712
CUST0208,Electronics,Headphones,Wireless,431.14,1,No,No,2025-02-11 15:41:05.306712
CUST0974,Electronics,Mobile,iOS,479.4,1,No,No,2025-03-20 20:10:40.306712
CUST0879,Clothing,T-Shirt,Round Neck,343.51,7,No,No,2025-03-30 19:11:16.306712
CUST0173,Home,Lamp,LED,519.1,3,No,No,2025-03-26 01:02:04.306712
CUST0720,Clothing,Jacket,Leather,475.62,2,Yes,No,2025-03-29 13:11:53.306712
CUST0447,Clothing,Jeans,Slim,527.4,5,Yes,No,2025-01-22 06:30:33.306712
CUST0181,Electronics,Headphones,Wireless,420.27,5,No,No,2025-02-17 15:01:04.306712
CUST0736,Clothing,Jeans,Regular,379.82,2,No,No,2025-03-10 00:17:57.306712
CUST0325,Toys,Car,Electric,508.77,5,No,No,2025-03-23 04:34:05.306712
CUST0028,Home,Lamp,Halogen,620.23,2,Yes,No,2025-01-22 02:30:59.306712
CUST0140,Clothing,T-Shirt,V-Neck,409.63,2,No,No,2025-02-11 21:02:49.306712
CUST0417,Electronics,Mobile,Android,231.36,4,No,No,2025-03-30 09:45:40.306712
CUST0117,Clothing,Jeans,Slim,462.41,3,No,No,2025-02-07 22:40:25.306712
CUST0821,Toys,Car,Remote Control,337.9,1,No,No,2025-02-28 10:21:07.306712
CUST0071,Clothing,T-Shirt,V-Neck,197.54,6,No,No,2025-03-21 16:27:22.306712
CUST0181,Books,Biography,Celebrity,422.95,4,No,No,2025-01-21 23:21:21.306712
CUST0191,Books,Novel,Mystery,317.23,1,No,No,2025-04-03 01:30:39.306712
CUST0132,Electronics,Mobile,Android,247.25,2,No,No,2025-01-16 00:35:58.306712
CUST0792,Clothing,Jacket,Leather,731.1,1,No,No,2025-04-09 05:23:39.306712
CUST0713,Clothing,Jacket,Leather,633.69,3,No,No,2025-02-04 05:39:59.306712
CUST0041,Electronics,Laptop,Ultrabook,344.76,2,Yes,No,2025-03-08 22:13:23.306712
CUST0036,Clothing,Jacket,Leather,638.4,1,No,No,2025-03-08 11:54:39.306712
CUST0559,Toys,Car,Electric,349.79,5,Yes,No,2025-03-20 06:43:17.306712
CUST0423,Home,Lamp,LED,467.38,3,Yes,Yes,2025-04-03 13:25:47.306712
CUST0587,Electronics,Headphones,Wireless,281.81,2,No,No,2025-03-04 07:53:51.306712
CUST0158,Electronics,Headphones,Wireless,502.37,2,No,No,2025-02-01 04:02:41.306712
CUST0329,Books,Textbook,Math,771.69,0,No,No,2025-01-22 15:28:16.306712
CUST0453,Clothing,T-Shirt,V-Neck,606.07,4,No,No,2025-04-09 01:05:03.306712
CUST0884,Books,Biography,Historical,525.02,2,Yes,No,2025-02-11 16:10:04.306712
CUST0998,Electronics,Laptop,Gaming,891.94,2,No,No,2025-01-14 14:38:17.306712
CUST0879,Clothing,Jacket,Leather,822.99,4,No,No,2025-03-14 13:07:59.306712
CUST0118,Toys,Doll,Action,498.23,3,Yes,Yes,2025-04-02 10:57:23.306712
CUST0888,Electronics,Mobile,Android,592.75,1,Yes,No,2025-03-24 14:59:46.306712
CUST0211,Clothing,T-Shirt,Round Neck,531.94,2,No,No,2025-02-08 23:00:42.306712
CUST0976,Home,Table,Study,556.7,2,Yes,No,2025-02-24 05:50:31.306712
CUST0029,Books,Novel,Mystery,743.51,2,No,No,2025-04-10 08:13:31.306712
CUST0532,Books,Biography,Celebrity,598.97,4,No,No,2025-01-19 03:25:29.306712
CUST0847,Books,Biography,Celebrity,396.13,5,No,No,2025-03-27 10:27:35.306712
CUST0721,Clothing,Jeans,Regular,458.63,4,No,No,2025-01-28 06:26:35.306712
CUST0232,Electronics,Laptop,Gaming,246.63,6,No,No,2025-01-24 22:23:50.306712
CUST0404,Electronics,Mobile,iOS,394.92,7,No,No,2025-03-16 21:18:41.306712
CUST0516,Electronics,Mobile,Android,350.73,0,No,No,2025-02-13 03:16:14.306712
CUST0790,Books,Novel,Fiction,369.5,5,No,No,2025-03-28 06:24:46.306712
CUST0878,Toys,Car,Remote Control,539.03,1,No,No,2025-04-06 23:28:47.306712
CUST0791,Clothing,T-Shirt,V-Neck,1048.64,1,No,No,2025-02-21 05:47:36.306712
CUST0891,Books,Novel,Fiction,720.09,4,Yes,Yes,2025-03-13 11:51:43.306712
CUST0288,Books,Textbook,Science,712.64,2,Yes,No,2025-02-21 01:46:32.306712
CUST0703,Toys,Puzzle,Jigsaw,531.74,3,No,No,2025-03-28 20:48:12.306712
CUST0254,Clothing,Jacket,Denim,438.46,2,Yes,No,2025-01-19 06:17:59.306712
CUST0030,Books,Novel,Mystery,286.03,3,No,No,2025-03-05 06:40:55.306712
CUST0839,Electronics,Mobile,iOS,332.9,5,Yes,No,2025-01-19 21:17:50.306712
CUST0281,Electronics,Headphones,Wired,381.65,4,Yes,Yes,2025-01-31 05:42:14.306712
CUST0222,Home,Chair,Office,554.45,4,Yes,No,2025-02-21 22:45:54.306712
CUST0346,Toys,Doll,Action,586.42,9,No,No,2025-02-10 05:01:55.306712
CUST0903,Toys,Car,Electric,541.13,1,No,No,2025-03-15 00:00:59.306712
CUST0897,Clothing,T-Shirt,V-Neck,432.05,1,No,No,2025-02-15 00:56:01.306712
CUST0615,Electronics,Headphones,Wired,295.5,1,No,No,2025-01-31 14:47:17.306712
CUST0146,Toys,Doll,Barbie,491.4,4,Yes,No,2025-03-07 22:44:57.306712
CUST0969,Home,Table,Study,189.81,1,No,No,2025-02-17 01:54:24.306712
CUST0324,Electronics,Mobile,Android,201.21,8,No,No,2025-04-10 07:45:29.306712
CUST0590,Books,Novel,Fiction,890.05,5,No,No,2025-04-12 18:24:52.306712
CUST0319,Toys,Puzzle,Jigsaw,219.22,4,No,No,2025-02-24 02:21:57.306712
CUST0508,Toys,Car,Electric,343.45,3,No,No,2025-03-07 16:40:41.306712
CUST0728,Books,Novel,Mystery,341.37,4,No,No,2025-04-08 18:10:13.306712
CUST0577,Clothing,T-Shirt,Round Neck,253.05,3,No,No,2025-03-06 03:35:36.306712
CUST0018,Electronics,Laptop,Gaming,408.61,2,No,No,2025-02-22 10:21:16.306712
CUST0262,Books,Biography,Celebrity,232.22,3,No,No,2025-02-22 15:14:58.306712
CUST0432,Home,Table,Study,696.08,2,No,No,2025-03-26 03:59:34.306712
CUST0492,Home,Chair,Dining,650.42,2,No,No,2025-02-04 22:12:38.306712
CUST0503,Electronics,Mobile,Android,649.97,1,Yes,No,2025-02-21 09:01:34.306712
CUST0234,Electronics,Laptop,Ultrabook,792.44,6,No,No,2025-02-16 00:35:34.306712
CUST0912,Clothing,Jacket,Denim,510.24,3,No,No,2025-03-01 04:30:51.306712
CUST0410,Electronics,Mobile,iOS,732.78,5,No,No,2025-02-17 07:13:06.306712
CUST0526,Home,Chair,Office,637.51,3,No,No,2025-01-24 06:38:11.306712
CUST0768,Home,Lamp,LED,485.44,5,Yes,Yes,2025-01-30 19:35:02.306712
CUST0558,Electronics,Headphones,Wired,131.66,1,No,No,2025-03-23 13:44:33.306712
CUST0220,Books,Novel,Fiction,127.21,6,No,No,2025-02-22 17:03:29.306712
CUST0552,Books,Novel,Fiction,570.02,2,No,No,2025-02-12 07:22:02.306712
CUST0396,Electronics,Mobile,iOS,841.81,3,No,No,2025-01-20 21:35:35.306712
CUST0092,Toys,Car,Electric,431.26,3,Yes,Yes,2025-03-27 03:57:57.306712
CUST0023,Home,Lamp,Halogen,222.82,1,No,No,2025-03-23 08:56:15.306712
CUST0646,Home,Lamp,Halogen,410.84,3,No,No,2025-04-11 20:06:44.306712
CUST0265,Clothing,Jacket,Denim,413.98,2,Yes,No,2025-03-03 03:05:42.306712
CUST0994,Clothing,Jeans,Regular,89.14,2,No,No,2025-04-13 07:22:25.306712
CUST0870,Clothing,Jeans,Regular,393.29,4,No,No,2025-01-22 04:45:48.306712
CUST0274,Electronics,Mobile,iOS,252.64,2,No,No,2025-04-08 16:25:27.306712
CUST0819,Home,Table,Study,431.53,2,No,No,2025-02-09 18:32:10.306712
CUST0347,Toys,Doll,Action,879.96,3,Yes,No,2025-01-16 06:59:23.306712
CUST0010,Clothing,T-Shirt,Round Neck,696.0,4,No,No,2025-01-22 12:14:43.306712
CUST0616,Books,Textbook,Math,459.31,3,No,No,2025-01-28 06:49:30.306712
CUST0509,Clothing,T-Shirt,V-Neck,546.75,4,No,No,2025-04-01 04:00:54.306712
CUST0602,Books,Biography,Historical,227.2,5,Yes,No,2025-03-17 18:37:01.306712
CUST0878,Books,Textbook,Math,580.19,0,No,No,2025-02-20 10:18:59.306712
CUST0817,Toys,Puzzle,3D,304.9,1,No,No,2025-03-18 09:43:59.306712
CUST0805,Electronics,Headphones,Wired,622.57,0,No,No,2025-04-04 20:15:33.306712
CUST0696,Books,Novel,Fiction,161.33,2,No,No,2025-02-07 14:52:17.306712
CUST0031,Toys,Car,Electric,528.4,3,No,No,2025-02-21 23:09:12.306712
CUST0700,Home,Chair,Office,997.36,2,Yes,No,2025-01-20 06:27:32.306712
CUST0194,Books,Textbook,Science,545.24,3,Yes,No,2025-03-27 16:15:24.306712
CUST0793,Electronics,Mobile,iOS,330.76,6,No,No,2025-04-02 18:11:38.306712
CUST0541,Home,Table,Study,737.33,3,Yes,Yes,2025-03-26 21:21:17.306712
CUST0985,Books,Biography,Historical,709.56,3,No,No,2025-01-15 00:32:33.306712
CUST0708,Books,Novel,Mystery,484.57,1,No,No,2025-03-09 21:21:33.306712
CUST0339,Toys,Doll,Barbie,426.15,0,No,No,2025-02-12 02:37:33.306712
CUST0831,Clothing,Jacket,Denim,1025.85,2,No,No,2025-02-07 06:35:18.306712
CUST0292,Toys,Car,Remote Control,667.18,1,No,No,2025-02-24 00:55:26.306712
CUST0590,Home,Lamp,LED,244.71,3,Yes,No,2025-03-26 12:54:17.306712
CUST0770,Books,Textbook,Science,573.53,4,No,No,2025-04-05 12:35:26.306712
CUST0446,Clothing,Jeans,Regular,331.3,5,No,No,2025-01-29 20:57:57.306712
CUST0513,Electronics,Mobile,Android,298.08,3,No,No,2025-02-22 19:00:10.306712
CUST0991,Electronics,Headphones,Wired,220.89,3,No,No,2025-02-02 09:10:21.306712
CUST0278,Home,Lamp,Halogen,561.11,4,Yes,No,2025-02-13 11:20:57.306712
CUST0600,Clothing,T-Shirt,V-Neck,484.76,4,No,No,2025-03-19 23:06:13.306712
CUST0121,Books,Textbook,Math,482.67,3,No,No,2025-03-07 23:39:55.306712
CUST0234,Clothing,Jeans,Regular,483.89,3,No,No,2025-04-11 19:21:59.306712
CUST0750,Toys,Car,Remote Control,931.5,5,Yes,No,2025-03-21 04:40:55.306712
CUST0979,Electronics,Mobile,Android,711.01,6,Yes,Yes,2025-02-27 16:01:04.306712
CUST0570,Electronics,Mobile,iOS,663.96,4,Yes,No,2025-02-15 07:25:41.306712
CUST0460,Books,Novel,Fiction,564.68,3,No,No,2025-01-17 11:37:54.306712
CUST0877,Home,Table,Study,378.65,6,No,No,2025-03-08 19:47:06.306712
CUST0289,Electronics,Headphones,Wired,463.0,2,No,No,2025-01-30 09:01:21.306712
CUST0641,Clothing,Jeans,Regular,227.58,3,No,No,2025-03-29 15:26:45.306712
CUST0154,Toys,Puzzle,Jigsaw,591.16,3,No,No,2025-03-01 10:35:23.306712
CUST0174,Toys,Doll,Action,381.06,1,No,No,2025-04-06 22:51:16.306712
CUST0416,Books,Textbook,Math,867.26,2,Yes,No,2025-03-18 13:03:09.306712
CUST0214,Electronics,Mobile,iOS,527.51,2,No,No,2025-04-09 11:00:28.306712
CUST0334,Books,Biography,Celebrity,547.55,4,No,No,2025-03-23 12:53:40.306712
CUST0484,Electronics,Mobile,iOS,477.75,3,Yes,No,2025-01-26 02:52:42.306712
CUST0905,Electronics,Headphones,Wired,933.28,2,No,No,2025-01-17 03:37:40.306712
CUST0692,Toys,Car,Remote Control,642.11,2,No,No,2025-01-20 14:16:03.306712
CUST0955,Electronics,Laptop,Gaming,482.03,5,No,No,2025-01-24 18:29:11.306712
CUST0427,Electronics,Mobile,iOS,818.2,5,Yes,No,2025-02-07 12:54:29.306712
CUST0261,Books,Textbook,Math,280.75,2,No,No,2025-01-23 12:22:30.306712
CUST0597,Toys,Puzzle,Jigsaw,261.38,2,Yes,No,2025-03-28 03:02:56.306712
CUST0591,Books,Biography,Celebrity,322.63,5,No,No,2025-01-30 06:04:02.306712
CUST0750,Home,Lamp,LED,385.81,1,No,No,2025-03-25 13:06:53.306712
CUST0833,Toys,Car,Remote Control,609.39,2,No,No,2025-03-23 11:39:59.306712
CUST0190,Clothing,Jeans,Regular,686.69,1,Yes,No,2025-02-10 21:31:27.306712
CUST0573,Books,Biography,Historical,387.19,4,No,No,2025-01-18 23:52:14.306712
CUST0481,Toys,Car,Electric,358.36,2,No,No,2025-03-15 22:05:14.306712
CUST0151,Home,Chair,Office,515.56,1,No,No,2025-02-14 23:15:26.306712
CUST0954,Electronics,Mobile,Android,456.26,4,Yes,No,2025-03-25 02:24:23.306712
CUST0790,Toys,Puzzle,Jigsaw,546.59,3,No,No,2025-03-27 19:22:00.306712
CUST0170,Books,Biography,Historical,554.52,4,No,No,2025-03-14 04:06:06.306712
CUST0419,Books,Biography,Historical,485.85,5,No,No,2025-01-27 22:00:17.306712
CUST0555,Books,Biography,Historical,343.14,2,No,No,2025-03-07 20:11:45.306712
CUST0221,Toys,Car,Remote Control,247.63,4,No,No,2025-02-27 02:37:17.306712
CUST0065,Books,Biography,Celebrity,196.56,2,No,No,2025-03-28 02:25:29.306712
CUST0846,Toys,Puzzle,Jigsaw,612.35,5,No,No,2025-03-29 03:01:13.306712
CUST0735,Electronics,Mobile,Android,307.52,2,Yes,No,2025-03-20 19:23:38.306712
CUST0763,Books,Novel,Fiction,364.18,0,No,No,2025-02-25 21:49:45.306712
CUST0048,Clothing,Jeans,Slim,525.47,2,Yes,No,2025-03-05 17:54:05.306712
CUST0647,Toys,Car,Remote Control,310.83,2,Yes,No,2025-04-12 17:44:27.306712
CUST0731,Books,Textbook,Math,760.94,3,No,No,2025-01-29 10:51:55.306712
CUST0038,Books,Textbook,Math,318.78,3,No,No,2025-03-09 21:53:13.306712
CUST0988,Toys,Puzzle,3D,606.4,3,No,No,2025-03-03 12:01:17.306712
CUST0278,Toys,Puzzle,3D,725.6,1,No,No,2025-03-02 05:57:51.306712
CUST0740,Home,Table,Study,355.17,2,No,No,2025-04-07 12:20:17.306712
CUST0420,Clothing,Jacket,Denim,813.65,2,No,No,2025-02-16 06:11:57.306712
CUST0061,Books,Biography,Celebrity,333.85,7,Yes,No,2025-02-20 20:32:35.306712
CUST0325,Books,Novel,Mystery,501.35,4,No,No,2025-02-28 05:27:27.306712
CUST0405,Home,Table,Study,597.99,2,Yes,No,2025-01-22 05:28:46.306712
CUST0792,Toys,Car,Electric,768.7,5,No,No,2025-03-03 06:17:05.306712
CUST0106,Books,Textbook,Science,141.69,2,Yes,No,2025-03-02 21:35:08.306712
CUST0489,Toys,Doll,Barbie,530.22,0,Yes,No,2025-04-06 22:03:38.306712
CUST0942,Electronics,Mobile,iOS,516.61,3,No,No,2025-02-14 22:06:56.306712
CUST0784,Clothing,T-Shirt,Round Neck,644.49,4,No,No,2025-01-31 13:23:11.306712
CUST0448,Clothing,Jeans,Slim,50.0,5,Yes,Yes,2025-01-25 15:29:24.306712
CUST0866,Books,Textbook,Science,534.67,1,No,No,2025-02-16 00:50:24.306712
CUST0176,Home,Lamp,LED,647.36,3,No,No,2025-02-05 22:59:21.306712
CUST0011,Toys,Car,Electric,303.16,2,No,No,2025-02-27 07:27:00.306712
CUST0772,Home,Chair,Dining,720.11,7,No,No,2025-02-04 13:23:02.306712
CUST0344,Electronics,Laptop,Ultrabook,403.68,4,Yes,Yes,2025-01-27 22:11:53.306712
CUST0279,Books,Biography,Celebrity,568.02,1,No,No,2025-02-18 05:55:39.306712
CUST0126,Clothing,Jeans,Slim,524.87,2,No,No,2025-03-01 07:46:50.306712
CUST0779,Toys,Car,Electric,671.68,3,No,No,2025-01-19 12:19:12.306712
CUST0738,Home,Chair,Dining,50.0,1,Yes,No,2025-03-24 17:40:56.306712
CUST0947,Books,Textbook,Math,388.37,5,No,No,2025-02-01 08:32:24.306712
CUST0140,Books,Biography,Historical,184.45,2,Yes,No,2025-02-03 14:04:48.306712
CUST0265,Clothing,T-Shirt,V-Neck,566.34,4,No,No,2025-03-22 04:41:02.306712
CUST0410,Clothing,Jacket,Leather,354.58,3,Yes,Yes,2025-04-10 10:11:28.306712
CUST0806,Clothing,Jeans,Slim,434.38,2,No,No,2025-01-31 14:10:09.306712
CUST0346,Toys,Puzzle,Jigsaw,631.38,4,Yes,Yes,2025-04-02 03:26:10.306712
CUST0235,Books,Textbook,Math,459.14,2,No,No,2025-01-14 04:17:35.306712
CUST0557,Toys,Doll,Barbie,84.04,6,Yes,No,2025-02-06 21:02:07.306712
CUST0959,Electronics,Mobile,iOS,542.21,2,Yes,No,2025-01-14 14:09:40.306712
CUST0274,Clothing,T-Shirt,Round Neck,65.19,2,No,No,2025-04-09 14:48:12.306712
CUST0780,Clothing,Jacket,Leather,492.08,4,No,No,2025-03-15 21:27:52.306712
CUST0642,Toys,Car,Electric,755.62,4,No,No,2025-03-06 07:03:22.306712
CUST0288,Home,Lamp,LED,675.74,2,Yes,No,2025-01-25 22:11:24.306712
CUST0369,Books,Textbook,Math,763.51,2,No,No,2025-02-08 15:54:28.306712
CUST0476,Clothing,Jeans,Slim,308.02,3,No,No,2025-03-12 00:41:29.306712
CUST0537,Home,Table,Coffee,505.75,4,No,No,2025-02-28 20:54:02.306712
CUST0973,Books,Textbook,Science,416.29,4,No,No,2025-03-06 23:19:02.306712
CUST0017,Books,Biography,Celebrity,989.23,4,No,No,2025-04-05 11:12:55.306712
CUST0723,Home,Lamp,Halogen,817.45,5,Yes,No,2025-03-21 14:43:24.306712
CUST0148,Electronics,Laptop,Ultrabook,50.0,3,No,No,2025-03-19 03:22:00.306712
CUST0714,Toys,Puzzle,3D,655.35,5,Yes,No,2025-01-28 18:50:07.306712
CUST0446,Home,Chair,Dining,857.42,2,No,No,2025-02-02 12:49:09.306712
CUST0731,Clothing,Jacket,Denim,192.83,4,Yes,Yes,2025-03-13 00:12:35.306712
CUST0439,Toys,Car,Remote Control,707.8,4,No,No,2025-03-14 09:18:39.306712
CUST0210,Home,Table,Coffee,377.07,2,No,No,2025-03-05 14:16:26.306712
CUST0570,Clothing,Jacket,Leather,432.04,5,No,No,2025-02-03 23:02:56.306712
CUST0618,Books,Textbook,Science,353.37,4,No,No,2025-04-12 05:17:22.306712
CUST0939,Toys,Puzzle,Jigsaw,492.43,3,Yes,Yes,2025-02-18 15:42:39.306712
CUST0024,Clothing,T-Shirt,Round Neck,814.48,4,Yes,No,2025-02-18 19:59:24.306712
CUST0776,Toys,Car,Remote Control,188.86,3,Yes,No,2025-03-31 23:22:07.306712
CUST0372,Electronics,Headphones,Wireless,473.76,2,Yes,No,2025-01-25 21:55:12.306712
CUST0340,Electronics,Laptop,Ultrabook,496.22,4,No,No,2025-02-24 16:25:51.306712
CUST0898,Toys,Doll,Barbie,518.17,1,No,No,2025-02-21 15:53:41.306712
CUST0662,Books,Novel,Mystery,514.64,3,Yes,Yes,2025-02-28 05:47:03.306712
CUST0096,Home,Table,Study,786.89,7,No,No,2025-02-06 10:51:07.306712
CUST0146,Toys,Car,Remote Control,265.85,1,No,No,2025-03-24 19:36:53.306712
CUST0631,Electronics,Headphones,Wireless,429.35,5,No,No,2025-02-04 22:43:46.306712
CUST0541,Home,Chair,Dining,50.0,4,No,No,2025-01-27 17:53:22.306712
CUST0878,Books,Biography,Historical,558.18,1,No,No,2025-01-28 08:01:40.306712
CUST0106,Home,Lamp,Halogen,287.87,5,No,No,2025-02-06 00:08:02.306712
CUST0930,Books,Biography,Historical,223.11,2,No,No,2025-03-10 02:49:54.306712
CUST0693,Books,Novel,Mystery,397.79,5,No,No,2025-03-14 05:27:28.306712
CUST0345,Toys,Doll,Barbie,407.41,2,No,No,2025-02-02 00:42:42.306712
CUST0570,Toys,Doll,Action,519.56,1,No,No,2025-03-31 00:05:03.306712
CUST0762,Home,Lamp,Halogen,144.3,2,No,No,2025-02-24 18:56:35.306712
CUST0798,Home,Chair,Office,264.49,5,No,No,2025-02-28 03:13:06.306712
CUST0060,Toys,Doll,Barbie,641.33,3,No,No,2025-01-16 13:09:45.306712
CUST0055,Clothing,Jacket,Leather,193.3,5,Yes,Yes,2025-01-27 17:30:17.306712
CUST0754,Books,Novel,Mystery,586.89,1,Yes,No,2025-03-19 16:51:57.306712
CUST0386,Clothing,Jacket,Leather,425.84,2,Yes,No,2025-02-16 13:54:50.306712
CUST0754,Books,Textbook,Science,799.22,3,No,No,2025-02-02 09:37:30.306712
CUST0738,Clothing,T-Shirt,Round Neck,748.18,1,No,No,2025-02-10 04:29:19.306712
CUST0941,Toys,Doll,Action,288.74,1,No,No,2025-03-09 07:04:12.306712
CUST0219,Toys,Puzzle,3D,578.03,4,No,No,2025-03-19 07:39:49.306712
CUST0401,Electronics,Mobile,Android,359.36,3,Yes,Yes,2025-01-14 12:22:51.306712
CUST0310,Toys,Car,Remote Control,540.17,5,No,No,2025-02-20 23:43:07.306712
CUST0738,Electronics,Headphones,Wired,465.16,3,No,No,2025-02-02 16:34:49.306712
CUST1000,Clothing,Jeans,Regular,600.67,2,No,No,2025-02-12 01:03:18.306712
CUST0947,Books,Textbook,Math,424.6,1,No,No,2025-03-19 00:32:15.306712
CUST0481,Toys,Doll,Action,538.01,6,Yes,No,2025-02-09 15:14:06.306712
CUST0094,Books,Biography,Historical,661.39,3,No,No,2025-03-30 21:47:35.306712
CUST0836,Toys,Car,Electric,240.21,3,No,No,2025-03-12 17:04:06.306712
CUST0203,Books,Novel,Mystery,50.0,5,No,No,2025-02-10 22:05:33.306712
CUST0938,Home,Table,Coffee,671.06,3,Yes,Yes,2025-02-16 11:55:22.306712
CUST0770,Books,Novel,Mystery,640.17,6,Yes,Yes,2025-03-10 07:13:47.306712
CUST0856,Home,Lamp,Halogen,564.39,6,No,No,2025-03-31 11:30:06.306712
CUST0219,Clothing,Jacket,Denim,552.09,2,No,No,2025-03-29 02:02:10.306712
CUST0563,Electronics,Headphones,Wired,155.87,3,No,No,2025-01-26 04:54:48.306712
CUST0514,Toys,Puzzle,3D,429.1,2,Yes,No,2025-02-20 06:37:00.306712
CUST0448,Home,Chair,Office,434.58,1,No,No,2025-02-25 11:18:23.306712
CUST0556,Home,Table,Study,439.67,2,Yes,No,2025-02-25 11:24:03.306712
CUST0093,Toys,Car,Electric,261.82,1,No,No,2025-02-25 17:16:05.306712
CUST0281,Clothing,Jeans,Regular,460.95,4,No,No,2025-01-17 17:19:19.306712
CUST0621,Books,Textbook,Science,491.64,4,No,No,2025-03-14 14:30:20.306712
CUST0220,Toys,Puzzle,3D,192.68,1,No,No,2025-01-28 19:46:08.306712
CUST0765,Home,Chair,Office,444.01,5,No,No,2025-02-05 18:50:42.306712
CUST0047,Toys,Car,Remote Control,447.01,4,No,No,2025-02-09 17:37:30.306712
CUST0403,Toys,Car,Electric,561.31,4,No,No,2025-02-08 06:12:14.306712
CUST0953,Clothing,Jeans,Slim,446.51,2,Yes,No,2025-02-17 07:09:52.306712
CUST0258,Toys,Doll,Action,740.61,1,No,No,2025-01-30 16:11:07.306712
CUST0115,Clothing,T-Shirt,V-Neck,580.96,0,No,No,2025-02-20 06:20:54.306712
CUST0033,Clothing,Jacket,Denim,648.84,1,No,No,2025-01-19 16:09:44.306712
CUST0006,Toys,Car,Electric,534.49,3,No,No,2025-02-02 20:33:05.306712
CUST0339,Home,Lamp,Halogen,658.47,3,Yes,Yes,2025-01-13 13:48:49.306712
CUST0927,Home,Table,Coffee,314.43,2,No,No,2025-02-03 02:03:08.306712
CUST0489,Books,Biography,Celebrity,50.0,1,No,No,2025-02-09 07:48:19.306712
CUST0471,Books,Textbook,Math,213.28,3,No,No,2025-03-18 07:17:38.306712
CUST0760,Electronics,Laptop,Gaming,1019.71,3,No,No,2025-01-31 14:13:31.306712
CUST0182,Electronics,Laptop,Gaming,487.51,4,Yes,No,2025-02-05 14:10:32.306712
CUST0745,Toys,Car,Remote Control,453.6,5,No,No,2025-03-22 08:24:48.306712
CUST0321,Home,Table,Study,481.02,2,No,No,2025-03-23 10:59:46.306712
CUST0515,Electronics,Headphones,Wireless,818.87,2,No,No,2025-01-17 15:00:47.306712
CUST0807,Home,Chair,Dining,757.53,3,Yes,No,2025-02-04 00:35:33.306712
CUST0221,Clothing,Jeans,Slim,443.33,7,No,No,2025-04-05 13:24:36.306712
CUST0557,Books,Textbook,Science,487.56,5,No,No,2025-01-13 15:09:36.306712
CUST0103,Clothing,Jacket,Denim,706.36,2,Yes,No,2025-02-13 03:43:39.306712
CUST0768,Electronics,Mobile,Android,458.8,1,Yes,No,2025-03-11 09:57:45.306712
CUST0347,Books,Novel,Fiction,409.33,3,No,No,2025-01-23 19:01:55.306712
CUST0897,Electronics,Mobile,Android,393.04,1,Yes,No,2025-04-06 13:49:04.306712
CUST0302,Home,Lamp,LED,473.66,4,No,No,2025-03-07 03:06:01.306712
CUST0095,Home,Table,Coffee,739.61,1,Yes,No,2025-02-19 20:46:25.306712
CUST0766,Electronics,Headphones,Wired,155.1,3,Yes,No,2025-03-29 08:07:19.306712
CUST0593,Electronics,Mobile,iOS,681.09,8,No,No,2025-03-15 05:39:29.306712
CUST0804,Home,Chair,Dining,453.57,2,Yes,No,2025-02-15 03:14:19.306712
CUST0124,Toys,Puzzle,Jigsaw,304.33,6,Yes,No,2025-03-10 11:17:02.306712
CUST0422,Toys,Doll,Barbie,581.37,2,No,No,2025-03-03 05:10:09.306712
CUST0444,Books,Novel,Mystery,264.11,5,No,No,2025-01-14 06:20:47.306712
CUST0550,Electronics,Headphones,Wired,861.38,5,No,No,2025-03-13 18:20:59.306712
CUST0971,Clothing,Jacket,Leather,317.49,3,No,No,2025-03-23 03:56:48.306712
CUST0167,Toys,Car,Remote Control,685.83,1,No,No,2025-01-15 04:26:59.306712
CUST0503,Electronics,Headphones,Wired,525.68,2,No,No,2025-01-21 15:18:19.306712
CUST0158,Toys,Puzzle,Jigsaw,671.33,3,No,No,2025-04-02 10:07:03.306712
CUST0144,Electronics,Mobile,iOS,535.48,2,No,No,2025-03-10 11:30:54.306712
CUST0362,Clothing,T-Shirt,Round Neck,746.01,4,No,No,2025-03-09 03:00:34.306712
CUST0893,Home,Chair,Office,714.83,0,No,No,2025-04-03 18:53:15.306712
CUST0219,Books,Textbook,Math,693.57,5,Yes,No,2025-02-28 06:08:30.306712
CUST0508,Home,Table,Study,437.72,2,No,No,2025-02-19 22:08:54.306712
CUST0159,Books,Biography,Historical,506.33,3,No,No,2025-02-20 05:50:42.306712
CUST0410,Electronics,Mobile,Android,527.97,3,Yes,No,2025-03-31 02:41:21.306712
CUST1000,Clothing,Jacket,Leather,376.49,2,Yes,No,2025-03-17 14:02:04.306712
CUST0236,Electronics,Laptop,Ultrabook,381.5,4,Yes,No,2025-02-24 04:36:16.306712
CUST0326,Books,Textbook,Math,575.56,3,No,No,2025-01-29 19:42:46.306712
CUST0113,Electronics,Headphones,Wired,683.84,3,No,No,2025-01-18 04:12:16.306712
CUST0852,Electronics,Headphones,Wireless,350.62,3,No,No,2025-04-10 19:31:49.306712
CUST0125,Clothing,Jacket,Leather,641.16,2,No,No,2025-04-08 10:38:14.306712
CUST0696,Toys,Car,Electric,581.02,1,No,No,2025-02-01 12:08:21.306712
CUST0061,Clothing,Jeans,Regular,690.11,3,No,No,2025-03-11 04:21:35.306712
CUST0896,Toys,Doll,Barbie,405.99,2,Yes,No,2025-01-19 07:00:16.306712
CUST0440,Clothing,T-Shirt,Round Neck,734.1,5,No,No,2025-03-31 06:41:47.306712
CUST0292,Home,Table,Study,679.62,4,No,No,2025-03-08 09:22:45.306712
CUST0674,Toys,Car,Electric,446.06,6,Yes,No,2025-04-09 02:10:59.306712
CUST0597,Books,Textbook,Math,591.36,1,No,No,2025-03-09 22:04:37.306712
CUST0782,Books,Textbook,Math,705.2,4,No,No,2025-02-10 11:46:24.306712
CUST0368,Electronics,Laptop,Gaming,836.58,6,No,No,2025-01-22 03:42:43.306712
CUST0067,Clothing,T-Shirt,Round Neck,625.69,1,Yes,No,2025-03-31 11:06:32.306712
CUST0433,Electronics,Headphones,Wireless,775.42,10,Yes,Yes,2025-02-09 02:52:00.306712
CUST0795,Electronics,Headphones,Wireless,491.07,6,No,No,2025-02-07 02:08:12.306712
CUST0262,Books,Novel,Fiction,896.58,1,Yes,No,2025-03-21 16:11:38.306712
CUST0626,Books,Novel,Mystery,462.66,3,Yes,Yes,2025-03-29 16:43:56.306712
CUST0566,Clothing,Jeans,Regular,786.12,5,Yes,No,2025-02-08 02:27:45.306712
CUST0288,Toys,Doll,Barbie,391.82,2,No,No,2025-04-03 03:28:09.306712
CUST0414,Electronics,Headphones,Wired,559.42,2,Yes,No,2025-04-03 23:03:35.306712
CUST0931,Toys,Puzzle,3D,504.29,3,No,No,2025-04-03 20:52:22.306712
CUST0135,Books,Biography,Celebrity,424.28,1,No,No,2025-02-21 04:28:56.306712
CUST0443,Toys,Car,Electric,320.24,1,No,No,2025-03-20 22:38:10.306712
CUST0634,Toys,Doll,Barbie,787.18,6,No,No,2025-03-01 19:15:15.306712
CUST0265,Clothing,Jacket,Denim,603.56,2,Yes,No,2025-01-21 02:21:38.306712
CUST0313,Clothing,Jacket,Leather,228.02,4,No,No,2025-02-10 16:46:48.306712
CUST0636,Home,Lamp,Halogen,81.39,5,Yes,No,2025-01-30 21:37:55.306712
CUST0324,Clothing,Jacket,Denim,499.7,0,No,No,2025-02-26 14:25:24.306712
CUST0416,Books,Textbook,Math,493.1,5,No,No,2025-04-08 18:24:35.306712
CUST0615,Home,Chair,Office,678.55,5,Yes,Yes,2025-04-06 16:24:44.306712
CUST0991,Home,Lamp,LED,696.66,1,No,No,2025-03-05 10:13:38.306712
CUST0646,Books,Novel,Mystery,367.69,5,No,No,2025-02-11 00:05:25.306712
CUST0689,Books,Textbook,Science,534.6,2,No,No,2025-03-11 01:24:34.306712
CUST0929,Electronics,Mobile,iOS,594.29,1,No,No,2025-01-26 01:54:20.306712
CUST0624,Books,Biography,Historical,400.72,2,No,No,2025-01-25 06:03:30.306712
CUST0777,Books,Biography,Historical,331.62,1,No,No,2025-03-29 03:28:05.306712
CUST0737,Toys,Doll,Action,179.19,2,Yes,No,2025-01-14 06:33:32.306712
CUST0787,Clothing,Jeans,Slim,460.56,5,No,No,2025-02-08 17:30:24.306712
CUST0828,Books,Textbook,Science,774.84,3,Yes,Yes,2025-01-17 23:19:34.306712
CUST0128,Books,Biography,Celebrity,732.81,4,No,No,2025-01-28 18:58:24.306712
CUST0860,Books,Textbook,Science,750.0,2,No,No,2025-04-03 06:28:56.306712
CUST0701,Home,Chair,Office,247.51,7,No,No,2025-01-19 14:46:56.306712
CUST0919,Home,Lamp,LED,195.92,5,No,No,2025-02-02 12:52:23.306712
CUST0089,Clothing,Jeans,Slim,651.17,4,No,No,2025-02-09 01:32:28.306712
CUST0184,Clothing,Jeans,Slim,583.27,5,No,No,2025-02-15 16:07:12.306712
CUST0848,Books,Novel,Fiction,359.82,1,No,No,2025-03-05 02:13:02.306712
CUST0329,Toys,Car,Remote Control,358.64,2,Yes,No,2025-03-12 18:46:38.306712
CUST0400,Electronics,Laptop,Gaming,119.9,3,No,No,2025-01-23 23:51:40.306712
CUST0371,Electronics,Laptop,Gaming,212.15,4,No,No,2025-01-14 07:26:12.306712
CUST0641,Home,Table,Coffee,382.51,4,Yes,Yes,2025-03-29 00:42:16.306712
CUST0090,Clothing,Jacket,Leather,938.66,2,Yes,No,2025-03-04 12:19:18.306712
CUST0279,Home,Lamp,LED,887.89,5,No,No,2025-02-14 11:43:46.306712
CUST0628,Toys,Puzzle,3D,486.28,4,Yes,No,2025-02-06 00:34:11.306712
CUST0154,Clothing,Jacket,Leather,208.39,6,No,No,2025-01-14 03:38:52.306712
CUST0620,Electronics,Mobile,iOS,502.61,5,No,No,2025-04-12 11:36:31.306712
CUST0265,Clothing,Jacket,Leather,290.06,2,Yes,No,2025-03-31 11:37:50.306712
CUST0834,Home,Table,Coffee,630.19,4,No,No,2025-02-09 19:03:59.306712
CUST0883,Electronics,Headphones,Wired,454.21,6,No,No,2025-03-04 05:14:01.306712
CUST0228,Home,Table,Coffee,251.18,3,Yes,No,2025-03-16 04:16:02.306712
CUST0477,Books,Textbook,Math,364.52,0,Yes,No,2025-03-21 10:05:43.306712
CUST0895,Home,Chair,Office,525.78,0,No,No,2025-01-22 21:27:24.306712
CUST0951,Electronics,Laptop,Gaming,710.02,1,Yes,No,2025-02-04 15:40:51.306712
CUST0095,Clothing,Jeans,Slim,273.9,4,Yes,No,2025-03-17 22:08:12.306712
CUST0016,Electronics,Headphones,Wired,535.88,5,Yes,Yes,2025-02-12 16:15:38.306712
CUST0167,Books,Biography,Celebrity,638.89,3,No,No,2025-03-04 22:18:04.306712
CUST0791,Toys,Doll,Barbie,772.96,0,No,No,2025-03-20 11:02:43.306712
CUST0341,Home,Table,Study,690.14,3,No,No,2025-02-26 08:38:33.306712
CUST0996,Home,Lamp,LED,634.58,1,No,No,2025-02-22 23:54:33.306712
CUST0219,Home,Table,Coffee,576.78,7,No,No,2025-02-01 11:34:02.306712
CUST0767,Books,Textbook,Math,393.95,1,Yes,No,2025-02-13 01:11:48.306712
CUST0319,Home,Table,Coffee,900.03,4,No,No,2025-01-25 23:04:22.306712
CUST0655,Home,Chair,Dining,418.65,2,Yes,No,2025-01-24 20:15:39.306712
CUST0070,Books,Textbook,Math,919.72,0,No,No,2025-03-08 06:02:25.306712
CUST0026,Home,Chair,Office,120.36,3,No,No,2025-02-06 22:51:27.306712
CUST0345,Home,Chair,Office,390.06,2,No,No,2025-03-04 02:24:57.306712
CUST0986,Books,Novel,Fiction,365.3,5,No,No,2025-02-07 22:41:46.306712
CUST0452,Books,Biography,Celebrity,676.25,1,Yes,No,2025-02-19 08:56:45.306712
CUST0938,Books,Textbook,Math,50.0,2,Yes,No,2025-03-06 04:29:49.306712
CUST0132,Toys,Car,Remote Control,752.43,2,Yes,No,2025-02-11 13:27:14.306712
CUST0329,Toys,Doll,Barbie,524.84,1,No,No,2025-03-24 16:49:06.306712
CUST0682,Clothing,T-Shirt,V-Neck,964.97,5,Yes,Yes,2025-01-20 12:34:07.306712
CUST0701,Clothing,Jacket,Denim,785.81,7,Yes,No,2025-03-13 04:02:13.306712
CUST0195,Electronics,Laptop,Gaming,653.98,2,No,No,2025-02-20 23:15:26.306712
CUST0132,Electronics,Headphones,Wireless,608.0,0,Yes,No,2025-03-01 04:27:53.306712
CUST0862,Home,Table,Coffee,508.79,6,No,No,2025-02-07 10:52:46.306712
CUST0810,Home,Chair,Office,441.44,3,Yes,No,2025-01-25 07:58:21.306712
CUST0016,Books,Novel,Mystery,151.52,5,No,No,2025-04-13 00:33:37.306712
CUST0294,Home,Chair,Dining,479.9,3,No,No,2025-02-12 04:58:47.306712
CUST0361,Books,Biography,Celebrity,354.4,2,No,No,2025-02-02 09:17:04.306712
CUST0219,Electronics,Headphones,Wired,279.47,6,No,No,2025-01-22 21:29:36.306712
CUST0831,Electronics,Headphones,Wired,553.87,1,No,No,2025-02-04 12:38:29.306712
CUST0233,Clothing,Jeans,Regular,446.83,1,No,No,2025-01-29 11:48:43.306712
CUST0638,Books,Textbook,Science,678.35,2,No,No,2025-01-16 06:35:21.306712
CUST0095,Electronics,Mobile,Android,641.56,3,No,No,2025-03-31 09:17:03.306712
CUST0649,Home,Chair,Dining,547.56,1,No,No,2025-02-11 18:48:46.306712
CUST0615,Toys,Doll,Action,437.01,3,Yes,No,2025-03-07 04:52:21.306712
CUST0718,Home,Table,Study,371.31,5,Yes,No,2025-03-25 17:45:27.306712
CUST0544,Toys,Car,Electric,745.27,2,No,No,2025-04-04 20:34:46.306712
CUST0955,Books,Textbook,Science,323.67,2,No,No,2025-01-18 17:18:09.306712
CUST0971,Clothing,T-Shirt,V-Neck,476.39,7,Yes,No,2025-01-28 09:45:28.306712
CUST0512,Toys,Doll,Barbie,249.78,8,No,No,2025-02-26 19:33:42.306712
CUST0448,Clothing,Jacket,Leather,446.93,3,No,No,2025-03-02 04:25:04.306712
CUST0925,Home,Table,Coffee,515.19,2,Yes,No,2025-04-12 19:32:58.306712
CUST0216,Clothing,T-Shirt,Round Neck,325.0,5,No,No,2025-01-29 18:13:24.306712
CUST0191,Clothing,Jacket,Denim,610.91,1,No,No,2025-02-08 03:27:23.306712
CUST0571,Electronics,Laptop,Gaming,409.12,4,No,No,2025-02-10 15:34:22.306712
CUST0462,Clothing,Jacket,Leather,791.15,4,No,No,2025-02-12 19:40:23.306712
CUST0750,Toys,Puzzle,3D,288.72,2,No,No,2025-03-08 10:47:12.306712
CUST0475,Home,Lamp,Halogen,351.41,3,No,No,2025-03-24 17:02:49.306712
CUST0880,Books,Biography,Historical,536.67,2,No,No,2025-02-27 01:50:55.306712
CUST0019,Clothing,Jeans,Regular,681.34,1,Yes,No,2025-02-22 10:12:16.306712
CUST0881,Home,Lamp,LED,223.32,5,No,No,2025-01-13 20:53:51.306712
CUST0689,Books,Biography,Historical,464.17,4,No,No,2025-01-29 05:48:56.306712
CUST0876,Toys,Puzzle,Jigsaw,465.66,4,No,No,2025-04-07 12:51:38.306712
CUST0991,Clothing,Jacket,Leather,374.85,3,Yes,Yes,2025-04-03 23:53:48.306712
CUST0951,Clothing,Jacket,Denim,293.39,2,No,No,2025-04-07 12:17:28.306712
CUST0982,Toys,Puzzle,3D,741.1,6,No,No,2025-03-08 10:50:12.306712
CUST0810,Home,Lamp,LED,412.22,6,No,No,2025-02-23 22:23:44.306712
CUST0268,Clothing,Jacket,Leather,378.43,8,No,No,2025-02-01 16:33:11.306712
CUST0871,Electronics,Laptop,Ultrabook,509.15,5,No,No,2025-03-17 00:28:26.306712
CUST0601,Books,Textbook,Math,395.62,5,No,No,2025-03-18 19:22:25.306712
CUST0779,Electronics,Laptop,Ultrabook,430.46,4,Yes,No,2025-02-21 01:29:41.306712
CUST0034,Home,Table,Study,600.37,0,No,No,2025-02-04 23:53:58.306712
CUST0097,Clothing,T-Shirt,V-Neck,587.59,3,Yes,No,2025-02-08 04:49:13.306712
CUST0211,Home,Table,Study,650.07,5,Yes,No,2025-03-09 02:44:21.306712
CUST0094,Electronics,Headphones,Wired,584.82,4,No,No,2025-04-07 00:38:41.306712
CUST0818,Books,Biography,Historical,438.8,3,Yes,Yes,2025-02-07 21:16:50.306712
CUST0186,Electronics,Mobile,iOS,206.95,2,Yes,No,2025-03-27 06:20:26.306712
CUST0241,Books,Textbook,Math,562.1,2,No,No,2025-02-28 12:19:42.306712
CUST0776,Electronics,Laptop,Gaming,926.52,8,Yes,No,2025-02-07 00:23:01.306712
CUST0641,Toys,Puzzle,Jigsaw,340.33,4,No,No,2025-03-21 10:22:52.306712
CUST0421,Home,Table,Study,847.06,4,Yes,No,2025-03-26 04:07:48.306712
CUST0840,Toys,Car,Remote Control,108.26,2,Yes,No,2025-03-10 02:43:38.306712
CUST0955,Home,Chair,Office,473.12,6,No,No,2025-03-14 23:06:58.306712
CUST0253,Books,Textbook,Math,360.94,3,No,No,2025-04-12 23:12:37.306712
CUST0107,Clothing,Jeans,Slim,711.38,1,No,No,2025-04-11 19:42:00.306712
CUST0706,Books,Biography,Celebrity,684.75,6,Yes,Yes,2025-02-21 07:41:05.306712
CUST0473,Books,Textbook,Science,138.59,0,No,No,2025-02-28 17:55:25.306712
CUST0500,Home,Table,Coffee,775.84,0,No,No,2025-02-17 13:06:48.306712
CUST0808,Toys,Doll,Barbie,232.45,6,No,No,2025-02-02 18:19:07.306712
CUST0854,Home,Chair,Dining,538.77,6,No,No,2025-02-07 10:40:45.306712
CUST0610,Electronics,Headphones,Wired,293.44,6,Yes,Yes,2025-04-02 13:01:08.306712
CUST0569,Electronics,Headphones,Wired,261.8,1,No,No,2025-01-30 21:39:58.306712
CUST0443,Books,Novel,Fiction,745.03,3,Yes,Yes,2025-03-13 10:27:22.306712
CUST0014,Books,Biography,Historical,494.94,2,No,No,2025-02-17 18:47:51.306712
CUST0887,Electronics,Mobile,Android,462.67,3,Yes,Yes,2025-02-04 06:01:44.306712
CUST0625,Electronics,Laptop,Ultrabook,735.94,2,No,No,2025-03-05 13:08:52.306712
CUST0991,Electronics,Laptop,Ultrabook,409.24,4,No,No,2025-01-31 07:37:18.306712
CUST0768,Clothing,Jeans,Regular,461.75,1,No,No,2025-03-02 23:52:05.306712
CUST0634,Clothing,T-Shirt,V-Neck,456.83,3,No,No,2025-03-11 07:24:41.306712
CUST0619,Electronics,Mobile,Android,777.26,1,No,No,2025-04-07 09:29:01.306712
CUST0744,Toys,Doll,Barbie,456.88,3,No,No,2025-04-01 04:52:05.306712
CUST0957,Books,Biography,Celebrity,569.93,2,No,No,2025-03-22 20:43:26.306712
CUST0621,Electronics,Laptop,Gaming,489.99,4,No,No,2025-02-15 18:34:50.306712
CUST0928,Books,Novel,Fiction,494.01,4,Yes,Yes,2025-03-14 00:49:16.306712
CUST0962,Toys,Doll,Action,786.61,6,No,No,2025-03-19 04:48:32.306712
CUST0237,Books,Biography,Historical,781.22,3,No,No,2025-01-17 01:24:50.306712
CUST0599,Books,Novel,Fiction,385.49,6,No,No,2025-04-01 06:34:55.306712
CUST0186,Clothing,Jeans,Slim,328.87,6,No,No,2025-02-24 11:38:48.306712
CUST0313,Clothing,Jacket,Leather,300.31,9,No,No,2025-01-19 01:20:08.306712
CUST0373,Toys,Doll,Action,497.78,4,No,No,2025-01-28 20:54:29.306712
CUST0918,Home,Lamp,Halogen,480.69,6,No,No,2025-01-23 13:30:37.306712
CUST0681,Home,Lamp,Halogen,611.68,0,Yes,No,2025-03-14 12:23:31.306712
CUST0201,Clothing,Jeans,Regular,596.84,2,Yes,No,2025-01-14 04:46:35.306712
CUST0122,Electronics,Headphones,Wired,63.73,0,No,No,2025-02-12 10:29:12.306712
CUST0695,Toys,Puzzle,3D,210.76,1,No,No,2025-03-20 03:13:36.306712
CUST0512,Clothing,Jacket,Leather,557.38,3,No,No,2025-03-25 09:35:31.306712
CUST0857,Books,Novel,Mystery,593.97,0,No,No,2025-03-03 19:52:22.306712
CUST0349,Books,Textbook,Science,407.0,2,No,No,2025-03-27 17:54:21.306712
CUST0065,Electronics,Headphones,Wired,526.18,3,No,No,2025-03-19 21:41:16.306712
CUST0620,Books,Novel,Mystery,539.6,3,Yes,No,2025-03-01 00:00:06.306712
CUST0883,Toys,Doll,Barbie,675.95,6,Yes,No,2025-04-12 10:11:02.306712
CUST0200,Books,Biography,Celebrity,714.3,3,No,No,2025-04-09 07:23:27.306712
CUST0509,Electronics,Mobile,iOS,484.21,2,No,No,2025-02-02 00:01:02.306712
CUST0154,Books,Biography,Celebrity,366.5,2,Yes,No,2025-03-18 09:06:37.306712
CUST0435,Home,Table,Study,714.53,4,No,No,2025-04-02 00:05:09.306712
CUST0893,Home,Table,Study,623.5,3,No,No,2025-03-04 19:47:40.306712
CUST0456,Books,Biography,Celebrity,417.78,1,No,No,2025-04-03 01:13:38.306712
CUST0598,Home,Lamp,LED,340.36,4,No,No,2025-02-16 09:07:44.306712
CUST0363,Clothing,Jeans,Regular,361.49,6,No,No,2025-04-11 13:57:18.306712
CUST0259,Home,Table,Coffee,313.49,1,No,No,2025-03-24 02:42:09.306712
CUST0654,Clothing,Jeans,Slim,420.59,3,No,No,2025-03-29 17:16:25.306712
CUST0374,Clothing,Jeans,Regular,625.91,5,Yes,Yes,2025-03-17 08:52:40.306712
CUST0006,Toys,Car,Remote Control,468.0,3,Yes,No,2025-03-27 03:15:17.306712
CUST0537,Toys,Doll,Action,627.48,4,No,No,2025-04-08 19:14:36.306712
CUST0233,Toys,Doll,Action,288.63,4,No,No,2025-04-08 16:59:36.306712
CUST0028,Clothing,Jeans,Regular,419.44,1,No,No,2025-02-09 15:51:05.306712
CUST0568,Electronics,Laptop,Gaming,188.84,1,Yes,No,2025-02-18 21:04:38.306712
CUST0236,Toys,Puzzle,Jigsaw,600.93,1,No,No,2025-03-25 07:49:13.306712
CUST0547,Home,Lamp,LED,481.2,3,No,No,2025-01-31 14:50:51.306712
CUST0739,Toys,Puzzle,Jigsaw,810.95,3,Yes,Yes,2025-02-19 09:08:29.306712
CUST0311,Toys,Puzzle,3D,120.14,3,Yes,No,2025-01-16 08:11:09.306712
CUST0487,Clothing,Jeans,Slim,134.25,3,No,No,2025-01-18 21:12:21.306712
CUST0991,Home,Chair,Dining,632.44,4,No,No,2025-01-13 15:14:58.306712
CUST0740,Books,Novel,Fiction,56.58,2,No,No,2025-04-02 05:29:52.306712
CUST0724,Home,Chair,Dining,539.01,3,No,No,2025-01-23 13:02:51.306712
CUST0047,Clothing,Jeans,Regular,711.55,3,Yes,No,2025-04-07 21:55:57.306712
CUST0546,Books,Textbook,Science,804.14,3,Yes,Yes,2025-04-10 00:02:20.306712
CUST0299,Books,Biography,Celebrity,398.77,3,Yes,No,2025-02-08 09:08:25.306712
CUST0709,Books,Biography,Historical,699.91,4,Yes,Yes,2025-04-06 02:37:37.306712
CUST0878,Clothing,Jeans,Slim,496.49,1,No,No,2025-04-03 08:09:03.306712
CUST0803,Toys,Car,Remote Control,702.34,5,Yes,Yes,2025-02-15 02:22:47.306712
CUST0609,Clothing,T-Shirt,V-Neck,698.13,1,No,No,2025-04-02 22:39:25.306712
CUST0836,Electronics,Mobile,Android,499.42,4,No,No,2025-01-15 13:28:51.306712
CUST0184,Books,Biography,Historical,462.16,0,Yes,No,2025-03-01 09:31:50.306712
CUST0824,Toys,Puzzle,3D,802.41,3,No,No,2025-01-24 16:08:08.306712
CUST0402,Home,Table,Study,213.64,2,No,No,2025-03-11 23:25:36.306712
CUST0903,Books,Biography,Celebrity,328.39,0,No,No,2025-02-02 03:19:34.306712
CUST0531,Clothing,T-Shirt,Round Neck,686.31,3,Yes,Yes,2025-02-08 02:24:04.306712
CUST0258,Clothing,Jeans,Regular,427.99,2,No,No,2025-04-07 05:17:57.306712
CUST0672,Home,Lamp,Halogen,879.11,2,Yes,No,2025-03-05 18:46:32.306712
CUST0605,Clothing,Jeans,Slim,599.7,2,Yes,No,2025-04-02 00:17:16.306712
CUST0934,Home,Table,Coffee,450.52,4,No,No,2025-02-22 07:19:30.306712
CUST0033,Clothing,Jeans,Slim,403.92,4,Yes,No,2025-04-07 01:49:07.306712
CUST0541,Books,Biography,Celebrity,369.79,6,Yes,No,2025-01-19 09:05:23.306712
CUST0493,Electronics,Headphones,Wireless,895.03,1,No,No,2025-01-29 00:50:38.306712
CUST0615,Clothing,T-Shirt,V-Neck,598.37,2,Yes,No,2025-04-13 01:38:38.306712
CUST0098,Clothing,Jacket,Leather,526.58,4,No,No,2025-01-25 21:00:34.306712
CUST0193,Books,Biography,Celebrity,847.46,3,Yes,Yes,2025-03-17 02:14:49.306712
CUST0603,Toys,Doll,Barbie,762.73,6,Yes,No,2025-02-02 14:46:59.306712
CUST0932,Clothing,Jeans,Regular,289.05,3,No,No,2025-03-03 02:33:53.306712
CUST0457,Electronics,Laptop,Gaming,899.58,8,No,No,2025-03-02 00:18:15.306712
CUST0593,Electronics,Mobile,iOS,238.58,5,No,No,2025-04-05 13:14:47.306712
CUST0657,Home,Chair,Office,279.92,1,No,No,2025-04-02 23:50:27.306712
CUST0438,Home,Chair,Dining,222.14,6,No,No,2025-01-16 23:39:05.306712
CUST0989,Books,Textbook,Math,354.2,1,No,No,2025-03-28 10:16:49.306712
CUST0551,Home,Lamp,Halogen,718.17,2,No,No,2025-03-04 05:55:29.306712
CUST0993,Clothing,T-Shirt,Round Neck,388.35,4,No,No,2025-02-07 04:46:33.306712
CUST0530,Home,Lamp,LED,575.47,6,Yes,Yes,2025-04-07 14:17:21.306712
CUST0337,Home,Table,Coffee,509.28,3,Yes,No,2025-04-08 17:15:12.306712
CUST0269,Toys,Puzzle,3D,293.18,3,No,No,2025-01-31 10:35:26.306712
CUST0527,Electronics,Headphones,Wireless,345.83,1,No,No,2025-01-31 20:56:06.306712
CUST0121,Books,Textbook,Math,453.39,2,No,No,2025-03-31 09:22:15.306712
CUST0680,Books,Biography,Historical,564.15,1,No,No,2025-03-26 07:01:44.306712
CUST0971,Electronics,Laptop,Ultrabook,741.0,3,No,No,2025-03-26 18:19:37.306712
CUST0532,Home,Table,Study,280.67,3,No,No,2025-02-07 20:35:29.306712
CUST0274,Electronics,Headphones,Wired,364.8,1,Yes,No,2025-03-26 14:11:57.306712
CUST0602,Clothing,T-Shirt,Round Neck,356.05,4,Yes,No,2025-03-15 05:59:39.306712
CUST0035,Books,Textbook,Science,681.52,1,Yes,No,2025-02-24 19:29:19.306712
CUST0006,Home,Chair,Dining,463.25,2,No,No,2025-03-14 15:18:27.306712
CUST0640,Electronics,Mobile,iOS,469.18,3,Yes,Yes,2025-04-04 10:10:35.306712
CUST0934,Electronics,Mobile,iOS,228.87,8,No,No,2025-02-19 12:13:23.306712
CUST0201,Clothing,T-Shirt,Round Neck,774.06,2,No,No,2025-04-11 21:14:55.306712
CUST0252,Home,Lamp,Halogen,331.43,1,Yes,No,2025-02-08 05:05:03.306712
CUST0993,Electronics,Mobile,Android,172.47,6,No,No,2025-02-25 05:51:54.306712
CUST0612,Toys,Puzzle,3D,844.42,4,No,No,2025-02-09 05:24:51.306712
CUST0825,Electronics,Mobile,iOS,292.06,3,No,No,2025-02-02 17:59:47.306712
CUST0947,Clothing,T-Shirt,Round Neck,407.51,0,No,No,2025-01-27 16:20:07.306712
CUST0888,Toys,Doll,Barbie,511.37,1,No,No,2025-01-22 13:52:53.306712
CUST0572,Home,Chair,Office,578.21,1,No,No,2025-02-10 21:05:30.306712
CUST0132,Clothing,T-Shirt,Round Neck,458.24,1,No,No,2025-03-22 10:48:54.306712
CUST0040,Books,Textbook,Math,346.7,4,No,No,2025-04-01 22:23:26.306712
CUST0931,Electronics,Laptop,Gaming,611.68,4,No,No,2025-03-30 09:50:23.306712
CUST0710,Electronics,Headphones,Wireless,115.91,3,Yes,No,2025-01-18 22:29:42.306712
CUST0932,Home,Lamp,Halogen,670.12,6,Yes,No,2025-02-03 15:02:51.306712
CUST0938,Toys,Doll,Action,442.12,2,No,No,2025-03-27 22:56:41.306712
CUST0845,Books,Textbook,Science,293.69,4,No,No,2025-04-09 10:20:46.306712
CUST0210,Toys,Car,Electric,763.17,0,No,No,2025-02-08 19:26:01.306712
CUST0851,Home,Table,Study,529.66,5,Yes,Yes,2025-04-04 01:55:57.306712
CUST0108,Home,Chair,Office,440.96,2,Yes,No,2025-03-01 16:42:34.306712
CUST0149,Clothing,Jacket,Leather,347.14,4,No,No,2025-02-24 21:31:55.306712
CUST0955,Home,Chair,Dining,387.18,5,No,No,2025-04-07 18:57:34.306712
CUST0980,Electronics,Headphones,Wired,671.99,1,Yes,No,2025-01-31 10:30:16.306712
CUST0892,Home,Lamp,Halogen,555.8,2,Yes,No,2025-03-21 01:40:30.306712
CUST0429,Toys,Car,Electric,223.65,4,Yes,Yes,2025-02-15 08:50:32.306712
CUST0606,Electronics,Mobile,Android,354.91,4,Yes,No,2025-01-25 12:59:16.306712
CUST0589,Books,Textbook,Science,701.95,3,Yes,No,2025-02-07 22:14:39.306712
CUST0760,Toys,Doll,Action,776.63,5,No,No,2025-01-23 12:56:28.306712
CUST0692,Home,Chair,Dining,438.24,5,No,No,2025-03-04 06:24:38.306712
CUST0568,Home,Table,Coffee,667.27,1,No,No,2025-04-09 09:52:39.306712
CUST0731,Home,Table,Coffee,200.41,2,Yes,No,2025-03-04 01:34:08.306712
CUST0586,Clothing,Jacket,Denim,554.94,2,No,No,2025-02-10 11:32:22.306712
CUST0417,Home,Chair,Office,335.48,1,Yes,No,2025-04-12 14:00:55.306712
CUST0341,Electronics,Laptop,Ultrabook,310.57,6,Yes,No,2025-02-17 13:39:12.306712
CUST0355,Home,Table,Coffee,694.86,5,Yes,Yes,2025-02-14 19:18:44.306712
CUST0521,Toys,Puzzle,Jigsaw,334.92,3,Yes,No,2025-03-23 14:49:45.306712
CUST0138,Clothing,Jeans,Regular,424.75,3,No,No,2025-03-29 20:19:46.306712
CUST0338,Home,Lamp,Halogen,465.29,3,No,No,2025-03-15 10:34:55.306712
CUST0509,Books,Biography,Celebrity,408.27,2,No,No,2025-03-10 06:42:24.306712
CUST0895,Clothing,Jeans,Regular,614.84,4,Yes,No,2025-01-24 21:55:53.306712
CUST0130,Clothing,Jacket,Denim,227.23,4,No,No,2025-01-27 21:57:48.306712
CUST0872,Home,Table,Coffee,913.72,2,Yes,No,2025-03-01 08:34:21.306712
CUST0611,Books,Textbook,Math,632.07,2,No,No,2025-01-15 03:52:38.306712
CUST0506,Electronics,Headphones,Wired,604.45,3,Yes,No,2025-04-10 04:21:38.306712
CUST0373,Toys,Doll,Action,293.72,2,No,No,2025-03-09 18:30:44.306712
CUST0705,Books,Biography,Celebrity,764.03,2,No,No,2025-04-13 00:40:16.306712
CUST0737,Electronics,Laptop,Ultrabook,519.71,1,No,No,2025-01-26 09:07:00.306712
CUST0203,Toys,Doll,Action,471.45,6,No,No,2025-03-18 11:45:44.306712
CUST0866,Books,Novel,Fiction,755.0,2,No,No,2025-02-14 12:54:22.306712
CUST0373,Toys,Puzzle,3D,747.3,5,No,No,2025-04-11 01:10:13.306712
CUST0031,Clothing,Jeans,Regular,797.55,1,No,No,2025-02-25 21:12:30.306712
CUST0270,Toys,Car,Electric,587.34,0,No,No,2025-02-18 23:25:22.306712
CUST0309,Electronics,Mobile,Android,937.72,2,Yes,No,2025-03-02 03:53:35.306712
CUST0152,Books,Biography,Celebrity,472.53,5,Yes,Yes,2025-01-19 14:25:43.306712
CUST0965,Home,Lamp,LED,418.23,1,No,No,2025-03-21 20:00:45.306712
CUST0643,Clothing,Jeans,Slim,306.16,4,Yes,Yes,2025-03-16 08:26:54.306712
CUST0839,Electronics,Mobile,iOS,553.9,5,No,No,2025-02-09 23:26:52.306712
CUST0984,Home,Lamp,LED,597.13,2,No,No,2025-03-31 05:44:52.306712
CUST0297,Home,Lamp,Halogen,513.51,4,Yes,No,2025-02-17 19:17:22.306712
CUST0946,Books,Novel,Fiction,518.58,3,No,No,2025-02-23 16:06:23.306712
CUST0572,Clothing,T-Shirt,V-Neck,433.98,0,Yes,No,2025-03-31 15:07:46.306712
CUST0994,Books,Textbook,Science,338.92,3,No,No,2025-02-22 18:39:56.306712
CUST0522,Electronics,Headphones,Wired,293.92,3,No,No,2025-03-28 03:55:56.306712
CUST0008,Home,Table,Coffee,431.19,3,Yes,Yes,2025-02-23 00:45:23.306712
CUST0778,Electronics,Laptop,Gaming,248.67,4,Yes,Yes,2025-01-22 03:06:28.306712
CUST0380,Home,Table,Study,260.85,5,Yes,No,2025-03-28 21:00:54.306712
CUST0163,Electronics,Headphones,Wired,478.44,1,No,No,2025-03-11 02:51:20.306712
CUST0238,Clothing,Jeans,Regular,557.18,1,No,No,2025-04-09 15:27:02.306712
CUST0048,Toys,Car,Electric,278.01,1,Yes,No,2025-04-08 00:14:31.306712
CUST0071,Books,Novel,Mystery,284.19,3,Yes,No,2025-01-15 21:09:36.306712
CUST0091,Electronics,Laptop,Ultrabook,720.28,3,No,No,2025-03-31 05:09:51.306712
CUST0781,Toys,Puzzle,Jigsaw,380.42,6,No,No,2025-01-22 12:31:20.306712
CUST0111,Home,Chair,Office,831.67,1,Yes,No,2025-01-17 18:03:17.306712
CUST0166,Books,Biography,Historical,481.01,2,No,No,2025-01-16 17:02:49.306712
CUST0626,Clothing,Jacket,Leather,490.19,4,No,No,2025-03-23 05:03:50.306712
CUST0223,Toys,Doll,Barbie,65.64,3,No,No,2025-03-03 00:45:37.306712
CUST0602,Electronics,Mobile,Android,624.75,1,No,No,2025-03-19 03:22:14.306712
CUST0686,Clothing,Jacket,Denim,413.55,7,Yes,No,2025-03-18 02:11:26.306712
CUST0975,Electronics,Headphones,Wireless,50.0,9,No,No,2025-03-05 19:01:41.306712
CUST0305,Home,Lamp,LED,271.93,4,Yes,No,2025-02-22 12:43:49.306712
CUST0792,Books,Biography,Celebrity,197.11,4,No,No,2025-02-06 15:10:09.306712
CUST0766,Home,Chair,Office,631.32,3,No,No,2025-03-07 07:03:45.306712
CUST0239,Home,Table,Coffee,544.17,1,No,No,2025-01-31 12:40:03.306712
CUST0302,Clothing,Jacket,Denim,499.36,4,No,No,2025-02-24 17:44:36.306712
CUST0300,Books,Biography,Historical,574.58,6,No,No,2025-03-25 04:24:12.306712
CUST0836,Books,Biography,Celebrity,572.13,2,No,No,2025-04-05 20:42:55.306712
CUST0031,Home,Lamp,LED,551.81,4,No,No,2025-03-28 22:16:00.306712
CUST0701,Clothing,Jeans,Regular,546.33,3,Yes,Yes,2025-02-25 10:56:11.306712
CUST0609,Home,Table,Coffee,866.61,3,Yes,No,2025-03-07 21:01:00.306712
CUST0486,Books,Biography,Celebrity,760.74,2,No,No,2025-03-13 16:10:09.306712
CUST0581,Clothing,Jeans,Regular,120.68,1,Yes,No,2025-03-05 14:58:35.306712
CUST0457,Electronics,Laptop,Ultrabook,763.17,3,No,No,2025-02-19 19:02:18.306712
CUST0836,Toys,Puzzle,3D,396.74,2,No,No,2025-02-06 17:09:46.306712
CUST0095,Home,Lamp,Halogen,551.3,0,No,No,2025-02-21 16:08:04.306712
CUST0319,Clothing,T-Shirt,V-Neck,255.36,2,Yes,No,2025-01-14 12:03:20.306712
CUST0965,Clothing,Jacket,Denim,627.92,3,No,No,2025-03-31 10:15:07.306712
CUST0813,Toys,Puzzle,3D,353.44,1,No,No,2025-02-08 13:18:50.306712
CUST0785,Toys,Doll,Action,468.19,3,Yes,Yes,2025-04-01 22:33:41.306712
CUST0532,Electronics,Mobile,Android,494.78,2,Yes,No,2025-04-05 01:02:10.306712
CUST0143,Toys,Puzzle,Jigsaw,673.8,5,No,No,2025-03-19 01:44:19.306712
CUST0791,Clothing,Jeans,Regular,659.36,1,No,No,2025-03-08 21:31:38.306712
CUST0503,Clothing,T-Shirt,Round Neck,397.46,2,Yes,No,2025-02-04 12:06:59.306712
CUST0479,Clothing,T-Shirt,V-Neck,583.02,3,Yes,No,2025-03-29 14:40:33.306712
CUST0277,Electronics,Laptop,Gaming,472.22,3,No,No,2025-02-02 06:58:47.306712
CUST0528,Books,Biography,Celebrity,741.05,3,No,No,2025-03-23 03:16:05.306712
CUST0905,Toys,Doll,Action,129.41,2,No,No,2025-03-03 04:38:56.306712
CUST0251,Electronics,Laptop,Ultrabook,913.71,1,Yes,No,2025-02-14 08:09:59.306712
CUST0599,Books,Textbook,Science,326.55,2,No,No,2025-03-20 02:52:56.306712
CUST0795,Books,Textbook,Science,604.72,2,No,No,2025-03-17 18:50:02.306712
CUST0840,Home,Lamp,Halogen,923.16,5,No,No,2025-03-09 00:52:37.306712
CUST0694,Electronics,Mobile,iOS,591.2,3,No,No,2025-02-15 06:13:27.306712
CUST0069,Clothing,Jeans,Regular,368.99,2,No,No,2025-03-17 18:40:35.306712
CUST0435,Home,Table,Study,348.61,2,No,No,2025-03-12 22:09:29.306712
CUST0271,Clothing,Jeans,Slim,896.72,1,No,No,2025-01-29 14:05:54.306712
CUST0479,Electronics,Laptop,Ultrabook,504.54,4,Yes,Yes,2025-02-24 16:24:40.306712
CUST0364,Clothing,Jeans,Regular,679.02,1,No,No,2025-01-30 17:58:25.306712
CUST0044,Electronics,Laptop,Gaming,542.41,4,No,No,2025-01-22 00:44:40.306712
CUST0702,Toys,Doll,Action,668.42,1,No,No,2025-02-06 18:53:02.306712
CUST0467,Electronics,Laptop,Gaming,310.66,3,No,No,2025-01-18 10:21:46.306712
CUST0256,Home,Chair,Office,419.82,4,No,No,2025-03-10 00:14:27.306712
CUST0995,Toys,Doll,Barbie,230.36,4,No,No,2025-04-01 14:44:41.306712
CUST0349,Books,Biography,Historical,929.97,0,No,No,2025-02-05 08:47:57.306712
CUST0230,Home,Table,Study,370.74,1,No,No,2025-01-18 07:55:22.306712
CUST0557,Electronics,Headphones,Wired,450.84,1,No,No,2025-01-31 17:11:41.306712
CUST0935,Clothing,T-Shirt,V-Neck,290.03,3,No,No,2025-04-10 19:07:24.306712
CUST0434,Books,Textbook,Math,785.22,1,No,No,2025-01-31 14:00:07.306712
CUST0875,Books,Textbook,Math,314.21,5,Yes,No,2025-01-26 00:27:35.306712
CUST0213,Clothing,Jacket,Leather,468.77,6,No,No,2025-01-13 15:50:45.306712
CUST0412,Electronics,Headphones,Wireless,233.53,5,No,No,2025-03-26 00:47:14.306712
CUST0844,Books,Novel,Fiction,880.44,2,Yes,No,2025-02-17 19:31:19.306712
CUST0155,Clothing,Jacket,Leather,702.22,2,No,No,2025-03-05 20:16:00.306712
CUST0274,Home,Lamp,Halogen,454.97,5,No,No,2025-03-10 20:34:57.306712
CUST0852,Books,Biography,Historical,319.26,0,No,No,2025-02-14 21:54:04.306712
CUST0868,Clothing,Jeans,Slim,224.67,2,No,No,2025-03-22 18:59:15.306712
CUST0185,Home,Table,Study,306.75,2,Yes,No,2025-01-22 19:09:30.306712
CUST0981,Electronics,Laptop,Gaming,562.04,5,No,No,2025-02-13 05:46:13.306712
CUST0926,Toys,Puzzle,Jigsaw,50.0,4,No,No,2025-02-12 19:28:25.306712
CUST0965,Electronics,Headphones,Wired,534.06,4,Yes,Yes,2025-04-10 14:00:49.306712
CUST0760,Home,Chair,Office,577.12,2,No,No,2025-01-17 09:45:16.306712
CUST0439,Electronics,Mobile,Android,469.16,1,No,No,2025-04-10 14:38:57.306712
CUST0911,Clothing,T-Shirt,V-Neck,803.93,2,No,No,2025-03-07 21:14:05.306712
CUST0602,Books,Biography,Celebrity,639.79,3,No,No,2025-04-01 12:40:13.306712
CUST0959,Clothing,Jeans,Slim,590.58,4,No,No,2025-02-09 22:30:44.306712
CUST0458,Clothing,T-Shirt,Round Neck,634.62,3,Yes,Yes,2025-01-21 12:52:15.306712
CUST0625,Clothing,Jeans,Regular,336.6,1,Yes,No,2025-02-06 16:12:21.306712
CUST0820,Electronics,Mobile,iOS,227.76,3,Yes,Yes,2025-02-16 15:00:00.306712
CUST0408,Electronics,Mobile,Android,535.72,4,No,No,2025-02-02 01:08:23.306712
CUST0412,Electronics,Laptop,Ultrabook,390.96,3,No,No,2025-02-15 11:52:58.306712
CUST0523,Electronics,Laptop,Gaming,317.03,8,No,No,2025-02-06 20:01:05.306712
CUST0465,Home,Lamp,Halogen,311.56,3,No,No,2025-01-28 01:14:26.306712
CUST0432,Books,Novel,Fiction,274.23,3,Yes,No,2025-02-21 20:20:44.306712
CUST0645,Books,Textbook,Math,340.32,2,No,No,2025-01-27 11:41:03.306712
CUST0466,Home,Chair,Office,197.24,3,Yes,Yes,2025-02-17 02:19:00.306712
CUST0926,Books,Textbook,Science,273.97,2,No,No,2025-01-17 13:17:54.306712
CUST0437,Toys,Puzzle,3D,900.52,5,No,No,2025-02-27 09:34:46.306712
CUST0980,Electronics,Mobile,Android,759.89,4,No,No,2025-01-21 14:08:23.306712
CUST0715,Toys,Puzzle,3D,558.09,0,Yes,No,2025-02-26 13:15:35.306712
CUST0891,Toys,Puzzle,Jigsaw,789.12,4,Yes,No,2025-02-17 22:39:22.306712
CUST0819,Clothing,Jacket,Leather,647.72,7,No,No,2025-03-28 07:41:28.306712
CUST0713,Clothing,T-Shirt,V-Neck,977.98,2,Yes,No,2025-02-08 23:30:25.306712
CUST0543,Home,Table,Study,669.5,4,Yes,No,2025-04-08 01:28:57.306712
CUST0892,Books,Biography,Celebrity,539.77,3,Yes,No,2025-04-10 12:55:45.306712
CUST0453,Toys,Doll,Barbie,296.82,2,No,No,2025-01-27 14:43:45.306712
CUST0882,Electronics,Headphones,Wireless,661.94,2,Yes,No,2025-01-16 14:55:26.306712
CUST0152,Home,Chair,Dining,437.62,3,Yes,No,2025-02-22 12:50:55.306712
CUST0768,Toys,Doll,Action,334.04,3,Yes,No,2025-03-10 04:38:24.306712
CUST0026,Clothing,Jacket,Leather,499.61,3,No,No,2025-02-12 01:56:29.306712
CUST0071,Electronics,Laptop,Ultrabook,316.63,4,No,No,2025-03-07 08:40:59.306712
CUST0517,Electronics,Laptop,Gaming,239.61,1,No,No,2025-01-18 08:29:08.306712
CUST0622,Clothing,T-Shirt,V-Neck,191.75,5,No,No,2025-02-20 12:06:54.306712
CUST0794,Home,Table,Coffee,518.4,4,No,No,2025-02-04 06:47:23.306712
CUST0427,Clothing,T-Shirt,Round Neck,409.93,5,No,No,2025-02-13 03:51:27.306712
CUST0494,Home,Table,Study,266.2,2,Yes,No,2025-02-01 07:06:27.306712
CUST0477,Electronics,Mobile,iOS,71.17,5,Yes,Yes,2025-03-29 08:55:21.306712
CUST0270,Clothing,Jeans,Regular,251.69,2,No,No,2025-01-16 17:06:31.306712
CUST0656,Clothing,T-Shirt,V-Neck,309.0,2,No,No,2025-01-14 13:11:26.306712
CUST0849,Home,Lamp,LED,654.45,3,No,No,2025-01-24 07:35:39.306712
CUST0839,Clothing,Jeans,Slim,623.72,3,Yes,No,2025-03-20 12:37:37.306712
CUST0855,Clothing,T-Shirt,V-Neck,728.83,4,No,No,2025-01-22 11:49:23.306712
CUST0460,Toys,Doll,Action,157.68,3,No,No,2025-03-05 21:17:41.306712
CUST0112,Books,Biography,Celebrity,450.52,5,No,No,2025-02-18 21:57:31.306712
CUST0038,Home,Table,Coffee,365.11,1,Yes,No,2025-03-02 10:19:41.306712
CUST0975,Clothing,Jacket,Leather,559.97,4,No,No,2025-01-16 11:20:02.306712
CUST0782,Electronics,Mobile,iOS,611.95,3,No,No,2025-03-24 12:30:26.306712
CUST0372,Toys,Puzzle,3D,443.13,3,Yes,No,2025-03-07 17:35:30.306712
CUST0194,Clothing,Jacket,Leather,695.98,3,No,No,2025-03-01 21:37:05.306712
CUST0603,Clothing,Jeans,Regular,325.77,0,No,No,2025-03-16 23:51:33.306712
CUST0512,Electronics,Headphones,Wired,238.26,3,No,No,2025-03-24 16:10:28.306712
CUST0308,Electronics,Laptop,Ultrabook,573.06,3,No,No,2025-03-22 21:07:26.306712
CUST0735,Home,Lamp,LED,597.26,3,No,No,2025-03-26 08:38:43.306712
CUST0343,Toys,Puzzle,3D,515.65,2,No,No,2025-02-27 20:35:16.306712
CUST0022,Books,Biography,Celebrity,740.55,3,Yes,Yes,2025-02-07 20:16:55.306712
CUST0402,Clothing,T-Shirt,V-Neck,378.31,2,No,No,2025-03-06 17:47:49.306712
CUST0902,Home,Lamp,LED,704.04,4,No,No,2025-03-17 20:45:37.306712
CUST0965,Clothing,Jeans,Slim,444.71,3,Yes,No,2025-04-03 00:05:15.306712
CUST0164,Books,Novel,Fiction,676.21,4,No,No,2025-04-04 02:41:45.306712
CUST0647,Books,Textbook,Math,259.42,6,No,No,2025-01-25 06:48:26.306712
CUST0575,Books,Textbook,Math,338.9,7,No,No,2025-03-26 07:22:14.306712
CUST0121,Electronics,Headphones,Wireless,50.0,0,Yes,No,2025-02-24 20:10:04.306712
CUST0859,Electronics,Headphones,Wireless,737.42,5,No,No,2025-03-11 17:59:35.306712
CUST0286,Toys,Puzzle,Jigsaw,290.77,2,No,No,2025-03-17 23:23:16.306712
CUST0479,Electronics,Mobile,Android,407.53,1,Yes,No,2025-01-26 16:57:04.306712
CUST0512,Books,Textbook,Math,673.61,3,No,No,2025-03-05 17:05:25.306712
CUST0025,Home,Table,Study,465.75,3,No,No,2025-02-27 15:35:19.306712
CUST0844,Books,Biography,Historical,408.44,6,No,No,2025-01-21 17:23:48.306712
CUST0285,Toys,Doll,Barbie,159.62,6,No,No,2025-03-22 05:52:08.306712
CUST0395,Toys,Puzzle,Jigsaw,151.74,1,No,No,2025-01-23 17:17:31.306712
CUST0577,Home,Lamp,Halogen,593.6,5,No,No,2025-02-12 05:01:15.306712
CUST0445,Electronics,Laptop,Ultrabook,355.78,3,No,No,2025-02-02 03:32:57.306712
CUST0651,Home,Table,Study,539.53,3,Yes,Yes,2025-04-01 00:02:32.306712
CUST0577,Electronics,Headphones,Wireless,392.51,5,No,No,2025-01-28 00:05:15.306712
CUST0038,Home,Chair,Office,559.89,2,No,No,2025-02-18 06:37:27.306712
CUST0411,Clothing,Jacket,Denim,700.44,1,No,No,2025-03-31 21:32:03.306712
CUST0290,Toys,Car,Electric,544.21,4,No,No,2025-02-16 15:44:09.306712
CUST0046,Electronics,Laptop,Ultrabook,598.06,2,No,No,2025-01-23 18:49:42.306712
CUST0435,Books,Textbook,Science,664.95,1,No,No,2025-04-08 21:04:28.306712
CUST0830,Toys,Doll,Action,462.98,2,Yes,No,2025-01-31 20:55:20.306712
CUST0372,Toys,Puzzle,Jigsaw,599.31,4,No,No,2025-03-25 11:08:33.306712
CUST0116,Books,Textbook,Science,580.53,1,No,No,2025-02-07 23:01:58.306712
CUST0522,Books,Biography,Celebrity,184.9,1,No,No,2025-02-26 07:24:13.306712
CUST0622,Clothing,Jeans,Regular,423.86,1,No,No,2025-03-18 01:32:34.306712
CUST0564,Home,Chair,Office,192.06,3,No,No,2025-02-18 16:59:26.306712
CUST0396,Toys,Car,Remote Control,363.52,2,Yes,No,2025-03-27 11:51:00.306712
CUST0128,Clothing,Jeans,Slim,609.58,4,No,No,2025-03-29 13:28:19.306712
CUST0037,Electronics,Headphones,Wireless,626.45,0,No,No,2025-01-19 11:41:54.306712
CUST0714,Books,Biography,Celebrity,438.27,0,No,No,2025-03-16 16:28:12.306712
CUST0592,Electronics,Mobile,iOS,447.14,1,No,No,2025-04-02 03:18:10.306712
CUST0503,Electronics,Headphones,Wireless,424.65,2,Yes,No,2025-03-09 17:07:46.306712
CUST0431,Toys,Car,Electric,233.16,4,No,No,2025-02-02 23:26:43.306712
CUST0379,Clothing,Jacket,Leather,769.11,2,No,No,2025-02-03 04:15:56.306712
CUST0643,Electronics,Mobile,iOS,266.44,1,No,No,2025-03-08 13:39:59.306712
CUST0222,Electronics,Laptop,Ultrabook,551.81,0,No,No,2025-03-06 00:03:07.306712
CUST0136,Toys,Car,Remote Control,931.09,2,Yes,No,2025-02-18 19:28:40.306712
CUST0238,Clothing,Jeans,Regular,322.93,1,Yes,No,2025-01-30 18:49:22.306712
CUST0434,Clothing,T-Shirt,Round Neck,192.67,3,Yes,No,2025-02-09 09:06:46.306712
CUST0795,Toys,Doll,Action,754.25,3,No,No,2025-03-01 02:48:35.306712
CUST0517,Electronics,Mobile,Android,794.18,5,No,No,2025-03-08 17:40:20.306712
CUST0162,Books,Textbook,Math,366.53,2,No,No,2025-02-10 16:50:34.306712
CUST0764,Home,Chair,Dining,546.08,5,No,No,2025-02-04 21:54:27.306712
CUST0585,Clothing,T-Shirt,Round Neck,879.06,4,No,No,2025-03-10 17:23:27.306712
CUST0227,Electronics,Laptop,Ultrabook,642.46,0,No,No,2025-03-04 02:10:48.306712
CUST0442,Home,Chair,Office,333.79,6,No,No,2025-03-09 14:56:27.306712
CUST0667,Home,Table,Study,507.85,3,Yes,Yes,2025-03-28 02:33:08.306712
CUST0660,Electronics,Laptop,Ultrabook,474.64,3,No,No,2025-03-01 08:10:18.306712
CUST0710,Books,Textbook,Science,50.0,1,Yes,No,2025-03-30 08:00:17.306712
CUST0866,Toys,Puzzle,3D,548.31,2,No,No,2025-02-11 16:46:48.306712
CUST0209,Electronics,Mobile,iOS,386.38,6,No,No,2025-02-03 01:27:31.306712
CUST0310,Home,Chair,Dining,600.06,0,Yes,No,2025-02-06 13:14:00.306712
CUST0515,Electronics,Mobile,iOS,307.62,4,No,No,2025-03-02 13:31:39.306712
CUST0361,Electronics,Headphones,Wireless,905.23,3,No,No,2025-04-10 21:11:40.306712
CUST0992,Books,Novel,Fiction,471.79,4,Yes,No,2025-03-04 13:33:55.306712
CUST0036,Clothing,Jeans,Regular,680.84,2,No,No,2025-02-26 06:25:34.306712
CUST0660,Home,Lamp,LED,891.17,3,No,No,2025-04-09 03:33:06.306712
CUST0627,Home,Chair,Office,246.18,3,No,No,2025-03-10 11:49:08.306712
CUST0103,Books,Textbook,Science,431.64,5,No,No,2025-04-09 21:50:51.306712
CUST0847,Books,Novel,Mystery,798.92,5,No,No,2025-02-14 00:22:20.306712
CUST0017,Books,Textbook,Science,428.14,4,Yes,Yes,2025-04-13 02:20:20.306712
CUST0594,Home,Lamp,LED,702.14,0,Yes,No,2025-01-19 09:02:42.306712
CUST0805,Electronics,Mobile,iOS,510.28,2,Yes,No,2025-01-27 16:11:22.306712
CUST0879,Books,Textbook,Science,210.93,2,No,No,2025-02-07 19:04:37.306712
CUST0638,Clothing,Jeans,Regular,605.69,4,No,No,2025-04-05 05:01:26.306712
CUST0599,Clothing,T-Shirt,Round Neck,541.48,2,Yes,No,2025-01-23 21:04:25.306712
CUST0872,Toys,Puzzle,3D,455.77,3,No,No,2025-03-13 20:37:26.306712
CUST0916,Toys,Car,Electric,400.39,3,No,No,2025-02-03 07:09:21.306712
CUST0983,Clothing,Jacket,Leather,272.2,4,No,No,2025-02-18 09:41:27.306712
CUST0460,Home,Chair,Dining,449.42,1,No,No,2025-03-31 20:21:19.306712
CUST0515,Electronics,Mobile,Android,486.57,1,No,No,2025-02-14 01:23:31.306712
CUST0734,Books,Novel,Fiction,315.48,2,Yes,No,2025-02-11 14:14:46.306712
CUST0470,Home,Lamp,LED,593.73,2,No,No,2025-03-16 22:33:37.306712
CUST0095,Books,Biography,Historical,298.33,8,Yes,Yes,2025-02-11 19:39:06.306712
CUST0853,Home,Lamp,Halogen,259.14,7,No,No,2025-02-22 22:04:42.306712
CUST0167,Electronics,Mobile,Android,515.54,3,No,No,2025-04-04 03:28:28.306712
CUST0237,Home,Table,Study,652.92,2,No,No,2025-03-31 12:08:04.306712
CUST0399,Toys,Car,Electric,580.02,0,No,No,2025-01-27 11:56:48.306712
CUST0680,Clothing,Jacket,Denim,720.46,5,No,No,2025-01-13 21:26:36.306712
CUST0502,Electronics,Laptop,Gaming,617.35,5,No,No,2025-03-19 05:02:42.306712
CUST0303,Clothing,Jeans,Regular,297.92,1,Yes,No,2025-02-19 16:42:52.306712
CUST0935,Electronics,Headphones,Wired,656.17,4,No,No,2025-04-04 09:41:56.306712
CUST0949,Home,Lamp,LED,266.4,4,No,No,2025-03-24 11:39:11.306712
CUST0678,Electronics,Laptop,Gaming,488.83,1,No,No,2025-03-31 19:15:50.306712
CUST0811,Clothing,Jacket,Leather,595.71,0,No,No,2025-01-18 12:08:19.306712
CUST0453,Toys,Doll,Barbie,758.94,3,No,No,2025-02-20 11:43:27.306712
CUST0195,Home,Chair,Office,630.95,3,No,No,2025-02-07 17:28:59.306712
CUST0648,Electronics,Headphones,Wireless,270.92,3,No,No,2025-01-13 13:15:44.306712
CUST0935,Clothing,T-Shirt,V-Neck,381.71,5,Yes,No,2025-03-01 20:24:10.306712
CUST0347,Books,Novel,Mystery,478.05,1,No,No,2025-03-04 11:17:45.306712
CUST0043,Toys,Doll,Action,495.36,1,Yes,No,2025-02-07 01:57:03.306712
CUST0681,Electronics,Headphones,Wired,200.39,4,Yes,Yes,2025-02-01 03:00:00.306712
CUST0224,Clothing,Jeans,Regular,557.96,5,No,No,2025-02-17 10:15:44.306712
CUST0749,Electronics,Mobile,iOS,555.55,6,Yes,No,2025-03-12 11:58:13.306712
CUST0820,Electronics,Laptop,Ultrabook,680.87,2,No,No,2025-03-22 03:29:47.306712
CUST0778,Home,Table,Coffee,501.88,4,No,No,2025-02-25 03:42:59.306712
CUST0663,Toys,Puzzle,3D,462.05,4,No,No,2025-03-25 02:17:52.306712
CUST0485,Toys,Puzzle,Jigsaw,325.36,3,No,No,2025-03-22 20:23:03.306712
CUST0338,Clothing,Jacket,Denim,244.56,5,Yes,No,2025-01-30 00:45:33.306712
CUST0088,Toys,Puzzle,Jigsaw,113.96,3,No,No,2025-03-17 15:46:00.306712
CUST0290,Clothing,Jacket,Denim,642.1,4,No,No,2025-03-03 10:05:16.306712
CUST0116,Home,Chair,Dining,596.32,6,Yes,Yes,2025-01-21 16:08:51.306712
CUST0222,Toys,Doll,Action,171.85,3,Yes,No,2025-03-10 22:13:06.306712
CUST0195,Toys,Puzzle,3D,681.47,6,No,No,2025-04-06 11:50:43.306712
CUST0173,Books,Biography,Historical,263.71,1,No,No,2025-01-14 01:32:03.306712
CUST0928,Electronics,Mobile,Android,795.02,3,Yes,Yes,2025-02-11 19:50:41.306712
CUST0912,Electronics,Mobile,Android,724.55,3,Yes,No,2025-03-03 15:28:27.306712
CUST0663,Home,Table,Study,354.61,5,No,No,2025-02-24 19:46:56.306712
CUST0634,Toys,Car,Remote Control,448.62,7,Yes,Yes,2025-03-15 02:47:22.306712
CUST0305,Toys,Puzzle,Jigsaw,179.93,5,Yes,Yes,2025-04-01 02:40:56.306712
CUST0615,Electronics,Mobile,iOS,197.59,0,Yes,No,2025-02-26 21:14:02.306712
CUST0909,Home,Table,Coffee,740.48,5,No,No,2025-04-12 03:58:27.306712
CUST0427,Home,Lamp,LED,276.93,5,Yes,No,2025-02-12 22:22:17.306712
CUST0196,Clothing,Jacket,Leather,804.28,3,No,No,2025-03-08 20:30:20.306712
CUST0671,Electronics,Mobile,Android,752.03,3,Yes,Yes,2025-03-04 17:47:24.306712
CUST0323,Clothing,T-Shirt,Round Neck,317.46,4,Yes,Yes,2025-04-03 23:29:44.306712
CUST0899,Toys,Puzzle,Jigsaw,639.17,1,No,No,2025-02-10 15:31:51.306712
CUST0188,Toys,Doll,Barbie,303.38,4,No,No,2025-03-25 02:51:16.306712
CUST0129,Clothing,Jacket,Denim,597.64,4,No,No,2025-02-20 19:32:15.306712
CUST0179,Books,Biography,Historical,761.53,3,No,No,2025-03-15 15:35:01.306712
CUST0249,Clothing,T-Shirt,Round Neck,825.92,1,No,No,2025-02-12 21:51:31.306712
CUST0253,Home,Chair,Office,351.6,2,No,No,2025-03-06 15:15:39.306712
CUST0435,Books,Novel,Mystery,377.32,0,No,No,2025-02-28 12:54:16.306712
CUST0395,Electronics,Laptop,Gaming,368.71,2,No,No,2025-03-14 14:45:42.306712
CUST0941,Clothing,Jacket,Denim,666.44,2,No,No,2025-03-16 15:01:28.306712
CUST0724,Books,Textbook,Science,371.68,2,No,No,2025-04-11 20:33:03.306712
CUST0482,Home,Chair,Dining,692.3,2,Yes,No,2025-03-01 18:30:58.306712
CUST0884,Clothing,T-Shirt,Round Neck,450.74,4,No,No,2025-02-26 02:01:53.306712
CUST0666,Home,Chair,Dining,709.78,2,Yes,No,2025-04-05 08:09:22.306712
CUST0705,Electronics,Mobile,Android,334.67,2,No,No,2025-04-04 08:12:26.306712
CUST0224,Electronics,Laptop,Gaming,830.46,6,No,No,2025-01-15 07:42:22.306712
CUST0705,Toys,Car,Remote Control,467.56,4,Yes,No,2025-01-27 13:14:22.306712
CUST0291,Books,Novel,Mystery,357.67,1,Yes,No,2025-02-09 08:30:55.306712
CUST0188,Books,Biography,Celebrity,562.16,3,No,No,2025-04-09 11:14:47.306712
CUST0067,Books,Textbook,Math,550.98,6,No,No,2025-03-12 03:13:19.306712
CUST0183,Books,Biography,Historical,862.17,5,No,No,2025-03-10 21:52:01.306712
CUST0565,Home,Table,Coffee,304.82,1,Yes,No,2025-02-03 19:44:41.306712
CUST0569,Electronics,Headphones,Wireless,715.79,7,No,No,2025-03-31 16:46:08.306712
CUST0951,Toys,Car,Electric,888.68,2,No,No,2025-04-11 15:36:44.306712
CUST0391,Clothing,Jacket,Leather,384.91,2,No,No,2025-03-29 22:53:51.306712
CUST0855,Books,Textbook,Science,480.65,5,No,No,2025-03-04 14:30:20.306712
CUST0022,Books,Textbook,Math,344.96,0,No,No,2025-02-09 03:07:39.306712
CUST0185,Clothing,Jeans,Regular,546.31,1,No,No,2025-03-29 14:03:30.306712
CUST0667,Clothing,T-Shirt,V-Neck,739.78,4,No,No,2025-03-10 16:56:04.306712
CUST0241,Electronics,Mobile,iOS,347.23,2,No,No,2025-03-20 16:39:35.306712
CUST0593,Toys,Puzzle,Jigsaw,836.72,2,No,No,2025-03-17 16:40:38.306712
CUST0196,Home,Chair,Dining,373.87,3,No,No,2025-03-23 03:53:06.306712
CUST0479,Electronics,Laptop,Gaming,392.99,1,No,No,2025-04-02 15:30:46.306712
CUST0481,Electronics,Laptop,Ultrabook,433.33,3,No,No,2025-02-18 21:54:48.306712
CUST0007,Toys,Car,Remote Control,506.38,4,No,No,2025-03-09 11:52:31.306712
CUST0290,Toys,Car,Remote Control,620.61,3,Yes,Yes,2025-02-16 03:36:45.306712
CUST0468,Books,Textbook,Science,714.61,4,Yes,No,2025-02-22 18:17:52.306712
CUST0129,Electronics,Mobile,Android,170.71,5,No,No,2025-04-02 07:59:17.306712
CUST0334,Toys,Doll,Barbie,516.65,2,Yes,No,2025-03-13 19:40:22.306712
CUST0800,Home,Table,Study,535.48,5,No,No,2025-03-26 08:10:22.306712
CUST0368,Home,Table,Coffee,618.21,6,Yes,Yes,2025-02-18 12:11:56.306712
CUST0597,Home,Lamp,LED,572.56,4,No,No,2025-02-01 13:15:06.306712
CUST0837,Clothing,Jacket,Leather,187.14,4,No,No,2025-03-26 14:20:35.306712
CUST0336,Toys,Puzzle,3D,784.69,4,No,No,2025-02-11 01:36:36.306712
CUST0099,Toys,Doll,Barbie,411.38,2,No,No,2025-03-18 12:49:30.306712
CUST0706,Home,Chair,Office,741.3,2,Yes,No,2025-01-16 00:34:33.306712
CUST0611,Books,Biography,Celebrity,439.43,7,No,No,2025-02-15 18:34:32.306712
CUST0110,Clothing,Jeans,Slim,620.9,6,No,No,2025-02-21 12:42:11.306712
CUST0775,Home,Table,Coffee,264.45,4,Yes,No,2025-02-15 01:12:55.306712
CUST0752,Electronics,Laptop,Gaming,476.86,2,No,No,2025-03-02 04:51:55.306712
CUST0244,Books,Novel,Fiction,508.54,5,No,No,2025-02-05 13:03:10.306712
CUST0268,Clothing,Jeans,Regular,664.84,3,No,No,2025-04-05 09:10:56.306712
CUST0515,Books,Novel,Fiction,865.42,3,No,No,2025-04-09 06:57:07.306712
CUST0979,Clothing,T-Shirt,Round Neck,61.52,3,No,No,2025-01-27 02:15:24.306712
CUST0529,Electronics,Laptop,Gaming,153.15,3,No,No,2025-04-09 14:41:45.306712
CUST0812,Toys,Car,Electric,550.54,4,No,No,2025-02-16 19:27:42.306712
CUST0968,Home,Table,Study,603.98,2,Yes,No,2025-03-26 12:32:35.306712
CUST0699,Home,Chair,Office,584.63,4,Yes,Yes,2025-01-29 03:53:54.306712
CUST0452,Home,Table,Study,478.34,3,No,No,2025-02-06 05:09:19.306712
CUST0776,Books,Novel,Fiction,265.62,4,No,No,2025-01-22 00:30:36.306712
CUST0314,Toys,Puzzle,Jigsaw,609.99,2,No,No,2025-01-23 17:13:52.306712
CUST0920,Electronics,Headphones,Wired,433.94,5,No,No,2025-01-29 05:37:42.306712
CUST0998,Clothing,T-Shirt,V-Neck,597.25,4,No,No,2025-03-25 13:53:35.306712
CUST0786,Home,Table,Study,404.89,1,No,No,2025-03-19 21:10:46.306712
CUST0851,Electronics,Mobile,Android,674.3,6,No,No,2025-04-02 13:03:01.306712
CUST0951,Toys,Puzzle,Jigsaw,393.54,4,No,No,2025-02-06 03:29:29.306712
CUST0722,Books,Biography,Celebrity,643.54,0,No,No,2025-03-23 22:53:10.306712
CUST0095,Electronics,Mobile,Android,367.61,3,No,No,2025-01-20 02:00:22.306712
CUST0513,Clothing,Jeans,Slim,430.13,3,No,No,2025-03-23 02:17:03.306712
CUST0259,Electronics,Headphones,Wireless,526.97,2,Yes,No,2025-02-25 23:30:37.306712
CUST0047,Clothing,Jacket,Denim,77.49,2,No,No,2025-02-23 13:03:48.306712
CUST0065,Books,Textbook,Science,382.65,2,No,No,2025-03-06 06:05:09.306712
CUST0457,Clothing,T-Shirt,Round Neck,198.16,1,Yes,No,2025-02-09 20:15:29.306712
CUST0582,Toys,Car,Remote Control,210.83,5,No,No,2025-04-07 04:31:32.306712
CUST0937,Electronics,Mobile,Android,261.9,5,No,No,2025-01-15 12:12:11.306712
CUST0287,Clothing,Jacket,Denim,544.64,4,No,No,2025-03-19 00:06:48.306712
CUST0508,Home,Chair,Office,760.47,3,No,No,2025-02-12 07:04:01.306712
CUST0313,Clothing,T-Shirt,Round Neck,187.08,2,No,No,2025-02-22 10:44:11.306712
CUST0370,Electronics,Mobile,Android,392.69,1,No,No,2025-02-11 01:48:16.306712
CUST0864,Books,Novel,Fiction,542.87,2,No,No,2025-01-14 16:08:00.306712
CUST0645,Home,Chair,Office,566.61,2,No,No,2025-01-25 08:23:10.306712
CUST0241,Home,Lamp,Halogen,748.05,4,No,No,2025-03-26 20:38:26.306712
CUST0467,Toys,Doll,Barbie,495.11,2,No,No,2025-01-18 02:28:38.306712
CUST0739,Books,Novel,Fiction,535.9,4,No,No,2025-03-20 10:25:19.306712
CUST0238,Toys,Doll,Action,205.5,5,No,No,2025-03-27 19:31:38.306712
CUST0882,Books,Novel,Fiction,190.22,3,Yes,Yes,2025-03-31 16:28:42.306712
CUST0800,Electronics,Headphones,Wired,634.68,3,No,No,2025-03-23 23:00:18.306712
CUST0568,Books,Biography,Celebrity,965.26,4,No,No,2025-02-28 17:38:39.306712
CUST0754,Books,Biography,Historical,50.0,0,Yes,No,2025-02-03 15:34:02.306712
CUST0513,Books,Biography,Historical,235.94,3,No,No,2025-01-26 00:18:38.306712
CUST0809,Clothing,Jacket,Leather,300.35,4,No,No,2025-03-06 06:15:15.306712
CUST0995,Toys,Puzzle,3D,489.82,3,No,No,2025-03-16 23:01:13.306712
CUST0652,Clothing,T-Shirt,V-Neck,543.35,2,Yes,No,2025-03-03 16:50:57.306712
CUST0488,Clothing,T-Shirt,V-Neck,564.54,3,Yes,Yes,2025-03-11 11:50:41.306712
CUST0259,Home,Lamp,Halogen,124.69,2,No,No,2025-03-04 00:08:09.306712
CUST0828,Electronics,Headphones,Wired,355.46,3,No,No,2025-04-03 22:16:44.306712
CUST0742,Clothing,Jeans,Slim,431.38,3,No,No,2025-03-06 19:06:59.306712
CUST0569,Electronics,Laptop,Ultrabook,401.1,4,Yes,No,2025-03-25 04:21:54.306712
CUST0694,Electronics,Mobile,Android,182.88,3,No,No,2025-02-16 06:43:06.306712
CUST0898,Books,Biography,Celebrity,411.86,3,No,No,2025-03-14 16:28:44.306712
CUST0198,Toys,Puzzle,3D,762.58,2,No,No,2025-02-05 15:46:29.306712
CUST0678,Books,Textbook,Math,288.61,5,No,No,2025-01-16 17:01:24.306712
CUST0371,Home,Lamp,LED,576.39,3,No,No,2025-03-28 23:55:28.306712
CUST0242,Toys,Puzzle,3D,480.7,3,Yes,Yes,2025-03-09 05:20:49.306712
CUST0324,Home,Chair,Dining,494.6,6,No,No,2025-02-04 15:15:22.306712
CUST0529,Home,Lamp,Halogen,750.05,2,No,No,2025-01-14 07:51:09.306712
CUST0144,Electronics,Headphones,Wired,610.16,4,No,No,2025-03-16 03:35:49.306712
CUST0077,Home,Chair,Dining,605.86,4,No,No,2025-03-08 18:35:05.306712
CUST0673,Home,Chair,Office,618.96,4,No,No,2025-03-21 04:31:20.306712
CUST0917,Home,Lamp,Halogen,769.71,4,No,No,2025-03-24 07:33:59.306712
CUST0345,Clothing,Jacket,Denim,576.27,5,No,No,2025-02-08 10:18:38.306712
CUST0290,Electronics,Laptop,Ultrabook,454.49,4,No,No,2025-02-26 18:50:05.306712
CUST0480,Toys,Car,Electric,496.19,1,No,No,2025-03-17 01:38:00.306712
CUST0733,Clothing,T-Shirt,Round Neck,394.2,4,No,No,2025-03-26 09:08:58.306712
CUST0040,Books,Novel,Fiction,517.71,1,Yes,No,2025-04-13 08:55:43.306712
CUST0284,Electronics,Headphones,Wired,475.92,2,Yes,No,2025-03-02 12:26:49.306712
CUST0779,Electronics,Mobile,Android,627.99,1,No,No,2025-02-11 03:42:25.306712
CUST0413,Electronics,Headphones,Wired,511.3,6,Yes,Yes,2025-03-02 06:08:07.306712
CUST0551,Electronics,Laptop,Gaming,855.32,4,No,No,2025-04-09 16:44:48.306712
CUST0024,Home,Table,Study,250.52,4,No,No,2025-02-22 04:54:10.306712
CUST0496,Electronics,Headphones,Wired,326.66,1,No,No,2025-02-07 11:19:00.306712
CUST0974,Home,Chair,Dining,346.42,4,No,No,2025-01-25 17:59:47.306712
CUST0789,Home,Lamp,Halogen,690.04,3,Yes,Yes,2025-02-07 15:09:33.306712
CUST0577,Toys,Doll,Action,716.29,2,No,No,2025-01-21 11:39:30.306712
CUST0118,Electronics,Mobile,iOS,301.13,5,No,No,2025-02-27 18:31:46.306712
CUST0798,Electronics,Mobile,Android,329.0,3,No,No,2025-01-28 18:06:31.306712
CUST0335,Books,Novel,Mystery,555.39,6,No,No,2025-03-18 13:12:45.306712
CUST0301,Clothing,T-Shirt,V-Neck,544.55,2,Yes,No,2025-02-06 05:24:05.306712
CUST0138,Home,Lamp,Halogen,842.39,3,Yes,No,2025-03-09 11:45:51.306712
CUST0629,Books,Textbook,Science,373.05,5,No,No,2025-03-12 19:58:45.306712
CUST0831,Electronics,Mobile,Android,319.13,5,No,No,2025-02-07 19:52:05.306712
CUST0818,Clothing,Jacket,Leather,495.04,2,No,No,2025-04-01 10:51:33.306712
CUST0476,Books,Textbook,Math,534.83,3,No,No,2025-02-07 20:39:35.306712
CUST0414,Toys,Puzzle,3D,324.57,2,No,No,2025-02-27 20:39:40.306712
CUST0023,Home,Table,Coffee,176.75,2,No,No,2025-01-23 17:31:37.306712
CUST0952,Clothing,T-Shirt,Round Neck,573.06,5,Yes,No,2025-03-29 01:18:52.306712
CUST0296,Clothing,T-Shirt,Round Neck,731.87,1,Yes,No,2025-01-21 15:19:30.306712
CUST0834,Home,Lamp,Halogen,619.68,4,Yes,No,2025-01-22 21:59:20.306712
CUST0523,Electronics,Mobile,iOS,708.08,7,No,No,2025-02-18 03:50:55.306712
CUST0609,Electronics,Laptop,Gaming,723.83,1,Yes,No,2025-01-15 14:28:22.306712
CUST0252,Home,Chair,Dining,298.81,4,No,No,2025-02-08 19:14:21.306712
CUST0203,Clothing,Jeans,Regular,539.08,5,No,No,2025-04-01 18:28:12.306712
CUST0700,Books,Biography,Historical,241.72,4,Yes,No,2025-03-31 14:14:02.306712
CUST0991,Home,Chair,Dining,449.89,2,No,No,2025-01-26 21:56:01.306712
CUST0323,Electronics,Headphones,Wireless,429.71,1,Yes,No,2025-02-02 11:03:46.306712
CUST0127,Electronics,Laptop,Ultrabook,186.51,3,Yes,Yes,2025-01-19 23:04:06.306712
CUST0117,Toys,Puzzle,Jigsaw,480.18,5,Yes,Yes,2025-01-14 15:11:09.306712
CUST0501,Electronics,Mobile,iOS,408.44,3,No,No,2025-03-17 13:54:54.306712
CUST0598,Clothing,T-Shirt,Round Neck,605.53,0,No,No,2025-02-17 12:10:59.306712
CUST0893,Clothing,T-Shirt,Round Neck,469.23,4,No,No,2025-03-20 00:49:31.306712
CUST0317,Home,Chair,Dining,698.26,4,No,No,2025-03-30 15:27:50.306712
CUST0950,Books,Textbook,Math,547.82,6,Yes,No,2025-02-17 23:57:56.306712
CUST0836,Clothing,Jacket,Denim,567.96,3,No,No,2025-03-19 12:53:24.306712
CUST0140,Home,Lamp,LED,568.53,3,No,No,2025-01-25 12:25:43.306712
CUST0853,Books,Novel,Mystery,277.84,3,No,No,2025-03-19 08:55:50.306712
CUST0783,Toys,Car,Remote Control,703.64,2,No,No,2025-02-08 17:39:40.306712
CUST0753,Clothing,Jeans,Slim,388.38,1,No,No,2025-03-06 08:22:07.306712
CUST0282,Home,Lamp,LED,600.09,3,No,No,2025-02-25 02:11:12.306712
CUST0782,Home,Table,Coffee,309.53,4,Yes,Yes,2025-01-25 20:43:17.306712
CUST0738,Toys,Doll,Barbie,790.56,4,No,No,2025-03-06 08:10:48.306712
CUST0110,Home,Table,Study,84.68,4,Yes,No,2025-01-31 06:33:30.306712
CUST0819,Clothing,T-Shirt,Round Neck,639.93,3,No,No,2025-02-16 05:33:24.306712
CUST0569,Home,Table,Coffee,912.16,6,Yes,No,2025-03-04 03:19:42.306712
CUST0058,Clothing,Jacket,Denim,445.34,4,Yes,No,2025-01-30 03:34:51.306712
CUST0521,Toys,Puzzle,3D,487.82,4,No,No,2025-01-16 05:29:22.306712
CUST0949,Books,Biography,Historical,510.05,3,No,No,2025-04-08 06:06:34.306712
CUST0510,Toys,Puzzle,3D,497.48,2,No,No,2025-04-01 23:39:58.306712
CUST0217,Home,Lamp,Halogen,484.9,3,No,No,2025-04-12 01:28:35.306712
CUST0135,Home,Chair,Dining,580.98,2,No,No,2025-03-22 20:02:41.306712
CUST0719,Books,Biography,Celebrity,567.47,6,No,No,2025-03-01 08:19:50.306712
CUST0260,Home,Lamp,Halogen,409.53,1,No,No,2025-02-08 04:37:57.306712
CUST0814,Toys,Puzzle,Jigsaw,559.79,5,No,No,2025-02-12 05:30:40.306712
CUST0438,Home,Chair,Office,534.53,7,No,No,2025-02-24 17:16:06.306712
CUST0009,Books,Textbook,Math,304.01,2,No,No,2025-02-20 09:22:28.306712
CUST0305,Toys,Doll,Barbie,765.45,1,Yes,No,2025-03-26 12:31:28.306712
CUST0688,Books,Biography,Celebrity,649.3,4,Yes,No,2025-03-02 17:55:15.306712
CUST0474,Toys,Puzzle,3D,746.19,3,No,No,2025-04-11 04:50:20.306712
CUST0668,Home,Table,Study,702.67,3,No,No,2025-01-15 12:25:51.306712
CUST0597,Electronics,Mobile,Android,482.3,5,No,No,2025-01-15 15:47:24.306712
CUST0908,Home,Chair,Dining,256.81,4,No,No,2025-01-28 18:24:40.306712
CUST0881,Home,Lamp,Halogen,481.33,3,Yes,No,2025-03-13 01:24:55.306712
CUST0446,Electronics,Mobile,iOS,384.31,7,No,No,2025-01-19 09:03:09.306712
CUST0588,Toys,Puzzle,Jigsaw,475.63,1,No,No,2025-04-05 07:09:11.306712
CUST0648,Home,Lamp,LED,537.21,6,Yes,Yes,2025-01-27 10:10:15.306712
CUST0407,Clothing,Jeans,Slim,63.0,1,No,No,2025-03-23 02:50:33.306712
CUST0489,Home,Chair,Office,790.16,2,No,No,2025-03-21 01:51:12.306712
CUST0404,Electronics,Mobile,Android,590.94,4,No,No,2025-02-18 14:24:09.306712
CUST0061,Clothing,Jacket,Denim,577.05,2,No,No,2025-02-06 10:38:50.306712
CUST0691,Toys,Car,Remote Control,440.22,1,No,No,2025-02-08 11:22:35.306712
CUST0961,Clothing,Jeans,Regular,442.18,4,Yes,Yes,2025-04-13 06:47:09.306712
CUST0249,Books,Novel,Mystery,501.33,3,No,No,2025-03-11 22:34:03.306712
CUST0933,Home,Table,Study,759.59,2,Yes,No,2025-03-24 23:41:30.306712
CUST0269,Home,Lamp,Halogen,444.89,5,No,No,2025-03-23 13:32:41.306712
CUST0639,Home,Lamp,LED,423.22,3,No,No,2025-01-30 08:01:18.306712
CUST0460,Clothing,Jacket,Leather,187.01,7,No,No,2025-03-02 09:00:07.306712
CUST0727,Home,Table,Coffee,635.96,5,Yes,Yes,2025-01-23 20:17:45.306712
CUST0542,Clothing,T-Shirt,Round Neck,229.43,5,No,No,2025-03-20 19:10:59.306712
CUST0287,Electronics,Mobile,Android,602.51,0,No,No,2025-03-12 17:36:26.306712
CUST0989,Clothing,Jeans,Slim,455.1,5,No,No,2025-02-28 16:53:21.306712
CUST0397,Electronics,Laptop,Ultrabook,141.05,0,No,No,2025-04-12 15:34:52.306712
CUST0836,Home,Table,Coffee,749.38,2,No,No,2025-03-28 22:08:58.306712
CUST0683,Home,Chair,Dining,323.63,7,No,No,2025-03-25 05:29:56.306712
CUST0946,Books,Biography,Celebrity,78.6,3,No,No,2025-01-23 03:35:08.306712
CUST0083,Clothing,Jacket,Denim,267.62,6,No,No,2025-02-04 23:25:03.306712
CUST0517,Electronics,Mobile,Android,475.78,3,No,No,2025-02-16 12:15:43.306712
CUST0007,Clothing,Jacket,Leather,402.06,6,No,No,2025-03-06 03:36:42.306712
CUST0736,Toys,Puzzle,Jigsaw,697.09,1,Yes,No,2025-02-28 19:17:29.306712
CUST0794,Home,Table,Study,514.31,0,No,No,2025-03-11 13:33:17.306712
CUST0366,Clothing,Jacket,Leather,237.93,3,No,No,2025-02-25 10:57:36.306712
CUST0799,Books,Biography,Celebrity,414.18,2,Yes,No,2025-03-31 15:43:46.306712
CUST0280,Clothing,T-Shirt,Round Neck,571.35,1,No,No,2025-02-13 10:00:03.306712
CUST0716,Home,Chair,Office,631.63,2,No,No,2025-04-03 02:45:10.306712
CUST0655,Books,Novel,Fiction,566.73,2,No,No,2025-03-23 23:19:29.306712
CUST0452,Toys,Puzzle,3D,581.3,2,No,No,2025-03-29 05:49:05.306712
CUST0765,Toys,Puzzle,Jigsaw,521.77,3,No,No,2025-04-03 14:17:33.306712
CUST0982,Home,Chair,Office,493.49,1,Yes,No,2025-01-14 15:58:35.306712
CUST0142,Books,Novel,Mystery,386.99,3,No,No,2025-02-25 07:51:32.306712
CUST0775,Clothing,T-Shirt,V-Neck,684.13,6,No,No,2025-02-01 07:34:44.306712
CUST0916,Home,Table,Study,392.75,2,No,No,2025-04-08 16:14:44.306712
CUST0583,Books,Biography,Historical,980.28,0,Yes,No,2025-04-08 10:08:09.306712
CUST0509,Electronics,Laptop,Ultrabook,349.46,1,No,No,2025-02-28 18:18:02.306712
CUST0255,Electronics,Mobile,iOS,899.2,1,No,No,2025-01-31 03:09:46.306712
CUST0005,Toys,Car,Electric,842.5,1,No,No,2025-01-19 20:48:44.306712
CUST0570,Books,Novel,Fiction,301.79,2,No,No,2025-03-19 02:22:59.306712
CUST0830,Toys,Doll,Barbie,634.99,4,No,No,2025-02-28 18:05:01.306712
CUST0638,Clothing,T-Shirt,V-Neck,834.3,6,Yes,Yes,2025-04-04 01:18:49.306712
CUST0927,Clothing,T-Shirt,Round Neck,199.27,5,No,No,2025-03-13 22:57:58.306712
CUST0488,Clothing,Jeans,Slim,298.72,10,Yes,No,2025-03-04 17:21:06.306712
CUST0349,Electronics,Mobile,iOS,465.36,1,Yes,No,2025-03-19 13:02:45.306712
CUST0935,Home,Table,Coffee,466.68,3,No,No,2025-03-05 12:40:18.306712
CUST0153,Books,Textbook,Math,584.51,4,No,No,2025-01-13 12:48:17.306712
CUST0623,Electronics,Laptop,Gaming,397.57,2,No,No,2025-01-30 06:54:19.306712
CUST0029,Toys,Car,Remote Control,423.15,4,No,No,2025-01-21 19:10:42.306712
CUST0893,Clothing,T-Shirt,V-Neck,383.08,2,No,No,2025-02-16 05:09:56.306712
CUST0185,Clothing,Jacket,Denim,544.66,4,No,No,2025-03-09 20:56:42.306712
CUST0424,Electronics,Mobile,Android,496.78,3,No,No,2025-02-02 20:51:00.306712
CUST0078,Home,Table,Study,184.78,4,No,No,2025-02-16 13:34:39.306712
CUST0118,Books,Biography,Celebrity,318.97,2,No,No,2025-03-31 04:00:35.306712
CUST0636,Electronics,Mobile,Android,351.58,4,No,No,2025-02-01 14:20:29.306712
CUST0015,Toys,Car,Electric,453.23,1,No,No,2025-03-31 15:12:29.306712
CUST0445,Electronics,Headphones,Wired,546.74,0,No,No,2025-01-20 00:24:39.306712
CUST0477,Home,Chair,Office,527.5,5,No,No,2025-03-31 17:22:26.306712
CUST0752,Home,Chair,Office,741.35,1,Yes,No,2025-01-15 20:10:10.306712
CUST0049,Books,Textbook,Science,506.47,3,Yes,Yes,2025-02-16 10:42:33.306712
CUST0529,Books,Biography,Celebrity,114.49,4,No,No,2025-03-20 19:10:31.306712
CUST0555,Home,Chair,Dining,630.8,1,No,No,2025-03-10 08:08:35.306712
CUST0772,Electronics,Laptop,Ultrabook,680.23,2,Yes,No,2025-01-17 16:37:06.306712
CUST0304,Toys,Doll,Barbie,266.39,3,No,No,2025-04-11 00:16:58.306712
CUST0255,Books,Biography,Celebrity,452.59,4,No,No,2025-03-20 06:05:11.306712
CUST0403,Clothing,Jeans,Slim,879.32,7,No,No,2025-03-03 05:15:33.306712
CUST0440,Home,Chair,Office,756.64,0,No,No,2025-02-10 11:21:59.306712
CUST0786,Clothing,T-Shirt,V-Neck,311.79,1,Yes,No,2025-03-31 12:33:41.306712
CUST0991,Clothing,Jacket,Denim,378.06,4,No,No,2025-03-28 19:47:24.306712
CUST0679,Home,Chair,Dining,267.42,4,No,No,2025-04-11 12:53:03.306712
CUST0411,Clothing,T-Shirt,V-Neck,465.62,3,No,No,2025-04-08 15:09:29.306712
CUST0396,Home,Table,Coffee,845.39,4,No,No,2025-02-11 05:41:06.306712
CUST0620,Clothing,Jacket,Denim,584.07,5,No,No,2025-01-23 20:38:33.306712
CUST0436,Books,Biography,Celebrity,660.85,2,No,No,2025-01-16 18:17:28.306712
CUST0453,Toys,Car,Remote Control,211.54,2,Yes,No,2025-03-09 05:34:40.306712
CUST0524,Home,Table,Study,323.09,4,Yes,Yes,2025-03-14 18:17:28.306712
CUST0078,Electronics,Mobile,iOS,886.3,3,No,No,2025-03-17 04:37:39.306712
CUST0831,Books,Biography,Historical,713.36,3,Yes,No,2025-02-10 15:14:40.306712
CUST0973,Electronics,Headphones,Wired,438.13,1,No,No,2025-03-15 04:07:28.306712
CUST0242,Toys,Doll,Action,428.84,2,No,No,2025-02-03 12:58:40.306712
CUST0466,Books,Novel,Fiction,50.0,4,No,No,2025-01-29 01:16:47.306712
CUST0286,Toys,Puzzle,Jigsaw,350.77,2,No,No,2025-02-24 08:52:40.306712
CUST0759,Home,Lamp,LED,690.95,2,No,No,2025-04-13 10:38:32.306712
CUST0916,Home,Chair,Dining,382.93,2,No,No,2025-03-07 13:49:47.306712
CUST0015,Home,Lamp,LED,319.03,4,No,No,2025-02-10 22:18:05.306712
CUST0041,Books,Textbook,Math,414.22,1,Yes,No,2025-02-20 06:35:13.306712
CUST0353,Electronics,Headphones,Wired,467.73,1,No,No,2025-02-18 17:59:01.306712
CUST0404,Toys,Puzzle,3D,504.14,1,No,No,2025-04-10 21:12:09.306712
CUST0714,Toys,Puzzle,Jigsaw,399.42,1,No,No,2025-04-04 10:48:56.306712
CUST0995,Clothing,Jacket,Leather,711.3,2,No,No,2025-02-28 02:30:09.306712
CUST0976,Clothing,Jeans,Regular,373.42,3,No,No,2025-01-24 22:43:07.306712
CUST0145,Home,Lamp,Halogen,321.82,2,No,No,2025-01-31 10:19:50.306712
CUST0075,Clothing,T-Shirt,Round Neck,240.81,4,No,No,2025-01-16 02:47:57.306712
CUST0566,Home,Lamp,Halogen,351.66,5,Yes,No,2025-01-24 16:29:42.306712
CUST0377,Clothing,T-Shirt,V-Neck,522.93,4,Yes,Yes,2025-03-29 19:27:53.306712
CUST0398,Books,Novel,Fiction,804.45,2,No,No,2025-03-10 20:28:39.306712
CUST0553,Electronics,Laptop,Ultrabook,429.73,4,No,No,2025-04-02 06:25:45.306712
CUST0551,Clothing,Jeans,Slim,519.91,2,Yes,No,2025-03-22 06:09:19.306712
CUST0977,Clothing,T-Shirt,Round Neck,689.34,4,No,No,2025-04-11 01:43:15.306712
CUST0932,Home,Chair,Office,596.53,5,No,No,2025-04-03 07:10:05.306712
CUST0653,Books,Biography,Historical,298.83,4,Yes,Yes,2025-03-04 13:35:48.306712
CUST0331,Books,Textbook,Science,577.91,3,Yes,No,2025-03-20 11:54:34.306712
CUST0617,Books,Textbook,Science,390.93,4,No,No,2025-04-02 18:28:30.306712
CUST0989,Electronics,Headphones,Wired,648.61,4,No,No,2025-04-01 07:17:31.306712
CUST0045,Books,Novel,Fiction,369.24,2,Yes,No,2025-03-02 22:18:10.306712
CUST0279,Books,Novel,Mystery,667.97,4,No,No,2025-03-30 22:27:46.306712
CUST0246,Clothing,Jeans,Slim,470.78,2,No,No,2025-01-18 10:45:53.306712
CUST0803,Home,Table,Coffee,735.62,4,No,No,2025-03-25 08:13:39.306712
CUST0889,Books,Biography,Celebrity,810.45,2,Yes,No,2025-02-01 15:11:15.306712
CUST0397,Toys,Doll,Barbie,536.41,8,Yes,No,2025-03-16 08:21:20.306712
CUST0846,Books,Novel,Mystery,681.85,2,No,No,2025-02-24 21:42:01.306712
CUST0191,Electronics,Laptop,Ultrabook,671.52,2,No,No,2025-03-23 05:39:55.306712
CUST0502,Home,Chair,Dining,502.94,6,Yes,Yes,2025-02-18 21:12:51.306712
CUST0854,Toys,Doll,Action,807.9,5,No,No,2025-01-25 08:20:26.306712
CUST0537,Clothing,Jeans,Regular,497.24,5,Yes,Yes,2025-02-09 02:47:36.306712
CUST0175,Books,Textbook,Science,700.47,6,No,No,2025-04-09 04:17:35.306712
CUST0240,Electronics,Laptop,Gaming,751.81,3,No,No,2025-03-24 23:25:19.306712
CUST0752,Toys,Car,Remote Control,464.08,4,No,No,2025-01-30 07:36:10.306712
CUST0429,Clothing,Jacket,Denim,750.61,1,Yes,No,2025-03-21 02:48:46.306712
CUST0586,Clothing,T-Shirt,Round Neck,642.59,3,No,No,2025-01-26 17:55:38.306712
CUST0210,Clothing,Jacket,Leather,100.49,0,No,No,2025-01-25 10:03:02.306712
CUST0322,Toys,Puzzle,Jigsaw,529.41,3,No,No,2025-02-27 06:28:13.306712
CUST0716,Electronics,Mobile,Android,549.29,2,No,No,2025-03-18 18:20:51.306712
CUST0713,Electronics,Laptop,Ultrabook,662.08,6,Yes,No,2025-02-07 14:42:28.306712
CUST0946,Home,Lamp,Halogen,296.31,3,No,No,2025-04-13 04:29:18.306712
CUST0815,Books,Novel,Mystery,421.07,1,No,No,2025-04-04 02:21:12.306712
CUST0848,Home,Chair,Dining,648.54,3,No,No,2025-03-17 14:35:12.306712
CUST0713,Books,Biography,Historical,635.53,4,Yes,Yes,2025-02-23 01:29:22.306712
CUST0562,Toys,Puzzle,Jigsaw,317.31,5,No,No,2025-04-10 02:34:47.306712
CUST0102,Books,Textbook,Science,566.25,3,No,No,2025-02-18 11:43:23.306712
CUST0451,Books,Biography,Celebrity,531.48,4,No,No,2025-03-27 12:06:19.306712
CUST0835,Books,Biography,Celebrity,349.65,2,No,No,2025-03-24 08:56:13.306712
CUST0444,Books,Biography,Celebrity,224.28,3,No,No,2025-03-01 04:12:57.306712
CUST0997,Books,Novel,Mystery,337.32,3,Yes,Yes,2025-03-03 01:35:54.306712
CUST0688,Home,Table,Coffee,424.09,2,Yes,No,2025-03-11 09:57:00.306712
CUST0447,Home,Lamp,Halogen,506.77,2,No,No,2025-04-13 11:16:29.306712
CUST0190,Electronics,Laptop,Ultrabook,695.52,2,Yes,No,2025-01-19 12:43:34.306712
CUST0295,Toys,Car,Remote Control,376.91,2,Yes,No,2025-03-05 21:22:23.306712
CUST0138,Toys,Car,Remote Control,347.57,3,Yes,No,2025-02-27 22:46:00.306712
CUST0370,Home,Table,Study,715.41,5,No,No,2025-01-27 06:29:15.306712
CUST0171,Electronics,Laptop,Gaming,303.0,5,Yes,No,2025-03-08 07:08:24.306712
CUST0371,Electronics,Laptop,Gaming,481.84,1,Yes,No,2025-03-12 06:26:48.306712
CUST0847,Toys,Doll,Barbie,303.91,1,Yes,No,2025-03-17 03:59:15.306712
CUST0539,Books,Textbook,Science,364.39,4,Yes,Yes,2025-02-19 09:26:28.306712
CUST0820,Books,Novel,Mystery,571.22,2,No,No,2025-02-22 18:57:19.306712
CUST0882,Books,Novel,Fiction,366.68,0,No,No,2025-02-06 08:51:00.306712
CUST0167,Electronics,Laptop,Gaming,483.31,3,Yes,Yes,2025-01-22 03:29:54.306712
CUST0558,Clothing,Jacket,Leather,224.29,2,No,No,2025-02-05 23:40:13.306712
CUST0841,Electronics,Mobile,Android,543.23,3,No,No,2025-04-13 00:06:19.306712
CUST0115,Toys,Doll,Barbie,467.7,1,Yes,No,2025-02-21 09:23:47.306712
CUST0363,Home,Table,Study,397.44,3,Yes,Yes,2025-03-02 20:58:54.306712
CUST0328,Home,Chair,Dining,625.78,2,No,No,2025-02-17 00:31:42.306712
CUST0158,Toys,Doll,Barbie,436.93,1,No,No,2025-02-15 20:51:16.306712
CUST0077,Home,Chair,Dining,398.19,5,Yes,No,2025-02-07 01:37:18.306712
CUST0355,Books,Textbook,Math,505.73,3,No,No,2025-02-13 07:45:13.306712
CUST0075,Books,Textbook,Math,408.69,3,No,No,2025-03-17 15:12:02.306712
CUST0514,Books,Textbook,Math,522.04,7,No,No,2025-03-18 06:29:44.306712
CUST0248,Home,Lamp,Halogen,505.68,5,Yes,No,2025-04-12 05:40:02.306712
CUST0633,Books,Novel,Fiction,361.41,2,No,No,2025-04-01 22:42:41.306712
CUST0862,Toys,Car,Remote Control,133.5,1,Yes,No,2025-03-23 11:59:54.306712
CUST0907,Toys,Doll,Action,763.43,5,No,No,2025-01-20 03:19:59.306712
CUST0476,Toys,Puzzle,3D,550.33,2,No,No,2025-03-20 18:34:52.306712
CUST0397,Electronics,Headphones,Wireless,135.41,2,No,No,2025-03-12 18:19:00.306712
CUST0630,Toys,Puzzle,3D,398.22,3,Yes,Yes,2025-04-07 01:48:18.306712
CUST0435,Toys,Doll,Action,563.35,0,No,No,2025-02-23 08:58:55.306712
CUST0721,Clothing,Jacket,Leather,274.62,1,Yes,No,2025-02-20 16:44:14.306712
CUST0821,Toys,Doll,Barbie,534.1,2,No,No,2025-02-24 09:56:09.306712
CUST0538,Home,Chair,Dining,555.46,6,No,No,2025-03-11 18:39:47.306712
CUST0469,Clothing,Jeans,Regular,567.91,0,No,No,2025-03-09 07:47:26.306712
CUST0745,Toys,Puzzle,Jigsaw,514.87,2,Yes,No,2025-04-02 09:49:13.306712
CUST0899,Electronics,Mobile,iOS,636.46,4,Yes,No,2025-03-13 09:57:22.306712
CUST0778,Electronics,Headphones,Wired,414.69,2,No,No,2025-04-06 14:58:12.306712
CUST0738,Clothing,T-Shirt,Round Neck,344.74,3,No,No,2025-03-06 22:33:17.306712
CUST0979,Books,Novel,Fiction,405.37,4,Yes,No,2025-01-25 13:36:32.306712
CUST0795,Home,Table,Coffee,375.29,0,No,No,2025-03-10 01:21:51.306712
CUST0043,Home,Lamp,Halogen,738.19,5,No,No,2025-01-30 03:52:36.306712
CUST0847,Home,Table,Study,689.51,6,No,No,2025-02-23 00:03:04.306712
CUST0706,Clothing,T-Shirt,Round Neck,220.82,3,No,No,2025-01-22 14:53:21.306712
CUST0401,Home,Lamp,Halogen,607.59,0,Yes,No,2025-02-03 14:00:10.306712
CUST0648,Clothing,Jacket,Leather,455.36,3,Yes,No,2025-02-16 18:18:07.306712
CUST0038,Toys,Puzzle,3D,568.03,5,No,No,2025-01-31 19:41:47.306712
CUST0750,Clothing,Jeans,Slim,675.39,3,No,No,2025-02-13 20:55:21.306712
CUST0247,Toys,Puzzle,3D,650.66,6,Yes,Yes,2025-01-18 17:13:31.306712
CUST0659,Books,Biography,Celebrity,676.29,4,No,No,2025-04-06 12:47:32.306712
CUST0610,Toys,Doll,Barbie,643.04,1,Yes,No,2025-03-19 19:23:10.306712
CUST0281,Clothing,T-Shirt,Round Neck,617.98,2,No,No,2025-04-09 08:24:36.306712
CUST0290,Toys,Doll,Barbie,719.87,0,Yes,No,2025-03-27 14:52:26.306712
CUST0971,Home,Chair,Dining,551.44,2,Yes,No,2025-02-09 16:41:43.306712
CUST0378,Electronics,Headphones,Wireless,530.3,6,No,No,2025-03-26 02:42:15.306712
CUST0888,Clothing,T-Shirt,Round Neck,356.97,4,No,No,2025-04-06 12:25:24.306712
CUST0599,Toys,Car,Remote Control,418.43,4,No,No,2025-01-15 21:09:33.306712
CUST0144,Home,Lamp,LED,587.19,5,Yes,Yes,2025-03-30 23:45:25.306712
CUST0208,Electronics,Mobile,Android,213.55,4,No,No,2025-02-27 22:51:16.306712
CUST0496,Electronics,Headphones,Wireless,908.21,0,Yes,No,2025-02-05 09:12:43.306712
CUST0694,Home,Table,Coffee,534.23,1,No,No,2025-01-26 01:18:11.306712
CUST0775,Books,Biography,Historical,661.59,1,Yes,No,2025-03-02 00:51:48.306712
CUST0447,Home,Lamp,Halogen,693.18,3,Yes,Yes,2025-01-19 19:21:49.306712
CUST0449,Clothing,Jeans,Regular,308.35,3,No,No,2025-02-28 16:55:54.306712
CUST0970,Clothing,Jeans,Regular,484.08,5,No,No,2025-02-12 14:31:06.306712
CUST0571,Electronics,Laptop,Ultrabook,750.86,1,No,No,2025-01-22 22:59:00.306712
CUST0185,Books,Biography,Celebrity,816.26,2,No,No,2025-01-23 18:37:25.306712
CUST0348,Clothing,Jacket,Leather,409.13,5,Yes,No,2025-03-10 12:56:38.306712
CUST0763,Clothing,Jacket,Denim,442.66,1,No,No,2025-01-30 21:50:34.306712
CUST0474,Electronics,Mobile,Android,312.42,4,No,No,2025-02-16 01:50:52.306712
CUST0061,Electronics,Mobile,iOS,441.76,5,No,No,2025-04-04 03:25:20.306712
CUST0875,Clothing,Jacket,Leather,783.23,3,No,No,2025-03-09 18:59:10.306712
CUST0052,Books,Novel,Mystery,458.93,2,Yes,No,2025-03-14 13:56:51.306712
CUST0876,Toys,Car,Remote Control,416.52,5,No,No,2025-03-03 11:10:53.306712
CUST0186,Home,Lamp,Halogen,639.54,4,No,No,2025-01-31 20:28:22.306712
CUST0221,Toys,Puzzle,Jigsaw,176.44,6,Yes,No,2025-03-13 02:51:43.306712
CUST0886,Electronics,Mobile,iOS,483.23,3,No,No,2025-04-12 17:31:52.306712
CUST0115,Toys,Puzzle,Jigsaw,119.12,2,No,No,2025-02-25 09:12:52.306712
CUST0355,Toys,Puzzle,3D,915.3,5,No,No,2025-02-13 02:20:27.306712
CUST0474,Electronics,Laptop,Gaming,524.47,3,No,No,2025-01-21 16:34:43.306712
CUST0809,Electronics,Laptop,Gaming,520.28,6,No,No,2025-01-30 17:17:00.306712
CUST0035,Books,Textbook,Science,491.54,0,Yes,No,2025-03-12 13:44:10.306712
CUST0091,Electronics,Mobile,iOS,371.52,6,No,No,2025-04-04 11:56:10.306712
CUST0258,Clothing,Jeans,Regular,524.22,3,No,No,2025-04-08 14:43:00.306712
CUST0221,Books,Biography,Celebrity,457.54,3,No,No,2025-02-06 21:01:40.306712
CUST0216,Clothing,Jacket,Denim,271.23,5,No,No,2025-03-11 14:53:57.306712
CUST0096,Home,Chair,Office,356.27,4,No,No,2025-03-21 12:03:38.306712
CUST0779,Electronics,Headphones,Wireless,375.75,2,No,No,2025-02-27 11:58:31.306712
CUST0645,Clothing,T-Shirt,V-Neck,802.04,3,No,No,2025-02-21 03:32:50.306712
CUST0736,Toys,Puzzle,3D,728.87,5,Yes,Yes,2025-03-03 21:21:16.306712
CUST0049,Toys,Doll,Action,473.07,2,No,No,2025-03-19 10:16:45.306712
CUST0494,Electronics,Mobile,Android,549.54,3,No,No,2025-01-31 19:06:03.306712
CUST0554,Home,Chair,Office,563.04,4,Yes,Yes,2025-03-11 14:20:41.306712
CUST0045,Electronics,Headphones,Wired,590.65,4,No,No,2025-02-03 01:30:48.306712
CUST0650,Clothing,Jeans,Regular,611.77,3,No,No,2025-03-17 04:04:00.306712
CUST0981,Books,Biography,Celebrity,714.54,8,No,No,2025-02-10 01:14:20.306712
CUST0413,Home,Table,Study,624.3,5,No,No,2025-01-25 05:12:35.306712
CUST0491,Clothing,Jacket,Denim,412.38,2,No,No,2025-02-27 09:57:15.306712
CUST0670,Electronics,Mobile,iOS,341.23,5,No,No,2025-02-09 03:10:31.306712
CUST0823,Books,Textbook,Math,624.26,7,No,No,2025-02-03 21:21:00.306712
CUST0189,Home,Lamp,Halogen,479.21,4,No,No,2025-03-17 11:19:59.306712
CUST0808,Books,Textbook,Science,357.4,6,No,No,2025-04-03 08:19:50.306712
CUST0790,Electronics,Laptop,Ultrabook,553.01,4,Yes,No,2025-03-25 20:31:09.306712
CUST0206,Home,Chair,Dining,254.44,4,No,No,2025-02-12 20:37:58.306712
CUST0507,Clothing,Jeans,Slim,50.0,1,No,No,2025-04-02 21:24:28.306712
CUST0528,Home,Chair,Dining,579.37,1,No,No,2025-02-20 22:40:36.306712
CUST0583,Books,Biography,Celebrity,638.11,3,No,No,2025-04-12 03:55:25.306712
CUST0594,Books,Biography,Celebrity,151.63,5,Yes,Yes,2025-03-30 18:52:41.306712
CUST0951,Clothing,Jacket,Leather,769.69,8,No,No,2025-02-25 23:25:34.306712
CUST0762,Home,Chair,Office,651.02,3,No,No,2025-03-09 18:55:39.306712
CUST0864,Books,Textbook,Science,668.06,2,No,No,2025-03-04 14:11:22.306712
CUST0263,Clothing,T-Shirt,Round Neck,859.73,5,Yes,No,2025-01-31 08:58:48.306712
CUST0995,Clothing,Jeans,Slim,730.19,1,No,No,2025-03-25 14:42:26.306712
CUST0272,Home,Lamp,Halogen,550.09,3,No,No,2025-04-12 14:51:07.306712
CUST0602,Home,Table,Coffee,702.23,2,No,No,2025-02-26 12:08:21.306712
CUST0657,Clothing,T-Shirt,V-Neck,596.47,2,No,No,2025-02-21 00:06:40.306712
CUST0424,Electronics,Laptop,Gaming,644.15,2,Yes,No,2025-02-10 03:41:40.306712
CUST0148,Books,Biography,Historical,53.09,5,No,No,2025-01-19 01:59:41.306712
CUST0190,Toys,Doll,Barbie,516.85,1,No,No,2025-03-07 10:25:52.306712
CUST0080,Clothing,Jeans,Slim,468.2,1,No,No,2025-01-30 21:09:26.306712
CUST0605,Toys,Puzzle,Jigsaw,559.6,6,No,No,2025-01-15 01:48:47.306712
CUST0635,Clothing,Jeans,Slim,580.38,1,No,No,2025-02-12 17:48:36.306712
CUST0914,Clothing,Jacket,Leather,746.24,2,No,No,2025-01-29 15:27:56.306712
CUST0622,Home,Chair,Office,442.47,3,Yes,No,2025-03-19 22:03:19.306712
CUST0684,Home,Table,Study,753.43,4,No,No,2025-04-10 16:09:26.306712
CUST0137,Toys,Doll,Barbie,488.83,4,Yes,Yes,2025-02-24 12:02:30.306712
CUST0694,Toys,Doll,Barbie,887.18,1,No,No,2025-03-13 02:21:34.306712
CUST0056,Toys,Doll,Barbie,228.47,4,No,No,2025-03-18 12:19:16.306712
CUST0673,Home,Lamp,Halogen,435.94,6,Yes,Yes,2025-03-15 01:32:01.306712
CUST0025,Electronics,Laptop,Gaming,240.42,4,No,No,2025-02-12 16:11:39.306712
CUST0311,Books,Biography,Celebrity,256.05,1,Yes,No,2025-02-19 03:20:29.306712
CUST0623,Home,Table,Coffee,465.6,2,No,No,2025-02-24 09:30:20.306712
CUST0952,Electronics,Headphones,Wired,364.87,1,No,No,2025-02-02 22:22:48.306712
CUST0531,Books,Textbook,Math,567.27,7,No,No,2025-04-08 19:56:45.306712
CUST0699,Home,Table,Coffee,50.0,3,No,No,2025-03-05 21:44:27.306712
CUST0335,Home,Table,Coffee,89.31,3,No,No,2025-02-14 22:56:21.306712
CUST0807,Books,Novel,Mystery,139.57,2,No,No,2025-03-31 11:27:33.306712
CUST0189,Books,Biography,Historical,412.19,2,Yes,No,2025-02-02 23:12:13.306712
CUST0827,Clothing,Jeans,Regular,800.44,3,Yes,No,2025-01-28 22:19:30.306712
CUST0500,Clothing,Jacket,Denim,383.66,4,Yes,No,2025-04-09 03:20:20.306712
CUST0423,Toys,Car,Electric,419.16,4,No,No,2025-02-28 11:42:55.306712
CUST0985,Electronics,Headphones,Wired,666.22,1,No,No,2025-02-27 21:36:49.306712
CUST0182,Clothing,Jacket,Leather,338.57,1,No,No,2025-02-07 02:28:09.306712
CUST0654,Home,Lamp,Halogen,392.22,3,No,No,2025-02-21 03:02:39.306712
CUST0108,Electronics,Laptop,Gaming,394.76,5,No,No,2025-02-11 11:12:11.306712
CUST0614,Books,Novel,Fiction,708.86,3,No,No,2025-02-19 06:00:14.306712
CUST0891,Toys,Doll,Barbie,553.28,4,No,No,2025-03-03 06:18:15.306712
CUST0834,Toys,Doll,Action,127.03,5,No,No,2025-03-14 07:45:29.306712
CUST0991,Clothing,Jeans,Regular,807.35,1,Yes,No,2025-03-13 03:47:20.306712
CUST0916,Home,Chair,Office,324.06,5,No,No,2025-03-20 13:08:17.306712
CUST0958,Toys,Doll,Barbie,681.86,3,No,No,2025-03-05 00:13:09.306712
CUST0981,Books,Textbook,Science,337.75,3,No,No,2025-02-23 00:05:14.306712
CUST0820,Electronics,Mobile,iOS,674.63,2,No,No,2025-02-09 00:30:26.306712
CUST0049,Toys,Car,Electric,659.12,5,No,No,2025-03-22 00:36:32.306712
CUST0672,Clothing,T-Shirt,Round Neck,620.68,7,No,No,2025-03-07 08:52:30.306712
CUST0029,Electronics,Laptop,Gaming,710.78,2,Yes,No,2025-02-08 12:20:59.306712
CUST0481,Books,Textbook,Math,624.52,1,No,No,2025-04-01 14:49:30.306712
CUST0139,Clothing,Jeans,Regular,503.16,2,No,No,2025-03-13 00:03:13.306712
CUST0993,Clothing,Jacket,Leather,432.64,1,No,No,2025-01-22 08:23:04.306712
CUST0795,Clothing,T-Shirt,Round Neck,553.02,4,Yes,Yes,2025-02-03 09:19:51.306712
CUST0099,Toys,Doll,Barbie,610.96,1,No,No,2025-01-16 12:37:19.306712
CUST0007,Clothing,T-Shirt,Round Neck,709.33,1,Yes,No,2025-02-17 19:56:46.306712
CUST0156,Clothing,T-Shirt,Round Neck,430.06,3,Yes,Yes,2025-04-03 16:51:06.306712
CUST0405,Clothing,Jacket,Leather,319.16,3,No,No,2025-02-10 18:29:16.306712
CUST0787,Electronics,Headphones,Wireless,650.47,4,No,No,2025-01-21 05:33:56.306712
CUST0172,Books,Novel,Fiction,50.0,2,No,No,2025-02-06 05:42:35.306712
CUST0126,Toys,Car,Remote Control,399.86,2,No,No,2025-03-01 11:47:09.306712
CUST0192,Electronics,Mobile,Android,659.35,1,Yes,No,2025-03-14 22:33:27.306712
CUST0357,Toys,Puzzle,Jigsaw,483.76,2,No,No,2025-01-22 23:49:13.306712
CUST0680,Books,Biography,Celebrity,638.02,2,No,No,2025-02-21 05:35:48.306712
CUST0926,Toys,Car,Electric,503.27,0,Yes,No,2025-01-14 06:22:59.306712
CUST0716,Electronics,Headphones,Wireless,435.37,2,No,No,2025-03-18 05:09:41.306712
CUST0596,Electronics,Laptop,Ultrabook,290.07,4,Yes,No,2025-04-05 08:17:24.306712
CUST0983,Clothing,T-Shirt,V-Neck,517.17,4,Yes,No,2025-03-05 22:15:26.306712
CUST0245,Home,Chair,Dining,485.37,1,Yes,No,2025-01-24 13:13:04.306712
CUST0382,Electronics,Laptop,Ultrabook,266.39,5,No,No,2025-03-24 07:05:13.306712
CUST0505,Home,Lamp,LED,862.34,2,No,No,2025-01-24 12:49:52.306712
CUST0477,Electronics,Headphones,Wired,624.27,5,No,No,2025-01-14 13:21:20.306712
CUST0137,Books,Novel,Fiction,230.87,2,Yes,No,2025-04-11 11:35:58.306712
CUST0034,Home,Chair,Office,604.21,4,Yes,No,2025-03-18 06:37:50.306712
CUST0751,Toys,Puzzle,Jigsaw,421.72,1,No,No,2025-02-09 23:42:53.306712
CUST0643,Toys,Car,Electric,212.79,5,No,No,2025-01-30 20:39:09.306712
CUST0858,Clothing,T-Shirt,Round Neck,595.13,4,No,No,2025-02-19 10:41:25.306712
CUST0683,Electronics,Mobile,iOS,436.13,2,No,No,2025-04-07 02:45:33.306712
CUST0615,Clothing,T-Shirt,V-Neck,578.9,4,No,No,2025-03-22 06:24:46.306712
CUST0078,Toys,Puzzle,Jigsaw,383.54,5,Yes,No,2025-03-27 17:27:13.306712
CUST0359,Clothing,Jacket,Denim,407.39,7,No,No,2025-02-19 19:52:23.306712
CUST0165,Home,Chair,Office,561.48,3,No,No,2025-04-09 08:12:04.306712
CUST0168,Electronics,Mobile,Android,356.57,3,No,No,2025-01-23 02:15:18.306712
CUST0448,Books,Textbook,Science,854.0,4,No,No,2025-03-24 22:50:53.306712
CUST0298,Clothing,Jacket,Leather,305.36,6,Yes,Yes,2025-02-20 00:17:57.306712
CUST0506,Electronics,Mobile,Android,483.69,3,No,No,2025-02-21 10:20:47.306712
CUST0457,Toys,Puzzle,Jigsaw,518.47,4,Yes,No,2025-04-13 02:57:52.306712
CUST0480,Toys,Doll,Barbie,759.42,5,No,No,2025-03-12 13:10:59.306712
CUST0008,Clothing,Jeans,Slim,338.07,5,No,No,2025-02-14 20:21:51.306712
CUST0194,Toys,Doll,Action,722.74,2,No,No,2025-03-27 17:10:41.306712
CUST0174,Books,Biography,Historical,674.05,1,No,No,2025-03-30 05:03:59.306712
CUST0017,Clothing,T-Shirt,Round Neck,705.91,2,No,No,2025-03-14 04:46:13.306712
CUST0588,Home,Chair,Dining,567.59,4,No,No,2025-03-21 02:09:38.306712
CUST0827,Home,Chair,Office,612.55,2,No,No,2025-02-09 23:26:15.306712
CUST0969,Electronics,Laptop,Gaming,472.08,4,No,No,2025-01-21 01:01:53.306712
CUST0623,Toys,Doll,Barbie,595.51,1,Yes,No,2025-01-19 09:31:24.306712
CUST0681,Home,Chair,Dining,686.35,6,Yes,Yes,2025-02-13 13:13:27.306712
CUST0003,Toys,Doll,Action,477.36,5,Yes,Yes,2025-02-10 18:46:42.306712
CUST0423,Books,Biography,Historical,668.42,3,Yes,Yes,2025-03-02 17:18:06.306712
CUST0517,Home,Lamp,Halogen,598.61,0,Yes,No,2025-03-13 17:32:19.306712
CUST0504,Electronics,Headphones,Wireless,696.01,6,No,No,2025-03-08 19:04:30.306712
CUST0671,Clothing,T-Shirt,V-Neck,164.68,2,Yes,No,2025-02-20 15:16:01.306712
CUST0280,Home,Chair,Dining,242.59,2,Yes,No,2025-03-04 00:26:27.306712
CUST0238,Home,Lamp,LED,311.11,2,No,No,2025-01-21 16:25:37.306712
CUST0510,Clothing,Jeans,Slim,343.03,3,No,No,2025-02-26 15:24:32.306712
CUST0657,Toys,Doll,Barbie,755.94,2,No,No,2025-03-24 21:46:14.306712
CUST0141,Toys,Puzzle,Jigsaw,408.01,4,Yes,Yes,2025-03-21 11:05:51.306712
CUST0561,Clothing,T-Shirt,Round Neck,608.79,2,No,No,2025-02-17 13:24:29.306712
CUST0111,Electronics,Mobile,Android,542.1,3,No,No,2025-04-03 17:53:35.306712
CUST0198,Home,Chair,Dining,266.89,1,No,No,2025-04-10 10:36:52.306712
CUST0201,Books,Textbook,Math,486.57,2,No,No,2025-01-20 14:17:41.306712
CUST0908,Toys,Car,Electric,642.86,3,No,No,2025-02-17 20:05:46.306712
CUST0031,Clothing,Jeans,Slim,337.64,2,Yes,No,2025-02-21 11:08:06.306712
CUST0323,Electronics,Mobile,iOS,330.88,2,Yes,No,2025-03-16 10:56:07.306712
CUST0731,Home,Lamp,LED,567.32,4,Yes,No,2025-02-27 06:08:58.306712
CUST0051,Books,Biography,Celebrity,645.33,3,No,No,2025-04-02 08:17:28.306712
CUST0879,Books,Textbook,Science,497.61,2,Yes,No,2025-04-12 02:09:10.306712
CUST0523,Toys,Doll,Barbie,625.43,2,No,No,2025-03-15 17:58:05.306712
CUST0674,Electronics,Mobile,iOS,421.08,0,No,No,2025-04-04 00:58:52.306712
CUST0058,Books,Textbook,Math,608.44,3,No,No,2025-02-12 09:40:26.306712
CUST0650,Home,Table,Coffee,418.54,2,No,No,2025-02-06 10:28:41.306712
CUST0556,Toys,Puzzle,Jigsaw,392.84,2,No,No,2025-04-12 05:46:33.306712
CUST0128,Electronics,Laptop,Ultrabook,486.99,5,No,No,2025-03-22 08:17:35.306712
CUST0417,Books,Textbook,Science,506.38,5,No,No,2025-02-27 15:04:58.306712
CUST0450,Books,Novel,Mystery,50.0,5,No,No,2025-01-26 01:22:03.306712
CUST0275,Toys,Doll,Barbie,353.81,4,No,No,2025-01-22 20:54:28.306712
CUST0496,Electronics,Headphones,Wireless,638.41,2,No,No,2025-03-31 05:22:49.306712
CUST0097,Books,Biography,Celebrity,837.59,3,No,No,2025-02-14 15:44:06.306712
CUST0077,Books,Biography,Historical,500.75,1,No,No,2025-01-26 00:38:43.306712
CUST0906,Clothing,Jacket,Leather,618.73,0,Yes,No,2025-03-08 09:43:21.306712
CUST0005,Home,Table,Study,849.31,6,No,No,2025-02-04 20:08:51.306712
CUST0313,Books,Textbook,Math,614.61,1,Yes,No,2025-02-25 06:28:23.306712
CUST0472,Clothing,Jeans,Slim,279.09,3,Yes,No,2025-01-19 06:25:28.306712
CUST0633,Home,Table,Coffee,236.06,4,Yes,No,2025-03-05 09:31:25.306712
CUST0578,Toys,Doll,Barbie,617.36,4,No,No,2025-02-17 12:50:08.306712
CUST0726,Toys,Doll,Barbie,511.18,4,No,No,2025-02-27 00:46:11.306712
CUST0981,Clothing,Jacket,Leather,605.68,4,No,No,2025-02-03 09:05:44.306712
CUST0644,Home,Table,Study,447.02,1,No,No,2025-04-10 02:07:41.306712
CUST0701,Electronics,Mobile,iOS,615.75,2,No,No,2025-01-16 10:08:13.306712
CUST0916,Toys,Puzzle,3D,50.0,2,Yes,No,2025-03-19 04:02:37.306712
CUST0434,Clothing,Jacket,Denim,140.69,3,No,No,2025-03-28 20:37:25.306712
CUST0394,Home,Table,Study,265.12,1,Yes,No,2025-02-08 09:20:54.306712
CUST0139,Books,Novel,Fiction,534.17,2,No,No,2025-02-13 11:44:50.306712
CUST0741,Books,Textbook,Science,648.42,3,Yes,Yes,2025-02-05 18:51:03.306712
CUST0618,Electronics,Headphones,Wired,394.93,2,No,No,2025-03-18 17:38:23.306712
CUST0465,Books,Novel,Fiction,427.15,3,No,No,2025-02-28 11:07:12.306712
CUST0255,Home,Chair,Office,315.24,4,Yes,No,2025-04-10 09:35:46.306712
CUST0004,Books,Textbook,Math,521.38,2,No,No,2025-01-18 23:54:18.306712
CUST0873,Electronics,Laptop,Ultrabook,714.33,3,No,No,2025-02-01 09:15:38.306712
CUST0252,Home,Chair,Office,570.6,5,No,No,2025-02-07 22:14:51.306712
CUST0708,Clothing,T-Shirt,V-Neck,236.4,4,Yes,Yes,2025-02-01 13:29:10.306712
CUST0262,Home,Chair,Dining,518.76,5,Yes,Yes,2025-01-30 03:25:24.306712
CUST0819,Toys,Car,Remote Control,495.01,0,No,No,2025-01-31 04:10:12.306712
CUST0909,Clothing,T-Shirt,V-Neck,462.5,5,No,No,2025-02-27 02:36:42.306712
CUST0033,Home,Lamp,Halogen,604.15,3,Yes,Yes,2025-04-01 02:30:08.306712
CUST0734,Electronics,Headphones,Wired,713.27,2,No,No,2025-02-02 06:07:30.306712
CUST0278,Home,Chair,Office,934.85,4,No,No,2025-01-21 00:46:51.306712
CUST0108,Books,Biography,Celebrity,410.57,5,No,No,2025-04-09 20:40:26.306712
CUST0590,Home,Lamp,Halogen,589.72,2,No,No,2025-02-28 22:08:31.306712
CUST0657,Home,Chair,Office,450.85,5,No,No,2025-03-15 20:20:52.306712
CUST0568,Toys,Car,Remote Control,143.48,2,Yes,No,2025-01-30 22:46:27.306712
CUST0877,Home,Lamp,LED,454.71,7,No,No,2025-03-03 14:29:30.306712
CUST0113,Home,Chair,Office,667.81,3,No,No,2025-03-15 02:19:17.306712
CUST0114,Electronics,Laptop,Ultrabook,916.06,2,Yes,No,2025-03-27 13:29:36.306712
CUST0503,Toys,Puzzle,3D,552.06,3,No,No,2025-03-18 15:34:32.306712
CUST0397,Home,Chair,Dining,277.47,2,No,No,2025-01-30 08:33:17.306712
CUST0260,Books,Textbook,Math,403.03,3,No,No,2025-02-13 21:19:57.306712
CUST0220,Toys,Car,Remote Control,532.83,1,No,No,2025-02-18 21:12:59.306712
CUST0784,Toys,Puzzle,3D,497.38,3,Yes,Yes,2025-01-13 17:05:43.306712
CUST0063,Books,Biography,Historical,576.12,1,No,No,2025-02-07 20:35:13.306712
CUST0378,Electronics,Headphones,Wireless,386.05,2,No,No,2025-04-06 16:17:58.306712
CUST0285,Books,Textbook,Math,661.33,1,No,No,2025-04-12 13:54:07.306712
CUST0704,Clothing,T-Shirt,V-Neck,512.14,4,No,No,2025-02-27 16:58:59.306712
CUST0833,Toys,Puzzle,3D,398.1,4,Yes,Yes,2025-02-01 14:14:34.306712
CUST0079,Electronics,Headphones,Wireless,785.91,2,Yes,No,2025-01-27 03:09:26.306712
CUST0258,Books,Biography,Historical,410.25,2,Yes,No,2025-03-26 15:01:11.306712
CUST0490,Toys,Car,Remote Control,580.53,0,No,No,2025-01-29 19:38:58.306712
CUST0316,Clothing,Jacket,Leather,521.56,4,No,No,2025-04-02 22:12:37.306712
CUST0651,Electronics,Laptop,Ultrabook,540.55,1,Yes,No,2025-01-14 19:04:04.306712
CUST0436,Books,Textbook,Science,50.0,3,No,No,2025-01-24 14:22:53.306712
CUST0743,Electronics,Laptop,Ultrabook,116.79,2,No,No,2025-02-06 00:54:28.306712
CUST0768,Books,Biography,Historical,275.03,1,No,No,2025-04-09 00:58:08.306712
CUST0832,Clothing,T-Shirt,V-Neck,705.64,7,No,No,2025-03-12 12:59:36.306712
CUST0979,Electronics,Laptop,Ultrabook,338.85,2,Yes,No,2025-01-14 09:04:00.306712
CUST0435,Electronics,Laptop,Ultrabook,299.67,4,No,No,2025-01-21 14:49:42.306712
CUST0359,Toys,Puzzle,Jigsaw,443.94,3,No,No,2025-01-23 22:39:03.306712
CUST0923,Clothing,Jeans,Slim,484.44,2,No,No,2025-01-26 23:36:48.306712
CUST0745,Clothing,T-Shirt,V-Neck,402.61,3,Yes,Yes,2025-04-11 20:07:45.306712
CUST0261,Electronics,Mobile,iOS,609.91,5,Yes,Yes,2025-04-02 06:47:48.306712
CUST0636,Toys,Doll,Barbie,533.87,2,No,No,2025-03-16 12:52:51.306712
CUST0137,Electronics,Mobile,Android,1028.43,3,Yes,No,2025-04-09 18:42:22.306712
CUST0082,Home,Table,Study,606.15,4,No,No,2025-01-27 04:46:43.306712
CUST0381,Electronics,Laptop,Ultrabook,625.29,3,No,No,2025-03-28 13:47:39.306712
CUST0390,Toys,Car,Remote Control,659.6,7,No,No,2025-03-03 13:31:52.306712
CUST0897,Home,Chair,Office,658.22,3,No,No,2025-01-19 11:52:00.306712
CUST0663,Electronics,Laptop,Gaming,547.84,1,No,No,2025-02-09 12:36:19.306712
CUST0859,Home,Chair,Dining,366.78,2,No,No,2025-02-20 14:13:33.306712
CUST0015,Books,Novel,Mystery,490.34,4,No,No,2025-01-29 23:21:06.306712
CUST0253,Toys,Doll,Barbie,700.11,4,No,No,2025-03-24 06:12:07.306712
CUST0363,Toys,Doll,Barbie,535.24,4,Yes,No,2025-04-13 11:21:09.306712
CUST0864,Home,Table,Study,357.1,6,Yes,Yes,2025-02-13 22:24:15.306712
CUST0676,Books,Textbook,Science,364.46,6,No,No,2025-02-03 05:19:13.306712
CUST0917,Books,Textbook,Math,387.98,4,No,No,2025-03-12 02:04:11.306712
CUST0236,Electronics,Laptop,Ultrabook,839.21,3,No,No,2025-03-02 22:45:08.306712
CUST0490,Toys,Doll,Barbie,170.47,2,No,No,2025-02-20 08:51:27.306712
CUST0455,Books,Novel,Mystery,128.95,1,No,No,2025-02-12 18:56:30.306712
CUST0738,Electronics,Mobile,iOS,978.03,2,No,No,2025-03-11 11:08:56.306712
CUST0224,Toys,Doll,Barbie,448.8,4,No,No,2025-02-13 05:36:17.306712
CUST0005,Home,Chair,Office,591.47,2,Yes,No,2025-02-05 11:00:42.306712
CUST0350,Books,Textbook,Math,914.88,2,Yes,No,2025-04-08 10:06:14.306712
CUST0137,Toys,Doll,Action,546.45,2,No,No,2025-03-14 14:30:42.306712
CUST0648,Books,Biography,Historical,289.29,0,No,No,2025-04-06 11:33:06.306712
CUST0633,Books,Novel,Mystery,588.6,4,Yes,Yes,2025-02-27 22:43:40.306712
CUST0929,Books,Novel,Mystery,633.9,2,No,No,2025-02-14 05:21:34.306712
CUST0866,Electronics,Mobile,Android,371.54,1,No,No,2025-01-19 00:52:58.306712
CUST0091,Toys,Doll,Barbie,587.88,2,No,No,2025-02-20 07:36:57.306712
CUST0170,Clothing,Jeans,Regular,560.14,2,Yes,No,2025-04-04 21:57:22.306712
CUST0672,Home,Chair,Office,339.55,2,No,No,2025-04-08 14:28:35.306712
CUST0804,Clothing,Jeans,Regular,422.47,3,Yes,No,2025-01-19 10:04:29.306712
CUST0514,Home,Table,Coffee,772.9,1,No,No,2025-02-13 17:42:05.306712
CUST0416,Home,Chair,Dining,915.75,4,No,No,2025-01-28 19:09:04.306712
CUST0821,Home,Table,Coffee,164.18,6,No,No,2025-02-28 04:50:53.306712
CUST0792,Books,Textbook,Science,65.75,2,Yes,No,2025-01-17 04:54:19.306712
CUST0843,Books,Textbook,Science,431.1,2,No,No,2025-04-12 22:37:57.306712
CUST0699,Home,Lamp,Halogen,684.64,1,No,No,2025-04-10 12:09:11.306712
CUST0229,Books,Biography,Celebrity,543.85,1,No,No,2025-03-25 03:12:51.306712
CUST0943,Clothing,Jeans,Slim,531.18,3,No,No,2025-01-30 01:24:37.306712
CUST0175,Home,Table,Study,686.96,1,No,No,2025-02-23 05:15:43.306712
CUST0469,Toys,Car,Electric,288.33,1,No,No,2025-01-21 11:57:13.306712
CUST0676,Books,Biography,Historical,578.76,3,No,No,2025-04-06 05:44:21.306712
CUST0162,Books,Textbook,Math,493.65,4,No,No,2025-03-14 19:37:21.306712
CUST0281,Toys,Car,Remote Control,458.04,3,No,No,2025-02-14 07:55:37.306712
CUST0899,Clothing,T-Shirt,V-Neck,623.75,6,No,No,2025-03-02 16:47:01.306712
CUST0261,Toys,Car,Electric,645.07,4,No,No,2025-01-27 07:34:23.306712
CUST0062,Clothing,Jacket,Denim,320.6,6,Yes,Yes,2025-02-25 00:00:57.306712
CUST0001,Electronics,Headphones,Wired,746.27,3,No,No,2025-03-28 06:13:01.306712
CUST0092,Home,Table,Coffee,938.29,3,Yes,No,2025-02-09 23:20:00.306712
CUST0147,Books,Textbook,Science,351.01,3,No,No,2025-02-28 02:52:53.306712
CUST0911,Home,Chair,Dining,250.25,5,No,No,2025-01-20 05:25:40.306712
CUST0725,Clothing,Jacket,Denim,839.67,2,No,No,2025-02-18 22:17:08.306712
CUST0723,Clothing,Jeans,Slim,479.18,2,Yes,No,2025-03-14 05:19:07.306712
CUST0292,Books,Novel,Mystery,292.31,4,No,No,2025-01-26 05:05:00.306712
CUST0741,Books,Textbook,Math,400.65,4,Yes,Yes,2025-01-19 06:57:55.306712
CUST0524,Home,Chair,Office,268.56,3,Yes,Yes,2025-02-06 09:34:53.306712
CUST0210,Home,Lamp,LED,550.68,8,No,No,2025-01-20 04:51:43.306712
CUST0540,Toys,Doll,Action,368.42,1,No,No,2025-01-31 20:16:01.306712
CUST0460,Clothing,Jacket,Leather,530.04,3,No,No,2025-03-17 16:27:32.306712
CUST0392,Home,Table,Coffee,740.09,5,No,No,2025-03-18 11:48:37.306712
CUST0224,Toys,Puzzle,3D,147.01,2,Yes,No,2025-01-23 10:50:01.306712
CUST0729,Toys,Puzzle,3D,649.72,4,Yes,Yes,2025-04-09 08:47:42.306712
CUST0825,Books,Novel,Fiction,330.04,5,No,No,2025-02-02 03:40:14.306712
CUST0849,Clothing,T-Shirt,V-Neck,604.25,4,No,No,2025-02-10 20:19:15.306712
CUST0289,Electronics,Headphones,Wired,524.73,4,No,No,2025-02-06 18:16:49.306712
CUST0430,Books,Novel,Fiction,356.16,5,Yes,No,2025-03-15 17:16:58.306712
CUST0620,Clothing,T-Shirt,Round Neck,558.56,1,No,No,2025-02-28 06:14:15.306712
CUST0933,Toys,Car,Electric,949.51,0,No,No,2025-03-25 11:55:52.306712
CUST0163,Electronics,Mobile,Android,351.44,2,No,No,2025-02-22 20:23:48.306712
CUST0498,Books,Biography,Celebrity,585.73,3,Yes,No,2025-02-26 16:14:27.306712
CUST0246,Books,Biography,Celebrity,647.91,3,No,No,2025-02-19 03:46:58.306712
CUST0319,Home,Lamp,Halogen,340.42,2,No,No,2025-02-14 15:04:41.306712
CUST0633,Electronics,Mobile,iOS,476.54,4,No,No,2025-04-10 20:13:20.306712
CUST0986,Toys,Puzzle,3D,492.28,2,No,No,2025-04-01 18:08:16.306712
CUST0882,Home,Chair,Dining,373.66,1,No,No,2025-03-29 09:58:08.306712
CUST0757,Electronics,Mobile,Android,494.39,3,No,No,2025-01-27 01:44:59.306712
CUST0391,Toys,Puzzle,3D,393.27,3,No,No,2025-02-18 13:46:31.306712
CUST0211,Clothing,T-Shirt,Round Neck,703.38,1,No,No,2025-02-01 03:55:19.306712
CUST0708,Clothing,T-Shirt,Round Neck,893.08,1,No,No,2025-02-02 11:41:32.306712
CUST0374,Electronics,Laptop,Ultrabook,486.96,0,No,No,2025-02-15 03:58:49.306712
CUST0765,Electronics,Laptop,Gaming,494.68,1,No,No,2025-01-27 10:00:46.306712
CUST0386,Home,Chair,Dining,388.74,2,No,No,2025-01-26 23:11:50.306712
CUST0820,Books,Novel,Mystery,725.04,2,No,No,2025-02-25 05:30:51.306712
CUST0289,Electronics,Laptop,Gaming,374.36,3,No,No,2025-03-26 23:19:24.306712
CUST0845,Home,Lamp,Halogen,834.87,4,No,No,2025-02-24 22:26:16.306712
CUST0161,Electronics,Laptop,Ultrabook,421.93,4,No,No,2025-03-09 02:53:30.306712
CUST0251,Home,Table,Coffee,505.25,2,No,No,2025-02-26 12:09:18.306712
CUST0714,Toys,Doll,Barbie,529.54,1,No,No,2025-01-18 19:16:12.306712
CUST0179,Toys,Doll,Barbie,956.33,5,No,No,2025-02-24 21:58:42.306712
CUST0581,Home,Lamp,LED,351.33,3,No,No,2025-02-15 23:49:21.306712
CUST0172,Electronics,Mobile,Android,506.29,4,No,No,2025-03-26 09:45:17.306712
CUST0817,Home,Table,Coffee,709.44,3,No,No,2025-02-26 13:59:00.306712
CUST0474,Electronics,Mobile,iOS,254.42,3,Yes,No,2025-03-06 15:31:58.306712
CUST0271,Toys,Car,Electric,488.93,2,Yes,No,2025-03-11 23:03:28.306712
CUST0686,Toys,Doll,Action,677.7,5,No,No,2025-01-21 12:33:27.306712
CUST0394,Home,Table,Coffee,289.4,5,No,No,2025-03-27 05:49:29.306712
CUST0724,Toys,Doll,Action,644.19,5,No,No,2025-04-04 16:42:52.306712
CUST0837,Books,Textbook,Science,550.53,1,No,No,2025-02-11 11:49:14.306712
CUST0443,Home,Lamp,LED,545.28,2,No,No,2025-02-05 15:22:47.306712
CUST0845,Toys,Puzzle,Jigsaw,845.31,2,Yes,No,2025-02-07 12:59:01.306712
CUST0075,Home,Chair,Dining,699.38,3,No,No,2025-04-08 06:29:29.306712
CUST0160,Toys,Doll,Action,345.23,4,No,No,2025-03-06 18:38:11.306712
CUST0375,Home,Lamp,Halogen,691.3,6,Yes,No,2025-03-30 23:07:25.306712
CUST0071,Toys,Car,Remote Control,351.45,1,Yes,No,2025-03-28 12:00:21.306712
CUST0500,Toys,Car,Remote Control,480.88,4,Yes,No,2025-01-25 15:19:17.306712
CUST0915,Home,Lamp,Halogen,629.49,1,No,No,2025-01-17 17:32:10.306712
CUST0767,Toys,Car,Electric,577.55,5,Yes,Yes,2025-01-27 10:00:18.306712
CUST0777,Home,Chair,Office,848.71,3,No,No,2025-04-11 15:01:55.306712
CUST0516,Electronics,Mobile,iOS,731.77,3,Yes,No,2025-02-27 07:24:10.306712
CUST0496,Electronics,Headphones,Wired,448.39,0,No,No,2025-02-05 22:30:11.306712
CUST0277,Books,Novel,Fiction,523.88,4,No,No,2025-01-23 18:50:26.306712
CUST0424,Electronics,Mobile,iOS,812.93,4,No,No,2025-01-14 17:30:29.306712
CUST0765,Books,Textbook,Math,532.38,4,No,No,2025-04-01 08:44:40.306712
CUST0702,Electronics,Laptop,Ultrabook,586.82,3,No,No,2025-02-16 11:52:41.306712
CUST0493,Home,Chair,Dining,427.87,4,No,No,2025-02-16 00:50:05.306712
CUST0296,Clothing,Jacket,Leather,736.3,2,No,No,2025-04-07 21:35:38.306712
CUST0129,Toys,Doll,Action,726.25,2,No,No,2025-03-21 05:38:51.306712
CUST0921,Toys,Doll,Barbie,572.02,0,No,No,2025-02-16 23:32:39.306712
CUST0697,Electronics,Laptop,Ultrabook,381.17,5,Yes,No,2025-03-03 20:08:17.306712
CUST0072,Home,Lamp,Halogen,505.66,6,No,No,2025-01-24 04:04:53.306712
CUST0710,Home,Lamp,Halogen,583.28,0,No,No,2025-03-20 06:31:32.306712
CUST0427,Electronics,Laptop,Ultrabook,514.88,5,Yes,No,2025-03-11 00:58:57.306712
CUST0913,Home,Chair,Office,302.58,4,No,No,2025-02-23 08:13:09.306712
CUST0957,Clothing,Jeans,Regular,721.45,4,No,No,2025-02-22 01:21:16.306712
CUST0655,Electronics,Laptop,Ultrabook,608.66,2,No,No,2025-02-12 22:54:16.306712
CUST0123,Books,Novel,Fiction,484.43,5,Yes,Yes,2025-03-11 12:02:23.306712
CUST0343,Books,Novel,Fiction,503.54,3,Yes,Yes,2025-04-11 12:01:55.306712
CUST0381,Electronics,Headphones,Wireless,386.96,6,No,No,2025-02-18 17:48:14.306712
CUST0405,Toys,Doll,Barbie,676.6,3,No,No,2025-03-12 03:03:41.306712
CUST0132,Electronics,Mobile,iOS,723.81,5,No,No,2025-04-11 05:36:16.306712
CUST0582,Books,Textbook,Science,325.57,3,Yes,No,2025-03-28 06:41:25.306712
CUST0717,Books,Textbook,Science,330.46,5,No,No,2025-03-08 05:49:28.306712
CUST0312,Toys,Doll,Action,462.84,8,Yes,No,2025-01-21 18:54:22.306712
CUST0586,Books,Novel,Fiction,536.46,1,No,No,2025-02-16 05:56:46.306712
CUST0166,Books,Textbook,Math,834.39,2,Yes,No,2025-02-07 17:44:41.306712
CUST0726,Clothing,Jeans,Slim,318.66,2,No,No,2025-01-31 00:38:11.306712
CUST0781,Home,Table,Coffee,931.48,1,No,No,2025-02-23 11:25:52.306712
CUST0257,Clothing,T-Shirt,Round Neck,585.5,7,No,No,2025-01-25 04:59:25.306712
CUST0138,Books,Biography,Celebrity,517.62,3,No,No,2025-03-11 10:38:11.306712
CUST0939,Electronics,Mobile,iOS,414.32,1,No,No,2025-02-20 10:01:25.306712
CUST0209,Electronics,Headphones,Wireless,364.83,2,Yes,No,2025-03-09 21:57:17.306712
CUST0846,Toys,Doll,Barbie,568.89,3,No,No,2025-02-27 19:40:14.306712
CUST0699,Electronics,Headphones,Wired,654.89,3,No,No,2025-03-19 07:15:22.306712
CUST0355,Clothing,Jeans,Slim,133.55,2,No,No,2025-02-23 07:00:55.306712
CUST0808,Clothing,T-Shirt,Round Neck,592.22,3,No,No,2025-01-14 16:19:44.306712
CUST0424,Clothing,Jeans,Regular,495.82,2,No,No,2025-02-28 04:25:46.306712
CUST0212,Home,Lamp,Halogen,641.88,3,Yes,Yes,2025-03-14 17:42:10.306712
CUST0749,Home,Chair,Dining,795.06,4,No,No,2025-04-01 05:14:25.306712
CUST0067,Electronics,Laptop,Gaming,665.18,5,No,No,2025-04-04 21:06:25.306712
CUST0998,Electronics,Mobile,Android,354.74,3,No,No,2025-02-28 00:31:25.306712
CUST0209,Electronics,Mobile,Android,649.61,2,No,No,2025-02-12 11:08:51.306712
CUST0786,Toys,Puzzle,3D,393.04,2,No,No,2025-02-12 01:59:07.306712
CUST0886,Books,Novel,Mystery,295.08,3,Yes,Yes,2025-03-24 20:42:23.306712
CUST0235,Home,Lamp,LED,422.28,1,No,No,2025-01-24 18:21:07.306712
CUST0571,Toys,Car,Electric,538.7,2,No,No,2025-01-14 18:11:00.306712
CUST0989,Clothing,Jacket,Leather,443.97,2,No,No,2025-03-21 04:24:15.306712
CUST0864,Books,Textbook,Science,597.89,2,No,No,2025-03-03 14:16:44.306712
CUST0683,Books,Novel,Fiction,369.02,4,No,No,2025-03-09 02:10:51.306712
CUST0343,Clothing,Jacket,Leather,167.41,3,Yes,No,2025-01-22 14:58:30.306712
CUST0672,Clothing,Jacket,Leather,531.21,3,No,No,2025-02-27 19:32:06.306712
CUST0497,Toys,Puzzle,Jigsaw,416.35,3,No,No,2025-03-16 09:47:46.306712
CUST0401,Books,Biography,Celebrity,752.42,1,No,No,2025-02-04 16:43:39.306712
CUST0402,Toys,Doll,Action,536.96,5,No,No,2025-01-30 12:25:00.306712
CUST0520,Electronics,Headphones,Wireless,707.16,2,No,No,2025-01-28 21:13:12.306712
CUST0425,Home,Table,Study,50.0,0,Yes,No,2025-02-15 03:48:29.306712
CUST0011,Clothing,T-Shirt,V-Neck,349.37,4,No,No,2025-03-13 20:11:33.306712
CUST0051,Clothing,Jacket,Denim,412.29,1,No,No,2025-01-16 12:07:31.306712
CUST0853,Clothing,Jeans,Regular,585.02,2,Yes,No,2025-02-03 17:49:39.306712
CUST0354,Clothing,Jacket,Leather,409.01,2,Yes,No,2025-03-18 14:27:49.306712
CUST0206,Clothing,Jacket,Denim,289.45,2,No,No,2025-03-26 07:41:12.306712
CUST0352,Clothing,Jacket,Denim,539.23,1,No,No,2025-03-21 08:54:09.306712
CUST0338,Books,Biography,Historical,955.52,4,Yes,No,2025-02-15 17:49:37.306712
CUST0049,Clothing,T-Shirt,V-Neck,442.41,4,No,No,2025-02-21 14:48:48.306712
CUST0514,Books,Textbook,Math,503.44,10,No,No,2025-02-26 18:56:54.306712
CUST0809,Electronics,Mobile,iOS,810.4,2,No,No,2025-02-14 12:36:17.306712
CUST0156,Home,Table,Study,565.15,2,Yes,No,2025-03-31 17:48:43.306712
CUST0555,Toys,Puzzle,3D,312.36,3,No,No,2025-01-29 00:58:02.306712
CUST0819,Toys,Car,Electric,421.47,4,Yes,No,2025-04-10 20:05:52.306712
CUST0174,Electronics,Headphones,Wireless,892.57,2,Yes,No,2025-02-14 08:30:41.306712
CUST0124,Home,Table,Study,242.22,1,No,No,2025-02-25 09:28:39.306712
CUST0509,Books,Biography,Historical,546.8,3,No,No,2025-02-06 09:38:15.306712
CUST0410,Electronics,Laptop,Ultrabook,717.81,6,Yes,Yes,2025-04-04 23:33:05.306712
CUST0355,Clothing,Jacket,Leather,775.04,4,Yes,No,2025-03-22 18:37:58.306712
CUST0970,Books,Novel,Mystery,609.44,3,No,No,2025-03-18 06:04:18.306712
CUST0276,Toys,Car,Electric,356.37,5,Yes,No,2025-01-26 05:32:52.306712
CUST0577,Home,Table,Study,888.5,2,Yes,No,2025-03-10 20:38:05.306712
CUST0798,Home,Chair,Dining,385.68,3,Yes,No,2025-02-13 13:28:58.306712
CUST0470,Books,Biography,Celebrity,274.67,5,No,No,2025-01-20 23:12:55.306712
CUST0740,Clothing,Jacket,Denim,594.59,3,No,No,2025-02-15 20:03:31.306712
CUST0641,Home,Chair,Office,359.94,2,No,No,2025-03-23 03:42:36.306712
CUST0917,Toys,Puzzle,3D,84.94,2,Yes,No,2025-03-12 05:06:34.306712
CUST0355,Books,Textbook,Science,222.63,6,No,No,2025-03-04 13:33:47.306712
CUST0193,Clothing,T-Shirt,V-Neck,339.44,3,No,No,2025-03-27 23:39:24.306712
CUST0606,Clothing,Jeans,Slim,600.48,1,Yes,No,2025-04-13 04:32:17.306712
CUST0120,Toys,Doll,Barbie,503.88,1,No,No,2025-01-28 11:35:37.306712
CUST0653,Books,Novel,Mystery,576.73,5,No,No,2025-02-19 16:20:02.306712
CUST0109,Toys,Doll,Barbie,566.59,4,Yes,Yes,2025-03-23 00:04:25.306712
CUST0544,Books,Textbook,Math,831.73,4,No,No,2025-02-25 01:36:37.306712
CUST0140,Electronics,Headphones,Wireless,401.27,4,No,No,2025-01-16 07:56:05.306712
CUST0925,Clothing,Jacket,Leather,680.36,5,No,No,2025-03-07 23:08:51.306712
CUST0963,Toys,Puzzle,Jigsaw,438.53,2,No,No,2025-01-28 20:14:11.306712
CUST0012,Toys,Car,Remote Control,662.93,3,No,No,2025-02-20 22:59:26.306712
CUST0873,Books,Biography,Historical,374.29,2,Yes,No,2025-02-25 12:10:35.306712
CUST0168,Electronics,Mobile,iOS,828.02,1,No,No,2025-02-04 05:06:00.306712
CUST0303,Home,Table,Coffee,476.52,4,No,No,2025-04-10 11:36:26.306712
CUST0385,Home,Lamp,Halogen,550.45,2,No,No,2025-01-13 14:26:30.306712
CUST0472,Electronics,Headphones,Wireless,498.23,7,No,No,2025-02-16 05:57:05.306712
CUST0416,Home,Lamp,Halogen,495.01,2,No,No,2025-04-04 23:11:54.306712
CUST0883,Clothing,Jacket,Denim,501.55,0,No,No,2025-03-01 23:55:50.306712
CUST0490,Electronics,Laptop,Ultrabook,264.2,2,No,No,2025-02-20 11:30:56.306712
CUST0839,Books,Novel,Fiction,369.09,3,No,No,2025-01-20 21:02:57.306712
CUST0402,Home,Table,Coffee,704.62,1,No,No,2025-03-11 19:48:07.306712
CUST0969,Home,Lamp,Halogen,402.33,2,No,No,2025-04-10 07:59:30.306712
CUST0563,Toys,Doll,Barbie,715.47,1,No,No,2025-03-24 06:51:06.306712
CUST0677,Electronics,Laptop,Ultrabook,459.65,3,No,No,2025-03-06 08:02:44.306712
CUST0128,Electronics,Mobile,iOS,688.39,1,No,No,2025-02-03 03:00:07.306712
CUST0097,Clothing,Jacket,Leather,361.08,2,No,No,2025-02-23 12:30:56.306712
CUST0860,Books,Novel,Mystery,689.13,4,No,No,2025-02-08 22:17:31.306712
CUST0508,Toys,Puzzle,Jigsaw,478.19,3,No,No,2025-03-09 05:22:12.306712
CUST0336,Toys,Puzzle,3D,50.0,5,No,No,2025-01-14 21:07:32.306712
CUST0870,Electronics,Laptop,Ultrabook,522.86,4,Yes,Yes,2025-02-13 03:19:56.306712
CUST0623,Books,Textbook,Math,695.95,3,No,No,2025-01-17 11:28:17.306712
CUST0027,Electronics,Headphones,Wireless,203.88,1,No,No,2025-04-09 19:39:09.306712
CUST0948,Electronics,Laptop,Gaming,61.68,4,Yes,No,2025-02-13 14:22:57.306712
CUST0264,Books,Biography,Historical,394.75,2,Yes,No,2025-03-15 18:04:55.306712
CUST0317,Books,Biography,Historical,280.8,4,No,No,2025-04-05 12:08:40.306712
CUST0412,Toys,Puzzle,Jigsaw,345.39,5,No,No,2025-03-08 08:12:57.306712
CUST0619,Home,Chair,Office,619.37,2,No,No,2025-01-23 22:15:29.306712
CUST0589,Toys,Doll,Action,662.27,4,No,No,2025-03-02 20:11:07.306712
CUST0070,Toys,Puzzle,Jigsaw,306.89,2,No,No,2025-01-24 02:40:51.306712
CUST0206,Electronics,Laptop,Ultrabook,712.81,2,No,No,2025-01-25 17:27:35.306712
CUST0955,Toys,Car,Remote Control,517.8,2,No,No,2025-03-18 01:52:14.306712
CUST0812,Clothing,Jeans,Slim,768.54,2,No,No,2025-01-23 13:31:29.306712
CUST0089,Toys,Car,Electric,425.05,7,No,No,2025-02-01 13:39:29.306712
CUST0774,Home,Table,Study,53.07,0,No,No,2025-04-06 23:43:30.306712
CUST0766,Electronics,Headphones,Wired,533.25,3,No,No,2025-01-29 15:07:53.306712
CUST0678,Toys,Doll,Barbie,183.73,5,No,No,2025-04-03 16:12:09.306712
CUST0186,Home,Table,Study,263.37,4,No,No,2025-03-14 20:16:47.306712
CUST0640,Toys,Puzzle,Jigsaw,448.4,1,Yes,No,2025-03-28 07:54:19.306712
CUST0791,Clothing,T-Shirt,V-Neck,716.59,1,No,No,2025-03-20 11:16:30.306712
CUST0429,Books,Biography,Celebrity,770.14,1,No,No,2025-01-17 00:43:33.306712
CUST0648,Books,Novel,Mystery,497.87,1,No,No,2025-04-10 12:40:07.306712
CUST0858,Electronics,Mobile,iOS,708.81,2,No,No,2025-01-15 03:06:15.306712
CUST0664,Clothing,Jacket,Denim,615.3,1,No,No,2025-03-07 22:03:31.306712
CUST0224,Toys,Doll,Action,574.31,1,No,No,2025-02-10 16:24:32.306712
CUST0686,Clothing,T-Shirt,Round Neck,467.15,0,No,No,2025-03-04 01:49:51.306712
CUST0202,Books,Novel,Fiction,718.07,9,No,No,2025-03-21 13:22:20.306712
CUST0775,Toys,Car,Electric,655.71,5,No,No,2025-03-16 00:41:16.306712
CUST0639,Books,Textbook,Math,493.46,3,Yes,Yes,2025-03-27 12:44:47.306712
CUST0392,Clothing,Jacket,Leather,731.84,1,Yes,No,2025-04-08 16:49:34.306712
CUST0005,Books,Novel,Mystery,667.52,3,Yes,No,2025-03-08 19:19:35.306712
CUST0082,Toys,Doll,Barbie,530.34,1,Yes,No,2025-02-04 02:34:33.306712
CUST0229,Electronics,Mobile,iOS,936.04,0,No,No,2025-03-03 23:05:04.306712
CUST0425,Electronics,Laptop,Ultrabook,256.26,2,Yes,No,2025-04-04 00:23:50.306712
CUST0460,Books,Biography,Celebrity,599.66,4,No,No,2025-01-20 10:45:10.306712
CUST0608,Clothing,Jacket,Leather,436.89,5,No,No,2025-03-28 14:40:42.306712
CUST0035,Clothing,T-Shirt,Round Neck,669.29,3,No,No,2025-03-06 00:44:36.306712
CUST0994,Books,Biography,Celebrity,437.63,2,Yes,No,2025-02-08 16:55:08.306712
CUST0035,Home,Table,Coffee,575.27,2,No,No,2025-02-05 15:18:40.306712
CUST0696,Electronics,Mobile,iOS,50.0,5,Yes,Yes,2025-02-25 00:35:50.306712
CUST0501,Toys,Doll,Barbie,669.96,1,Yes,No,2025-03-12 05:47:54.306712
CUST0893,Clothing,Jeans,Regular,382.83,3,No,No,2025-03-18 19:40:59.306712
CUST0952,Clothing,Jeans,Regular,479.85,0,No,No,2025-02-15 16:11:46.306712
CUST0769,Books,Novel,Fiction,180.26,4,Yes,No,2025-02-09 20:51:09.306712
CUST0591,Books,Biography,Celebrity,127.45,3,No,No,2025-03-22 06:41:28.306712
CUST0373,Electronics,Headphones,Wired,617.82,3,No,No,2025-02-13 05:21:45.306712
CUST0235,Books,Biography,Historical,793.51,5,No,No,2025-02-17 00:26:48.306712
CUST0455,Home,Lamp,LED,358.66,5,Yes,No,2025-02-13 21:10:12.306712
CUST0143,Books,Textbook,Math,349.69,3,No,No,2025-03-23 04:05:18.306712
CUST0116,Toys,Doll,Barbie,380.75,5,No,No,2025-03-28 11:33:06.306712
CUST0948,Electronics,Mobile,iOS,468.5,2,No,No,2025-03-25 22:46:16.306712
CUST0444,Books,Novel,Fiction,801.25,2,No,No,2025-03-07 06:31:23.306712
CUST0886,Home,Chair,Dining,651.36,1,Yes,No,2025-02-27 03:57:22.306712
CUST0439,Home,Table,Study,741.73,0,Yes,No,2025-03-02 12:20:35.306712
CUST0038,Home,Chair,Dining,472.73,1,No,No,2025-03-27 09:56:25.306712
CUST0887,Toys,Puzzle,Jigsaw,562.83,6,No,No,2025-03-03 10:37:06.306712
CUST0753,Clothing,T-Shirt,Round Neck,571.11,4,No,No,2025-02-07 16:07:40.306712
CUST0445,Home,Table,Coffee,358.35,1,No,No,2025-01-30 17:45:15.306712
CUST0778,Books,Biography,Celebrity,680.73,3,No,No,2025-01-18 12:29:12.306712
CUST0255,Home,Table,Study,800.73,5,Yes,Yes,2025-03-21 07:42:32.306712
CUST0247,Clothing,Jacket,Leather,886.53,2,No,No,2025-02-06 05:15:07.306712
CUST0308,Toys,Doll,Barbie,601.49,0,Yes,No,2025-02-09 14:04:39.306712
CUST0788,Home,Lamp,LED,755.76,3,Yes,Yes,2025-02-13 06:22:54.306712
CUST0885,Home,Table,Study,438.76,2,No,No,2025-04-06 08:22:18.306712
CUST0544,Clothing,Jeans,Slim,696.15,2,No,No,2025-03-06 11:48:29.306712
CUST0557,Electronics,Headphones,Wireless,316.18,2,Yes,No,2025-04-01 13:53:12.306712
CUST0171,Home,Table,Coffee,427.98,4,No,No,2025-02-27 13:22:14.306712
CUST0091,Books,Novel,Mystery,685.29,4,Yes,No,2025-03-23 22:52:13.306712
CUST0952,Toys,Car,Remote Control,306.24,5,No,No,2025-03-10 19:42:46.306712
CUST0958,Books,Textbook,Science,908.06,2,No,No,2025-03-01 05:56:55.306712
CUST0428,Clothing,T-Shirt,V-Neck,884.93,1,No,No,2025-01-15 21:29:24.306712
CUST0215,Toys,Doll,Action,50.0,0,No,No,2025-02-28 02:24:41.306712
CUST0574,Books,Textbook,Math,246.77,1,No,No,2025-02-22 15:02:48.306712
CUST0540,Electronics,Headphones,Wireless,421.09,1,No,No,2025-04-12 15:18:45.306712
CUST0126,Toys,Puzzle,Jigsaw,237.84,4,No,No,2025-03-24 19:01:13.306712
CUST0586,Home,Chair,Office,220.63,2,No,No,2025-03-22 15:16:34.306712
CUST0229,Clothing,Jacket,Leather,693.26,3,Yes,No,2025-03-28 17:07:47.306712
CUST0876,Books,Novel,Mystery,345.18,0,No,No,2025-02-05 20:57:50.306712
CUST0702,Toys,Doll,Barbie,431.8,5,No,No,2025-04-12 00:00:06.306712
CUST0514,Home,Lamp,Halogen,480.94,2,Yes,No,2025-02-18 05:50:12.306712
CUST0285,Electronics,Headphones,Wireless,373.77,1,Yes,No,2025-02-13 09:53:20.306712
CUST0552,Toys,Puzzle,Jigsaw,450.65,2,No,No,2025-02-07 21:01:33.306712
CUST0785,Electronics,Mobile,Android,649.82,4,Yes,Yes,2025-02-04 07:41:34.306712
CUST0029,Clothing,T-Shirt,Round Neck,210.25,3,No,No,2025-02-24 08:43:12.306712
CUST0487,Clothing,Jeans,Regular,346.45,5,No,No,2025-04-08 01:57:43.306712
CUST0628,Electronics,Laptop,Ultrabook,714.09,3,Yes,No,2025-03-27 19:30:01.306712
CUST0560,Books,Biography,Celebrity,613.07,1,No,No,2025-01-23 05:49:43.306712
CUST0437,Toys,Car,Remote Control,550.12,2,No,No,2025-03-18 00:42:07.306712
CUST0143,Electronics,Mobile,Android,647.04,1,No,No,2025-03-30 04:28:37.306712
CUST0757,Home,Chair,Dining,454.53,3,No,No,2025-01-30 06:26:00.306712
CUST0871,Toys,Doll,Action,382.04,2,No,No,2025-02-19 23:29:41.306712
CUST0300,Clothing,Jeans,Regular,545.0,2,No,No,2025-02-20 01:02:54.306712
CUST0052,Toys,Car,Electric,410.58,2,No,No,2025-02-02 23:38:08.306712
CUST0021,Toys,Puzzle,3D,757.37,2,No,No,2025-03-07 08:41:14.306712
CUST0450,Clothing,Jacket,Denim,749.02,2,No,No,2025-02-20 20:45:32.306712
CUST0479,Clothing,Jeans,Slim,488.15,3,No,No,2025-01-21 02:02:04.306712
CUST0407,Clothing,T-Shirt,Round Neck,439.28,4,No,No,2025-04-06 05:20:34.306712
CUST0568,Home,Lamp,LED,593.24,3,No,No,2025-01-23 12:30:25.306712
CUST0481,Clothing,Jacket,Denim,299.3,4,No,No,2025-04-10 03:05:13.306712
CUST0156,Toys,Puzzle,Jigsaw,657.86,1,No,No,2025-02-02 15:40:35.306712
CUST0718,Books,Biography,Historical,106.99,4,No,No,2025-03-04 13:33:33.306712
CUST0846,Home,Table,Study,319.12,4,No,No,2025-02-09 19:38:59.306712
CUST0585,Electronics,Headphones,Wireless,430.45,5,No,No,2025-02-24 13:24:53.306712
CUST0827,Clothing,Jeans,Slim,109.89,4,No,No,2025-04-06 20:31:47.306712
CUST0697,Electronics,Mobile,Android,621.48,4,No,No,2025-01-19 10:29:21.306712
CUST0731,Electronics,Laptop,Ultrabook,854.13,4,No,No,2025-02-05 07:29:06.306712
CUST0788,Books,Biography,Historical,427.47,2,No,No,2025-03-27 11:52:39.306712
CUST0995,Clothing,Jacket,Denim,458.48,4,No,No,2025-02-17 17:39:51.306712
CUST0858,Home,Lamp,LED,456.39,4,Yes,Yes,2025-01-13 18:24:05.306712
CUST0547,Home,Lamp,Halogen,457.91,3,No,No,2025-01-28 07:00:06.306712
CUST0167,Toys,Doll,Barbie,360.8,4,No,No,2025-03-28 16:00:09.306712
CUST0858,Electronics,Headphones,Wireless,328.38,3,Yes,No,2025-03-05 16:18:51.306712
CUST0438,Electronics,Mobile,iOS,396.17,5,No,No,2025-03-25 11:49:18.306712
CUST0793,Books,Textbook,Math,661.71,2,No,No,2025-03-26 07:59:53.306712
CUST0676,Electronics,Mobile,iOS,290.3,1,No,No,2025-04-10 00:24:22.306712
CUST0007,Home,Lamp,LED,203.38,3,Yes,No,2025-02-25 10:35:48.306712
CUST0269,Toys,Car,Remote Control,281.38,2,No,No,2025-02-01 20:29:30.306712
CUST0524,Toys,Puzzle,3D,516.47,2,Yes,No,2025-04-10 00:52:01.306712
CUST0841,Clothing,Jeans,Regular,50.0,2,No,No,2025-01-20 13:21:07.306712
CUST0988,Electronics,Laptop,Ultrabook,576.11,3,Yes,No,2025-03-07 11:44:57.306712
CUST0558,Home,Lamp,Halogen,490.48,7,No,No,2025-04-08 07:55:53.306712
CUST0953,Clothing,T-Shirt,Round Neck,418.22,0,Yes,No,2025-02-24 07:30:39.306712
CUST0358,Electronics,Mobile,iOS,100.25,2,No,No,2025-01-28 08:25:46.306712
CUST0919,Clothing,Jacket,Leather,574.59,1,No,No,2025-02-16 03:42:38.306712
CUST0273,Home,Chair,Dining,685.44,2,No,No,2025-01-20 21:54:40.306712
CUST0820,Electronics,Headphones,Wireless,398.92,4,No,No,2025-03-21 05:04:01.306712
CUST0476,Clothing,Jacket,Denim,388.68,1,No,No,2025-01-15 20:04:30.306712
CUST0173,Clothing,Jacket,Leather,255.36,6,No,No,2025-02-16 02:34:22.306712
CUST0655,Electronics,Laptop,Ultrabook,500.42,5,No,No,2025-02-25 15:58:38.306712
CUST0097,Home,Table,Study,789.5,4,No,No,2025-02-05 05:25:35.306712
CUST0953,Clothing,Jacket,Leather,690.92,5,Yes,No,2025-03-03 00:23:29.306712
CUST0783,Electronics,Laptop,Ultrabook,659.12,2,No,No,2025-03-10 07:50:30.306712
CUST0779,Home,Lamp,Halogen,672.43,1,No,No,2025-03-25 22:08:23.306712
CUST0830,Electronics,Mobile,Android,408.07,5,No,No,2025-02-10 22:15:29.306712
CUST0772,Toys,Puzzle,Jigsaw,669.62,4,No,No,2025-01-14 01:41:08.306712
CUST0841,Clothing,Jacket,Leather,439.27,2,No,No,2025-02-17 02:59:43.306712
CUST0806,Clothing,T-Shirt,V-Neck,426.85,3,Yes,Yes,2025-04-05 12:35:45.306712
CUST0452,Books,Textbook,Math,705.56,2,No,No,2025-01-25 04:17:02.306712
CUST0996,Clothing,Jeans,Regular,460.01,1,Yes,No,2025-01-29 15:34:47.306712
CUST0343,Electronics,Laptop,Gaming,660.67,3,No,No,2025-02-28 20:13:12.306712
CUST0755,Clothing,Jacket,Leather,510.45,5,No,No,2025-02-09 13:17:16.306712
CUST0768,Toys,Puzzle,Jigsaw,356.28,1,Yes,No,2025-04-09 15:59:47.306712
CUST0616,Home,Chair,Office,977.75,3,No,No,2025-02-06 11:54:17.306712
CUST0838,Clothing,Jeans,Slim,644.15,5,No,No,2025-03-26 12:52:56.306712
CUST0774,Clothing,Jeans,Regular,328.8,4,No,No,2025-03-12 19:07:42.306712
CUST0407,Clothing,T-Shirt,Round Neck,391.94,2,No,No,2025-03-03 14:52:02.306712
CUST0984,Home,Lamp,LED,261.44,3,No,No,2025-03-28 04:03:38.306712
CUST0935,Clothing,Jeans,Regular,431.74,4,Yes,Yes,2025-02-02 22:40:17.306712
CUST0611,Toys,Car,Remote Control,942.64,2,No,No,2025-01-28 11:53:11.306712
CUST0864,Toys,Doll,Barbie,289.68,3,No,No,2025-02-01 01:26:39.306712
CUST0231,Electronics,Headphones,Wired,583.68,7,No,No,2025-03-16 16:49:41.306712
CUST0261,Electronics,Laptop,Ultrabook,669.19,2,No,No,2025-03-18 03:18:10.306712
CUST0252,Clothing,Jacket,Leather,755.8,6,No,No,2025-03-04 13:02:11.306712
CUST0327,Electronics,Laptop,Gaming,442.3,1,No,No,2025-03-27 17:01:48.306712
CUST0850,Home,Table,Study,568.26,3,No,No,2025-03-18 15:57:22.306712
CUST0109,Home,Table,Coffee,680.12,2,No,No,2025-04-04 16:50:49.306712
CUST0323,Electronics,Headphones,Wireless,734.01,5,No,No,2025-04-11 23:41:50.306712
CUST0217,Books,Biography,Historical,415.61,2,No,No,2025-01-23 16:20:23.306712
CUST0061,Toys,Puzzle,3D,621.51,3,Yes,Yes,2025-02-07 11:25:04.306712
CUST0482,Toys,Car,Electric,596.96,3,No,No,2025-03-09 15:44:17.306712
CUST0110,Electronics,Laptop,Gaming,441.75,3,No,No,2025-03-01 12:59:39.306712
CUST0963,Home,Table,Coffee,694.74,1,No,No,2025-01-16 09:05:16.306712
CUST0206,Home,Lamp,Halogen,850.25,5,No,No,2025-03-05 18:14:09.306712
CUST0696,Toys,Car,Remote Control,373.67,2,Yes,No,2025-04-12 09:08:15.306712
CUST0971,Toys,Doll,Action,704.12,2,No,No,2025-03-19 23:13:17.306712
CUST0956,Books,Novel,Mystery,661.88,3,No,No,2025-02-11 00:44:20.306712
CUST0800,Home,Table,Study,385.1,6,No,No,2025-02-21 19:35:49.306712
CUST0387,Electronics,Laptop,Gaming,199.11,2,No,No,2025-02-03 18:47:34.306712
CUST0404,Books,Textbook,Math,200.13,4,Yes,No,2025-04-06 03:38:41.306712
CUST0903,Books,Biography,Historical,432.96,2,No,No,2025-01-27 21:01:11.306712
CUST0007,Toys,Puzzle,Jigsaw,690.73,5,No,No,2025-02-01 05:49:57.306712
CUST0447,Toys,Car,Electric,246.87,5,No,No,2025-03-03 03:46:52.306712
CUST0655,Clothing,Jeans,Slim,533.95,0,No,No,2025-03-31 06:14:24.306712
CUST0547,Toys,Car,Remote Control,259.58,3,No,No,2025-01-13 23:15:48.306712
CUST0314,Clothing,Jacket,Leather,251.69,1,No,No,2025-03-29 15:05:17.306712
CUST0374,Electronics,Laptop,Gaming,481.55,4,No,No,2025-01-26 18:48:41.306712
CUST0406,Toys,Car,Remote Control,382.78,2,No,No,2025-03-01 10:01:32.306712
CUST0998,Books,Biography,Historical,448.19,1,Yes,No,2025-03-21 11:52:50.306712
CUST0941,Books,Biography,Celebrity,635.61,2,No,No,2025-03-08 18:34:44.306712
CUST0958,Electronics,Mobile,Android,545.67,0,No,No,2025-02-24 00:00:29.306712
CUST0202,Books,Biography,Historical,933.28,4,No,No,2025-02-27 03:55:26.306712
CUST0323,Clothing,Jeans,Slim,244.01,6,No,No,2025-02-06 15:14:01.306712
CUST0347,Clothing,Jeans,Regular,939.35,3,No,No,2025-04-09 13:40:39.306712
CUST0275,Clothing,Jacket,Leather,514.57,3,No,No,2025-03-27 21:29:49.306712
CUST0628,Clothing,T-Shirt,Round Neck,304.18,5,No,No,2025-03-15 02:30:12.306712
CUST0782,Home,Chair,Dining,561.03,6,No,No,2025-01-26 16:17:15.306712
CUST0759,Books,Novel,Mystery,513.36,9,No,No,2025-01-31 18:45:13.306712
CUST0186,Toys,Car,Remote Control,810.97,4,No,No,2025-04-08 21:58:03.306712
CUST0243,Home,Table,Coffee,420.95,4,No,No,2025-01-22 12:53:21.306712
CUST0087,Home,Table,Study,225.76,2,No,No,2025-04-04 15:40:53.306712
CUST0738,Home,Lamp,Halogen,360.18,2,No,No,2025-02-08 22:47:15.306712
CUST0745,Books,Novel,Mystery,341.71,1,No,No,2025-04-06 15:19:29.306712
CUST0475,Electronics,Laptop,Gaming,211.99,5,No,No,2025-03-10 10:12:03.306712
CUST0428,Books,Textbook,Math,176.32,3,No,No,2025-03-13 01:39:14.306712
CUST0318,Home,Lamp,Halogen,567.73,2,Yes,No,2025-03-10 07:57:55.306712
CUST0491,Books,Novel,Mystery,423.54,1,No,No,2025-01-22 15:27:10.306712
CUST0799,Electronics,Headphones,Wireless,449.87,4,No,No,2025-03-29 14:09:23.306712
CUST0704,Home,Chair,Dining,445.86,4,No,No,2025-02-28 03:42:43.306712
CUST0211,Books,Textbook,Math,937.41,0,No,No,2025-04-13 01:48:46.306712
CUST0053,Toys,Car,Electric,724.22,5,No,No,2025-02-10 23:43:43.306712
CUST0830,Electronics,Headphones,Wired,288.67,3,No,No,2025-04-09 07:16:16.306712
CUST0322,Books,Textbook,Science,50.0,6,No,No,2025-04-09 23:00:03.306712
CUST0220,Electronics,Laptop,Gaming,597.3,4,No,No,2025-04-01 16:15:36.306712
CUST0107,Toys,Car,Remote Control,266.8,5,No,No,2025-03-18 18:12:14.306712
CUST0465,Electronics,Headphones,Wired,448.49,2,No,No,2025-04-13 03:24:26.306712
CUST0591,Toys,Puzzle,3D,81.69,3,No,No,2025-02-13 14:29:45.306712
CUST0519,Books,Novel,Fiction,550.98,6,Yes,Yes,2025-02-12 10:21:59.306712
CUST0782,Electronics,Mobile,Android,454.64,1,No,No,2025-02-08 02:38:41.306712
CUST0551,Home,Lamp,Halogen,402.3,3,No,No,2025-02-26 03:02:20.306712
CUST0956,Electronics,Mobile,iOS,404.15,5,No,No,2025-02-14 07:46:45.306712
CUST0829,Books,Textbook,Math,306.03,2,Yes,No,2025-03-07 19:58:10.306712
CUST0852,Electronics,Headphones,Wireless,434.32,3,No,No,2025-04-05 03:54:44.306712
CUST0789,Toys,Puzzle,Jigsaw,639.22,2,Yes,No,2025-04-05 23:40:17.306712
CUST0503,Toys,Car,Remote Control,80.36,1,No,No,2025-04-12 00:50:27.306712
CUST0665,Clothing,Jeans,Slim,489.02,3,No,No,2025-03-15 03:26:25.306712
CUST0901,Books,Novel,Mystery,442.14,4,No,No,2025-01-23 05:02:01.306712
CUST0737,Home,Table,Study,313.85,1,Yes,No,2025-04-08 12:39:21.306712
CUST0377,Clothing,Jeans,Slim,347.02,5,No,No,2025-01-19 12:00:02.306712
CUST0724,Home,Chair,Dining,476.12,1,Yes,No,2025-04-10 19:29:33.306712
CUST0427,Clothing,T-Shirt,V-Neck,518.96,2,No,No,2025-02-18 06:39:34.306712
CUST0580,Books,Biography,Historical,608.05,4,No,No,2025-03-02 09:05:28.306712
CUST0842,Electronics,Laptop,Ultrabook,540.21,4,No,No,2025-02-07 07:01:18.306712
CUST0561,Electronics,Laptop,Ultrabook,773.25,3,Yes,Yes,2025-01-19 05:56:16.306712
CUST0765,Home,Chair,Dining,580.13,3,Yes,Yes,2025-01-17 21:22:32.306712
CUST0153,Clothing,T-Shirt,Round Neck,420.08,4,Yes,No,2025-02-12 20:01:36.306712
CUST0993,Electronics,Laptop,Ultrabook,748.53,3,No,No,2025-01-28 22:28:54.306712
CUST0599,Books,Textbook,Math,844.4,2,No,No,2025-01-30 15:23:42.306712
CUST0751,Toys,Car,Remote Control,228.21,2,No,No,2025-03-27 05:52:00.306712
CUST0812,Home,Chair,Dining,851.56,3,Yes,No,2025-03-26 14:40:48.306712
CUST0274,Home,Table,Study,425.15,3,Yes,No,2025-03-26 10:30:40.306712
CUST0614,Clothing,Jeans,Slim,338.38,6,Yes,No,2025-03-16 20:20:55.306712
CUST0942,Toys,Doll,Barbie,392.55,3,No,No,2025-04-02 09:20:33.306712
CUST0421,Books,Textbook,Science,463.42,6,No,No,2025-02-09 07:00:02.306712
CUST0457,Home,Table,Study,272.2,6,Yes,No,2025-03-22 16:33:16.306712
CUST0963,Clothing,Jacket,Denim,644.44,6,No,No,2025-04-11 20:09:27.306712
CUST0069,Electronics,Headphones,Wired,417.23,5,No,No,2025-01-31 17:08:30.306712
CUST0998,Toys,Car,Electric,400.29,3,No,No,2025-02-16 22:29:39.306712
CUST0664,Toys,Puzzle,3D,780.9,6,No,No,2025-03-21 19:28:46.306712
CUST0826,Books,Biography,Historical,146.7,3,No,No,2025-03-08 17:00:27.306712
CUST0332,Clothing,Jacket,Denim,443.68,5,No,No,2025-01-13 16:54:52.306712
CUST0787,Electronics,Laptop,Ultrabook,443.44,1,No,No,2025-02-04 07:05:23.306712
CUST0718,Electronics,Laptop,Gaming,804.31,0,Yes,No,2025-04-13 06:57:58.306712
CUST0162,Home,Lamp,LED,338.6,2,Yes,No,2025-01-18 01:07:02.306712
CUST0301,Electronics,Mobile,Android,473.01,5,No,No,2025-02-22 05:15:41.306712
CUST0699,Books,Biography,Celebrity,168.72,5,No,No,2025-02-16 16:42:25.306712
CUST0152,Books,Novel,Mystery,433.36,0,No,No,2025-01-24 05:41:01.306712
CUST0160,Books,Textbook,Science,487.09,2,No,No,2025-01-23 11:14:39.306712
CUST0450,Books,Novel,Mystery,234.41,2,No,No,2025-01-14 09:48:14.306712
CUST0421,Home,Chair,Dining,670.89,2,No,No,2025-01-28 18:42:02.306712
CUST0584,Toys,Puzzle,3D,451.48,4,Yes,Yes,2025-03-07 16:34:14.306712
CUST0645,Electronics,Laptop,Ultrabook,297.51,2,No,No,2025-02-27 08:24:07.306712
CUST0408,Clothing,T-Shirt,V-Neck,482.95,2,Yes,No,2025-01-16 20:55:55.306712
CUST0148,Home,Lamp,LED,222.88,4,Yes,No,2025-02-20 23:34:13.306712
CUST0656,Clothing,Jacket,Leather,331.97,5,No,No,2025-02-13 10:31:03.306712
CUST0523,Home,Lamp,Halogen,371.74,1,No,No,2025-04-09 12:14:33.306712
CUST0495,Clothing,Jeans,Regular,184.22,2,No,No,2025-01-18 18:26:52.306712
CUST0846,Home,Lamp,Halogen,400.34,2,No,No,2025-04-10 01:09:05.306712
CUST0525,Clothing,Jacket,Leather,120.49,4,Yes,No,2025-02-24 19:46:31.306712
CUST0636,Electronics,Laptop,Gaming,239.08,5,Yes,Yes,2025-03-31 17:56:33.306712
CUST0720,Home,Chair,Office,562.47,1,No,No,2025-02-20 15:39:27.306712
CUST0933,Electronics,Mobile,iOS,634.88,2,No,No,2025-01-16 08:58:09.306712
CUST0719,Toys,Doll,Barbie,591.81,2,No,No,2025-01-22 14:17:52.306712
CUST0886,Clothing,T-Shirt,Round Neck,204.13,4,Yes,No,2025-03-23 15:46:43.306712
CUST0443,Books,Biography,Celebrity,235.78,6,No,No,2025-02-21 22:07:19.306712
CUST0994,Home,Lamp,LED,876.35,5,Yes,Yes,2025-03-25 22:56:05.306712
CUST0651,Clothing,Jeans,Slim,403.92,3,No,No,2025-03-15 09:42:24.306712
CUST0995,Electronics,Headphones,Wired,299.36,2,No,No,2025-03-09 09:12:21.306712
CUST0285,Clothing,Jeans,Slim,300.8,2,No,No,2025-03-22 14:17:30.306712
CUST0171,Toys,Car,Remote Control,681.04,4,No,No,2025-04-12 04:46:56.306712
CUST0076,Books,Textbook,Math,482.64,0,No,No,2025-02-18 00:19:42.306712
CUST0568,Electronics,Mobile,Android,595.36,1,No,No,2025-02-14 19:59:17.306712
CUST0464,Clothing,T-Shirt,Round Neck,281.9,1,Yes,No,2025-02-04 05:10:35.306712
CUST0388,Books,Textbook,Science,192.66,1,No,No,2025-02-11 07:21:33.306712
CUST0366,Home,Lamp,LED,816.96,2,No,No,2025-02-22 04:41:10.306712
CUST0113,Home,Chair,Office,534.42,3,No,No,2025-02-25 06:33:55.306712
CUST0012,Home,Table,Study,493.03,3,Yes,No,2025-01-14 07:46:21.306712
CUST0373,Clothing,Jacket,Denim,779.47,11,Yes,Yes,2025-02-21 04:43:20.306712
CUST0545,Books,Biography,Celebrity,50.0,5,No,No,2025-01-22 11:59:54.306712
CUST0130,Clothing,Jeans,Regular,556.36,3,No,No,2025-03-18 04:19:39.306712
CUST0178,Home,Table,Study,647.28,4,No,No,2025-03-12 10:37:03.306712
CUST0155,Books,Novel,Mystery,860.1,2,No,No,2025-02-24 08:14:17.306712
CUST0026,Electronics,Laptop,Gaming,472.25,4,No,No,2025-02-15 00:10:13.306712
CUST0682,Home,Chair,Dining,833.8,4,Yes,Yes,2025-04-01 05:07:32.306712
CUST0780,Toys,Doll,Action,592.91,6,Yes,Yes,2025-03-11 07:25:16.306712
CUST0206,Books,Textbook,Science,425.74,4,Yes,No,2025-02-03 15:53:53.306712
CUST0069,Clothing,Jeans,Slim,573.88,0,No,No,2025-02-08 10:37:56.306712
CUST0784,Home,Lamp,LED,612.57,4,No,No,2025-03-19 11:10:23.306712
CUST0068,Toys,Doll,Action,831.35,2,Yes,No,2025-03-21 06:42:01.306712
CUST0164,Electronics,Mobile,iOS,422.35,3,No,No,2025-02-22 23:35:43.306712
CUST0782,Electronics,Laptop,Ultrabook,623.18,2,No,No,2025-03-20 20:16:26.306712
CUST0386,Electronics,Laptop,Gaming,641.04,3,No,No,2025-03-22 11:06:59.306712
CUST0824,Books,Biography,Historical,277.95,2,No,No,2025-01-28 04:26:59.306712
CUST0832,Clothing,T-Shirt,V-Neck,381.53,3,No,No,2025-04-11 04:13:20.306712
CUST0900,Books,Novel,Fiction,480.89,2,Yes,No,2025-01-13 17:49:12.306712
CUST0110,Home,Table,Coffee,344.42,5,No,No,2025-01-29 19:15:34.306712
CUST0597,Books,Novel,Mystery,477.13,4,No,No,2025-01-17 17:42:16.306712
CUST0793,Toys,Car,Remote Control,661.3,6,No,No,2025-02-06 10:01:33.306712
CUST0459,Home,Table,Coffee,721.61,2,No,No,2025-04-02 02:28:02.306712
CUST0140,Books,Textbook,Math,379.34,4,No,No,2025-03-01 20:14:14.306712
CUST0773,Toys,Puzzle,Jigsaw,414.8,4,No,No,2025-03-25 04:09:52.306712
CUST0015,Toys,Puzzle,3D,228.62,2,No,No,2025-03-04 12:12:14.306712
CUST0555,Toys,Car,Electric,615.8,2,No,No,2025-02-14 12:27:34.306712
CUST0874,Toys,Puzzle,Jigsaw,387.2,4,No,No,2025-02-08 12:09:10.306712
CUST0017,Clothing,T-Shirt,V-Neck,727.38,4,No,No,2025-03-23 16:12:37.306712
CUST0860,Electronics,Laptop,Gaming,567.79,2,No,No,2025-03-08 04:28:24.306712
CUST0859,Electronics,Headphones,Wireless,465.99,4,No,No,2025-02-15 10:22:10.306712
CUST0386,Clothing,Jeans,Regular,578.46,4,No,No,2025-04-02 04:28:28.306712
CUST0822,Toys,Car,Electric,816.45,3,No,No,2025-03-16 03:18:30.306712
CUST0189,Electronics,Mobile,Android,522.72,4,No,No,2025-01-22 22:43:31.306712
CUST0421,Books,Textbook,Science,64.92,2,No,No,2025-02-23 02:15:30.306712
CUST0023,Clothing,Jacket,Leather,557.13,1,No,No,2025-01-29 02:48:27.306712
CUST0935,Home,Lamp,Halogen,161.94,3,No,No,2025-04-04 00:59:02.306712
CUST0433,Home,Chair,Office,541.76,1,No,No,2025-01-27 23:28:21.306712
CUST0723,Home,Table,Coffee,389.74,3,No,No,2025-02-21 00:12:17.306712
CUST0796,Clothing,T-Shirt,V-Neck,261.05,2,Yes,No,2025-04-02 22:51:15.306712
CUST0829,Home,Table,Study,418.81,1,Yes,No,2025-03-11 06:51:23.306712
CUST0924,Home,Table,Coffee,295.92,1,No,No,2025-04-05 18:24:10.306712
CUST0177,Books,Novel,Fiction,749.13,5,Yes,Yes,2025-02-04 06:22:26.306712
CUST0081,Home,Table,Study,507.52,4,No,No,2025-02-18 09:04:09.306712
CUST0428,Home,Lamp,LED,482.37,5,Yes,No,2025-02-20 10:41:57.306712
CUST0363,Books,Textbook,Math,429.96,5,No,No,2025-02-03 00:03:29.306712
CUST0024,Home,Table,Study,605.38,1,Yes,No,2025-04-05 23:21:54.306712
CUST0059,Home,Chair,Dining,470.1,6,No,No,2025-02-10 17:35:09.306712
CUST0665,Electronics,Laptop,Ultrabook,128.83,2,No,No,2025-02-16 15:44:41.306712
CUST0041,Toys,Doll,Barbie,478.95,1,No,No,2025-04-08 12:35:12.306712
CUST0742,Toys,Doll,Barbie,380.71,1,No,No,2025-03-31 15:04:15.306712
CUST0909,Clothing,T-Shirt,Round Neck,667.11,2,No,No,2025-01-15 17:43:07.306712
CUST0484,Clothing,Jeans,Regular,479.28,3,Yes,Yes,2025-01-22 15:17:47.306712
CUST0939,Clothing,Jeans,Slim,449.51,4,Yes,No,2025-03-19 12:15:10.306712
CUST0888,Toys,Doll,Action,446.59,3,No,No,2025-03-02 02:00:07.306712
CUST0258,Home,Table,Study,584.76,4,No,No,2025-01-25 00:29:24.306712
CUST0517,Electronics,Headphones,Wired,520.78,3,No,No,2025-04-06 13:03:24.306712
CUST0517,Clothing,Jacket,Leather,245.11,2,No,No,2025-02-12 19:53:42.306712
CUST0906,Electronics,Headphones,Wireless,784.42,1,Yes,No,2025-02-18 08:01:05.306712
CUST0278,Home,Chair,Dining,456.83,1,Yes,No,2025-03-04 12:08:29.306712
CUST0544,Home,Table,Coffee,237.51,2,No,No,2025-03-11 17:51:45.306712
CUST0177,Electronics,Laptop,Ultrabook,836.26,3,No,No,2025-02-18 17:05:53.306712
CUST0391,Toys,Puzzle,Jigsaw,579.33,3,No,No,2025-02-18 11:25:36.306712
CUST0681,Toys,Doll,Barbie,504.95,3,No,No,2025-02-27 00:32:49.306712
CUST0447,Clothing,T-Shirt,Round Neck,592.35,1,Yes,No,2025-02-22 17:37:58.306712
CUST0552,Clothing,T-Shirt,Round Neck,486.54,2,No,No,2025-02-28 03:24:24.306712
CUST0349,Clothing,Jeans,Slim,837.5,1,Yes,No,2025-03-06 04:50:17.306712
CUST0211,Toys,Car,Remote Control,476.42,3,No,No,2025-02-15 10:37:43.306712
CUST0651,Books,Textbook,Math,156.93,2,No,No,2025-01-29 03:21:26.306712
CUST0927,Clothing,Jacket,Leather,474.8,0,No,No,2025-01-22 01:05:41.306712
CUST0882,Books,Biography,Historical,520.68,2,Yes,No,2025-03-20 07:55:32.306712
CUST0997,Electronics,Laptop,Gaming,565.71,5,No,No,2025-03-09 06:29:00.306712
CUST0304,Home,Chair,Office,961.45,4,No,No,2025-03-27 05:15:58.306712
CUST0396,Toys,Doll,Action,557.67,2,No,No,2025-02-26 16:02:08.306712
CUST0229,Home,Table,Coffee,782.92,3,Yes,Yes,2025-04-08 23:15:12.306712
CUST0860,Home,Table,Coffee,425.25,3,Yes,No,2025-01-16 11:37:24.306712
CUST0761,Clothing,T-Shirt,Round Neck,186.62,4,Yes,No,2025-01-25 12:26:06.306712
CUST0847,Toys,Doll,Action,440.23,3,Yes,No,2025-04-06 16:33:45.306712
CUST0587,Electronics,Laptop,Ultrabook,387.21,2,No,No,2025-03-16 14:53:00.306712
CUST0499,Home,Lamp,Halogen,961.13,5,Yes,No,2025-01-26 16:30:24.306712
CUST0770,Electronics,Headphones,Wireless,301.11,6,No,No,2025-01-21 05:23:15.306712
CUST0678,Electronics,Laptop,Gaming,480.35,4,Yes,No,2025-03-03 22:56:58.306712
CUST0257,Clothing,Jacket,Denim,324.54,5,No,No,2025-04-05 15:57:16.306712
CUST0572,Clothing,Jeans,Slim,1113.11,4,No,No,2025-03-31 10:31:25.306712
CUST0087,Toys,Doll,Action,191.79,3,No,No,2025-03-23 14:16:48.306712
CUST0488,Toys,Doll,Barbie,859.49,3,No,No,2025-01-31 19:10:50.306712
CUST0888,Home,Chair,Office,307.92,4,Yes,Yes,2025-03-11 22:26:00.306712
CUST0232,Toys,Puzzle,Jigsaw,424.63,2,No,No,2025-02-08 02:36:55.306712
CUST0132,Home,Lamp,Halogen,726.54,1,Yes,No,2025-02-26 07:08:10.306712
CUST0789,Clothing,Jeans,Regular,263.04,4,Yes,Yes,2025-02-25 19:13:38.306712
CUST0691,Home,Chair,Office,316.56,3,Yes,No,2025-03-18 10:18:49.306712
CUST0824,Toys,Car,Remote Control,472.8,5,No,No,2025-01-31 15:14:51.306712
CUST0096,Electronics,Laptop,Ultrabook,50.0,2,Yes,No,2025-02-24 10:46:43.306712
CUST0036,Clothing,Jacket,Denim,262.86,5,No,No,2025-01-31 22:00:43.306712
CUST0544,Clothing,Jacket,Denim,546.65,6,No,No,2025-03-23 14:07:36.306712
CUST0785,Toys,Doll,Action,428.63,6,Yes,Yes,2025-03-30 14:31:12.306712
CUST0017,Home,Lamp,Halogen,543.33,8,No,No,2025-04-10 21:51:22.306712
CUST0705,Toys,Car,Electric,532.45,2,No,No,2025-02-18 06:53:01.306712
CUST0680,Toys,Car,Remote Control,86.95,2,No,No,2025-02-25 21:57:35.306712
CUST0771,Books,Novel,Mystery,630.9,5,Yes,No,2025-03-24 15:12:19.306712
CUST0850,Clothing,Jacket,Leather,867.5,1,No,No,2025-03-05 14:23:38.306712
CUST0349,Clothing,T-Shirt,Round Neck,338.8,2,Yes,No,2025-01-28 02:13:28.306712
CUST0997,Home,Lamp,Halogen,418.45,1,Yes,No,2025-01-21 09:26:37.306712
CUST0873,Books,Textbook,Science,575.18,3,No,No,2025-03-11 23:47:04.306712
CUST0974,Home,Lamp,Halogen,413.62,4,No,No,2025-03-17 02:47:56.306712
CUST0464,Toys,Car,Electric,371.68,2,No,No,2025-03-04 23:27:52.306712
CUST0780,Toys,Car,Remote Control,172.13,3,Yes,Yes,2025-02-22 17:30:33.306712
CUST0765,Electronics,Mobile,iOS,601.94,3,No,No,2025-03-14 13:10:44.306712
CUST0736,Home,Table,Study,463.33,3,Yes,No,2025-03-11 09:09:26.306712
CUST0139,Electronics,Mobile,iOS,865.1,3,No,No,2025-03-27 03:55:11.306712
CUST0449,Clothing,T-Shirt,V-Neck,300.73,2,No,No,2025-03-15 17:03:28.306712
CUST0053,Electronics,Headphones,Wired,677.03,2,Yes,No,2025-02-27 05:32:20.306712
CUST0219,Books,Biography,Celebrity,692.48,5,No,No,2025-01-26 20:55:29.306712
CUST0411,Clothing,Jacket,Denim,528.77,5,Yes,No,2025-02-16 18:56:10.306712
CUST0300,Toys,Car,Remote Control,408.18,1,No,No,2025-03-20 10:18:29.306712
CUST0476,Toys,Puzzle,3D,311.65,6,No,No,2025-03-08 07:00:40.306712
CUST0643,Clothing,T-Shirt,Round Neck,737.73,5,No,No,2025-01-17 18:42:42.306712
CUST0564,Electronics,Mobile,Android,732.51,3,No,No,2025-01-22 23:12:02.306712
CUST0761,Home,Chair,Dining,227.38,3,No,No,2025-03-19 08:18:00.306712
CUST0427,Toys,Puzzle,3D,101.51,2,No,No,2025-01-31 04:46:12.306712
CUST0328,Electronics,Laptop,Ultrabook,838.48,1,No,No,2025-02-13 21:41:32.306712
CUST0601,Home,Chair,Dining,817.05,1,No,No,2025-04-07 16:33:12.306712
CUST0597,Electronics,Headphones,Wired,353.03,3,No,No,2025-02-25 17:50:14.306712
CUST0101,Electronics,Headphones,Wireless,763.92,5,Yes,Yes,2025-02-08 06:05:26.306712
CUST0647,Home,Table,Study,662.82,3,No,No,2025-04-10 21:50:43.306712
CUST0188,Home,Chair,Office,497.52,1,No,No,2025-03-01 11:28:10.306712
CUST0879,Home,Table,Study,365.32,2,No,No,2025-02-23 15:07:10.306712
CUST0358,Clothing,Jacket,Denim,834.59,3,Yes,No,2025-02-01 18:26:56.306712
CUST0874,Electronics,Laptop,Gaming,711.34,2,Yes,No,2025-02-26 20:14:46.306712
CUST0128,Toys,Doll,Barbie,225.93,3,No,No,2025-03-26 15:22:58.306712
CUST0340,Electronics,Mobile,Android,830.74,1,Yes,No,2025-04-07 10:58:15.306712
CUST0932,Home,Chair,Office,195.0,5,Yes,Yes,2025-02-24 10:52:48.306712
CUST0475,Home,Table,Study,698.19,3,No,No,2025-03-20 12:21:24.306712
CUST0496,Books,Biography,Historical,615.02,3,No,No,2025-02-06 20:21:13.306712
CUST0925,Clothing,Jeans,Regular,432.72,3,Yes,No,2025-03-01 07:35:29.306712
CUST0331,Electronics,Mobile,Android,747.69,3,Yes,Yes,2025-03-23 07:57:50.306712
CUST0663,Toys,Doll,Barbie,579.95,3,Yes,Yes,2025-02-28 04:06:33.306712
CUST0935,Books,Novel,Fiction,864.08,5,No,No,2025-04-07 17:30:36.306712
CUST0523,Electronics,Laptop,Gaming,471.48,1,Yes,No,2025-03-18 14:57:24.306712
CUST0591,Toys,Puzzle,3D,591.03,1,Yes,No,2025-04-05 07:03:50.306712
CUST0271,Books,Biography,Celebrity,432.07,2,No,No,2025-03-13 04:12:04.306712
CUST0782,Books,Textbook,Science,464.89,1,No,No,2025-02-28 14:01:26.306712
CUST0156,Electronics,Laptop,Gaming,50.0,3,No,No,2025-03-27 09:27:23.306712
CUST0959,Clothing,Jeans,Slim,449.88,2,No,No,2025-02-18 06:17:31.306712
CUST0400,Books,Textbook,Math,761.16,6,No,No,2025-03-30 11:52:20.306712
CUST0753,Electronics,Mobile,Android,730.99,4,No,No,2025-02-16 07:43:04.306712
CUST0776,Clothing,Jeans,Regular,174.87,2,No,No,2025-03-23 22:34:20.306712
CUST0148,Home,Lamp,Halogen,441.24,5,No,No,2025-03-25 03:44:31.306712
CUST0754,Books,Biography,Historical,321.24,1,Yes,No,2025-02-13 14:15:57.306712
CUST0747,Electronics,Laptop,Gaming,411.37,5,No,No,2025-03-26 22:46:55.306712
CUST0057,Books,Novel,Fiction,926.5,1,No,No,2025-03-17 20:32:26.306712
CUST0610,Home,Lamp,Halogen,689.42,3,No,No,2025-02-08 12:45:21.306712
CUST0971,Books,Textbook,Math,394.74,2,No,No,2025-01-31 07:35:14.306712
CUST0697,Books,Novel,Mystery,902.97,2,No,No,2025-03-13 16:11:27.306712
CUST0715,Toys,Puzzle,3D,490.16,3,Yes,No,2025-02-05 11:22:07.306712
CUST0110,Toys,Doll,Barbie,664.01,2,Yes,No,2025-04-07 01:37:21.306712
CUST0986,Books,Biography,Celebrity,746.1,6,No,No,2025-03-22 06:44:35.306712
CUST0306,Home,Chair,Office,667.81,1,No,No,2025-03-11 02:51:00.306712
CUST0327,Electronics,Headphones,Wired,913.84,2,No,No,2025-02-20 16:32:16.306712
CUST0911,Books,Novel,Fiction,641.14,3,No,No,2025-01-19 11:53:24.306712
CUST0668,Books,Novel,Mystery,483.66,1,No,No,2025-01-27 14:17:36.306712
CUST0729,Electronics,Mobile,iOS,879.96,2,Yes,No,2025-03-20 09:58:24.306712
CUST0080,Books,Biography,Historical,488.09,4,Yes,Yes,2025-02-27 09:29:12.306712
CUST0892,Electronics,Laptop,Gaming,767.38,3,Yes,Yes,2025-03-26 10:36:49.306712
CUST0670,Home,Chair,Dining,335.78,1,No,No,2025-03-27 04:37:26.306712
CUST0647,Clothing,Jacket,Denim,592.1,4,No,No,2025-02-17 22:27:29.306712
CUST0954,Clothing,Jeans,Slim,573.04,4,No,No,2025-03-28 19:45:49.306712
CUST0822,Toys,Doll,Action,495.65,3,No,No,2025-02-25 07:01:47.306712
CUST0472,Books,Textbook,Math,817.85,1,No,No,2025-02-14 23:58:03.306712
CUST0370,Home,Table,Coffee,359.86,6,No,No,2025-02-28 13:10:32.306712
CUST0092,Clothing,Jacket,Denim,727.39,2,Yes,No,2025-03-13 15:14:15.306712
CUST0784,Toys,Puzzle,3D,649.94,1,Yes,No,2025-02-10 21:38:22.306712
CUST0721,Toys,Puzzle,3D,587.84,3,Yes,Yes,2025-03-18 06:47:30.306712
CUST0131,Toys,Puzzle,Jigsaw,366.43,5,No,No,2025-03-29 20:15:02.306712
CUST0713,Electronics,Mobile,Android,167.16,3,No,No,2025-02-20 11:31:08.306712
CUST0522,Toys,Puzzle,3D,214.62,3,Yes,No,2025-02-23 08:29:11.306712
CUST0021,Clothing,T-Shirt,Round Neck,390.19,3,No,No,2025-02-24 16:47:50.306712
CUST0777,Toys,Car,Remote Control,370.9,2,No,No,2025-01-20 20:41:40.306712
CUST0369,Books,Biography,Historical,351.54,3,Yes,No,2025-03-26 12:50:12.306712
CUST0623,Electronics,Headphones,Wired,960.21,3,No,No,2025-01-30 06:48:44.306712
CUST0718,Home,Chair,Dining,647.75,2,No,No,2025-03-31 20:10:28.306712
CUST0424,Electronics,Laptop,Ultrabook,477.28,2,No,No,2025-03-19 05:06:15.306712
CUST0929,Home,Lamp,LED,310.31,5,No,No,2025-01-28 13:42:03.306712
CUST0226,Home,Lamp,LED,63.37,1,No,No,2025-03-21 13:53:25.306712
CUST0560,Home,Table,Study,623.49,5,Yes,No,2025-04-07 22:34:41.306712
CUST0920,Books,Novel,Fiction,545.62,5,No,No,2025-03-30 14:40:10.306712
CUST0683,Clothing,T-Shirt,Round Neck,220.52,5,Yes,No,2025-02-04 03:21:23.306712
CUST0817,Clothing,Jeans,Slim,555.34,2,No,No,2025-03-07 05:52:29.306712
CUST0875,Books,Textbook,Science,622.98,1,No,No,2025-01-23 14:14:12.306712
CUST0384,Clothing,Jeans,Regular,413.15,4,No,No,2025-02-11 16:00:00.306712
CUST0497,Clothing,Jeans,Regular,254.78,4,No,No,2025-04-06 01:59:35.306712
CUST0756,Books,Biography,Celebrity,471.8,3,No,No,2025-02-09 09:36:47.306712
CUST0693,Home,Lamp,LED,439.37,7,No,No,2025-02-26 16:05:14.306712
CUST0701,Clothing,Jacket,Leather,701.63,4,No,No,2025-01-23 11:31:47.306712
CUST0777,Electronics,Mobile,iOS,160.12,2,No,No,2025-03-24 23:50:41.306712
CUST0701,Electronics,Headphones,Wireless,641.11,2,Yes,No,2025-03-06 22:07:28.306712
CUST0492,Home,Lamp,Halogen,348.58,3,Yes,No,2025-02-16 13:12:19.306712
CUST0769,Electronics,Headphones,Wired,625.74,7,No,No,2025-03-07 05:20:09.306712
CUST0114,Electronics,Laptop,Gaming,61.22,5,Yes,Yes,2025-03-09 01:47:05.306712
CUST0927,Toys,Car,Remote Control,366.52,4,Yes,Yes,2025-03-02 06:13:52.306712
CUST0824,Home,Lamp,Halogen,636.18,1,No,No,2025-02-24 18:23:19.306712
CUST0082,Toys,Puzzle,3D,560.2,4,Yes,No,2025-03-29 10:58:18.306712
CUST0748,Toys,Doll,Action,822.73,2,No,No,2025-02-01 07:55:54.306712
CUST0850,Books,Textbook,Science,311.15,4,No,No,2025-02-20 05:51:00.306712
CUST0782,Home,Chair,Office,484.27,0,No,No,2025-02-05 05:23:32.306712
CUST0308,Books,Biography,Celebrity,904.64,5,No,No,2025-03-26 17:16:20.306712
CUST0588,Books,Novel,Fiction,488.81,3,No,No,2025-03-01 01:32:42.306712
CUST0592,Clothing,T-Shirt,V-Neck,519.36,3,No,No,2025-04-12 19:40:17.306712
CUST0914,Clothing,Jacket,Leather,390.71,4,Yes,No,2025-01-20 17:15:03.306712
CUST0354,Electronics,Mobile,Android,614.73,3,No,No,2025-03-01 14:09:18.306712
CUST0298,Clothing,Jacket,Denim,338.38,2,Yes,No,2025-02-06 06:47:57.306712
CUST0296,Home,Chair,Dining,314.14,8,Yes,No,2025-01-24 16:52:46.306712
CUST0615,Home,Chair,Dining,972.68,1,No,No,2025-04-11 16:39:23.306712
CUST0649,Electronics,Laptop,Ultrabook,465.89,2,No,No,2025-01-26 04:26:19.306712
CUST0770,Books,Novel,Mystery,650.99,2,No,No,2025-04-07 10:09:43.306712
CUST0931,Toys,Doll,Barbie,541.93,3,No,No,2025-03-12 07:03:14.306712
CUST0078,Home,Lamp,Halogen,463.41,1,Yes,No,2025-02-26 06:52:03.306712
CUST0242,Books,Biography,Historical,551.47,3,No,No,2025-03-10 01:23:08.306712
CUST0546,Home,Table,Coffee,602.43,3,No,No,2025-03-13 09:26:43.306712
CUST0571,Electronics,Laptop,Ultrabook,334.04,6,No,No,2025-03-01 13:36:36.306712
CUST0738,Clothing,Jeans,Regular,960.34,0,No,No,2025-02-17 22:20:15.306712
CUST0210,Toys,Doll,Action,524.37,2,Yes,No,2025-03-05 09:08:48.306712
CUST0462,Home,Table,Study,310.25,0,Yes,No,2025-04-11 04:42:45.306712
CUST0671,Home,Lamp,LED,1076.32,7,No,No,2025-02-06 06:29:17.306712
CUST0116,Toys,Car,Remote Control,603.99,5,No,No,2025-02-07 23:44:29.306712
CUST0271,Toys,Doll,Barbie,623.27,3,Yes,No,2025-02-06 02:48:06.306712
CUST0865,Toys,Doll,Barbie,627.43,2,No,No,2025-02-15 10:00:24.306712
CUST0491,Home,Lamp,Halogen,812.35,2,No,No,2025-03-01 10:32:29.306712
CUST0285,Clothing,Jeans,Slim,412.92,5,Yes,Yes,2025-02-04 02:06:19.306712
CUST0520,Home,Table,Study,175.73,3,No,No,2025-02-25 15:40:19.306712
CUST0379,Books,Novel,Fiction,750.98,7,Yes,No,2025-03-27 21:42:07.306712
CUST0577,Toys,Doll,Action,550.14,3,No,No,2025-02-18 18:05:01.306712
CUST0505,Toys,Car,Electric,556.83,3,No,No,2025-01-25 19:44:38.306712
CUST0749,Clothing,Jacket,Leather,410.68,2,Yes,No,2025-03-16 13:45:48.306712
CUST0798,Electronics,Mobile,iOS,443.43,9,Yes,No,2025-02-13 13:07:53.306712
CUST0294,Home,Table,Coffee,483.16,2,No,No,2025-02-25 01:09:56.306712
CUST0236,Books,Biography,Celebrity,586.16,3,No,No,2025-02-10 02:51:40.306712
CUST0034,Home,Table,Coffee,356.09,2,Yes,No,2025-03-10 00:14:56.306712
CUST0230,Home,Lamp,LED,303.12,2,No,No,2025-02-10 16:59:57.306712
CUST0419,Clothing,Jacket,Denim,384.87,2,No,No,2025-01-23 12:33:21.306712
CUST0138,Clothing,Jacket,Leather,685.55,5,No,No,2025-02-06 11:40:01.306712
CUST0961,Electronics,Laptop,Ultrabook,575.67,5,Yes,Yes,2025-02-18 14:41:48.306712
CUST0899,Clothing,Jacket,Denim,485.33,1,No,No,2025-03-13 23:30:19.306712
CUST0968,Books,Biography,Historical,223.61,4,No,No,2025-03-09 21:08:52.306712
CUST0406,Clothing,Jacket,Leather,661.15,1,Yes,No,2025-03-25 09:46:31.306712
CUST0721,Electronics,Headphones,Wired,369.41,2,No,No,2025-04-12 11:09:55.306712
CUST0001,Toys,Doll,Action,666.73,2,Yes,No,2025-03-28 16:14:04.306712
CUST0645,Home,Table,Study,687.57,2,Yes,No,2025-03-03 11:11:00.306712
CUST0668,Toys,Puzzle,3D,620.21,2,No,No,2025-01-31 23:44:20.306712
CUST0477,Books,Novel,Fiction,534.28,4,Yes,No,2025-02-28 00:43:53.306712
CUST0467,Clothing,Jacket,Leather,420.27,3,Yes,No,2025-04-05 14:27:41.306712
CUST0395,Books,Novel,Mystery,444.06,4,Yes,No,2025-03-02 22:00:05.306712
CUST0516,Home,Lamp,LED,513.0,1,No,No,2025-03-31 07:16:47.306712
CUST0901,Electronics,Headphones,Wired,284.41,1,No,No,2025-02-09 10:41:14.306712
CUST0373,Electronics,Laptop,Gaming,560.36,2,Yes,No,2025-03-12 19:42:16.306712
CUST0410,Clothing,Jacket,Leather,626.32,4,No,No,2025-03-21 03:19:25.306712
CUST0084,Electronics,Laptop,Gaming,602.29,3,No,No,2025-03-23 12:11:01.306712
CUST0187,Clothing,Jeans,Regular,958.44,0,No,No,2025-01-27 20:24:21.306712
CUST0460,Toys,Puzzle,3D,421.81,2,No,No,2025-02-10 15:07:59.306712
CUST0396,Clothing,T-Shirt,V-Neck,541.16,4,No,No,2025-03-14 19:35:27.306712
CUST0312,Electronics,Headphones,Wired,616.02,7,No,No,2025-02-23 19:21:03.306712
